,date,weather_code,temperature_2m_mean,snowfall_sum,precipitation_sum,rain_sum,wind_speed_10m_max,weather_category
0,2015-01-01 07:00:00+00:00,1.0,15.677451,0.0,0.0,0.0,13.798864,Mainly clear
1,2015-01-02 07:00:00+00:00,2.0,23.319948,0.0,0.0,0.0,9.83517,Partly cloudy
2,2015-01-03 07:00:00+00:00,3.0,22.84745,0.0,0.0,0.0,8.849589,Overcast
3,2015-01-04 07:00:00+00:00,71.0,28.47245,0.027559055,0.0,0.0,14.54222,Slight snow fall
4,2015-01-05 07:00:00+00:00,3.0,15.46745,0.0,0.0,0.0,13.876615,Overcast
5,2015-01-06 07:00:00+00:00,3.0,18.553701,0.0,0.0,0.0,8.634936,Overcast
6,2015-01-07 07:00:00+00:00,1.0,20.856201,0.0,0.0,0.0,12.986165,Mainly clear
7,2015-01-08 07:00:00+00:00,1.0,20.7812,0.0,0.0,0.0,13.030404,Mainly clear
8,2015-01-09 07:00:00+00:00,0.0,22.014952,0.0,0.0,0.0,11.187237,Clear sky
9,2015-01-10 07:00:00+00:00,0.0,23.859953,0.0,0.0,0.0,10.408663,Clear sky
10,2015-01-11 07:00:00+00:00,0.0,25.764948,0.0,0.0,0.0,9.05916,Clear sky
11,2015-01-12 07:00:00+00:00,3.0,27.748701,0.0,0.0,0.0,8.908766,Overcast
12,2015-01-13 07:00:00+00:00,73.0,26.383698,0.46850383,0.047244094,0.0,6.639784,Moderate snow fall
13,2015-01-14 07:00:00+00:00,3.0,21.66245,0.0,0.0,0.0,12.725366,Overcast
14,2015-01-15 07:00:00+00:00,1.0,18.744951,0.0,0.0,0.0,13.228598,Mainly clear
15,2015-01-16 07:00:00+00:00,3.0,17.8712,0.0,0.0,0.0,8.640729,Overcast
16,2015-01-17 07:00:00+00:00,71.0,22.618704,0.2480315,0.015748031,0.0,20.870144,Slight snow fall
17,2015-01-18 07:00:00+00:00,3.0,21.48995,0.0,0.0,0.0,19.171755,Overcast
18,2015-01-19 07:00:00+00:00,2.0,25.464945,0.0,0.0,0.0,10.559019,Partly cloudy
19,2015-01-20 07:00:00+00:00,2.0,18.831202,0.0,0.0,0.0,10.321762,Partly cloudy
20,2015-01-21 07:00:00+00:00,3.0,19.26995,0.0,0.0,0.0,9.223387,Overcast
21,2015-01-22 07:00:00+00:00,2.0,24.7037,0.0,0.0,0.0,9.490787,Partly cloudy
22,2015-01-23 07:00:00+00:00,71.0,26.8262,0.11023622,0.007874016,0.0,8.084209,Slight snow fall
23,2015-01-24 07:00:00+00:00,71.0,26.37995,0.05511811,0.003937008,0.0,7.0064893,Slight snow fall
24,2015-01-25 07:00:00+00:00,3.0,23.46245,0.0,0.0,0.0,12.695837,Overcast
25,2015-01-26 07:00:00+00:00,3.0,10.0449505,0.0,0.0,0.0,12.479173,Overcast
26,2015-01-27 07:00:00+00:00,3.0,17.754951,0.0,0.0,0.0,6.5027094,Overcast
27,2015-01-28 07:00:00+00:00,73.0,20.96495,0.6889764,0.09055118,0.0,10.31206,Moderate snow fall
28,2015-01-29 07:00:00+00:00,0.0,12.93995,0.0,0.0,0.0,9.538123,Clear sky
29,2015-01-30 07:00:00+00:00,3.0,11.421201,0.0,0.0,0.0,5.7032533,Overcast
30,2015-01-31 07:00:00+00:00,71.0,17.147451,0.13779527,0.0,0.0,4.0328093,Slight snow fall
31,2015-02-01 07:00:00+00:00,71.0,21.846199,0.027559055,0.0,0.0,3.9067528,Slight snow fall
32,2015-02-02 07:00:00+00:00,73.0,21.276201,0.24803151,0.031496063,0.0,8.396949,Moderate snow fall
33,2015-02-03 07:00:00+00:00,0.0,16.119947,0.0,0.0,0.0,9.182606,Clear sky
34,2015-02-04 07:00:00+00:00,0.0,18.437449,0.0,0.0,0.0,9.650264,Clear sky
35,2015-02-05 07:00:00+00:00,3.0,20.871202,0.0,0.0,0.0,7.2865787,Overcast
36,2015-02-06 07:00:00+00:00,1.0,21.18995,0.0,0.0,0.0,12.875874,Mainly clear
37,2015-02-07 07:00:00+00:00,0.0,13.2062,0.0,0.0,0.0,12.821347,Clear sky
38,2015-02-08 07:00:00+00:00,0.0,21.058702,0.0,0.0,0.0,7.5031257,Clear sky
39,2015-02-09 07:00:00+00:00,2.0,25.5137,0.0,0.0,0.0,10.746917,Partly cloudy
40,2015-02-10 07:00:00+00:00,3.0,26.079954,0.0,0.0,0.0,11.641,Overcast
41,2015-02-11 07:00:00+00:00,3.0,24.471199,0.0,0.0,0.0,7.8038926,Overcast
42,2015-02-12 07:00:00+00:00,0.0,25.873701,0.0,0.0,0.0,12.970742,Clear sky
43,2015-02-13 07:00:00+00:00,1.0,33.04745,0.0,0.0,0.0,12.782258,Mainly clear
44,2015-02-14 07:00:00+00:00,3.0,34.011196,0.0,0.0,0.0,14.428216,Overcast
45,2015-02-15 07:00:00+00:00,0.0,28.269949,0.0,0.0,0.0,17.095129,Clear sky
46,2015-02-16 07:00:00+00:00,3.0,29.60495,0.0,0.0,0.0,10.665118,Overcast
47,2015-02-17 07:00:00+00:00,0.0,30.309946,0.0,0.0,0.0,9.003752,Clear sky
48,2015-02-18 07:00:00+00:00,73.0,32.66495,1.019685,0.14173228,0.0,11.504793,Moderate snow fall
49,2015-02-19 07:00:00+00:00,71.0,32.983704,0.30314958,0.0,0.0,10.74226,Slight snow fall
50,2015-02-20 07:00:00+00:00,73.0,26.972452,0.24803151,0.031496063,0.0,22.218489,Moderate snow fall
51,2015-02-21 07:00:00+00:00,0.0,12.03995,0.0,0.0,0.0,20.660484,Clear sky
52,2015-02-22 07:00:00+00:00,3.0,17.683699,0.0,0.0,0.0,11.55687,Overcast
53,2015-02-23 07:00:00+00:00,3.0,26.694952,0.0,0.0,0.0,12.424919,Overcast
54,2015-02-24 07:00:00+00:00,3.0,22.993704,0.0,0.0,0.0,15.188554,Overcast
55,2015-02-25 07:00:00+00:00,3.0,18.69995,0.0,0.0,0.0,11.6324005,Overcast
56,2015-02-26 07:00:00+00:00,73.0,24.159948,0.60629916,0.08267717,0.0,11.478665,Moderate snow fall
57,2015-02-27 07:00:00+00:00,73.0,26.754946,1.2401575,0.17322832,0.0,18.717422,Moderate snow fall
58,2015-02-28 07:00:00+00:00,3.0,16.5737,0.0,0.0,0.0,18.808104,Overcast
59,2015-03-01 07:00:00+00:00,3.0,22.524948,0.0,0.0,0.0,13.711551,Overcast
60,2015-03-02 07:00:00+00:00,71.0,21.557451,0.13779527,0.015748031,0.0,15.0145855,Slight snow fall
61,2015-03-03 07:00:00+00:00,3.0,17.912453,0.0,0.0,0.0,8.133579,Overcast
62,2015-03-04 07:00:00+00:00,3.0,24.268702,0.0,0.0,0.0,13.806114,Overcast
63,2015-03-05 07:00:00+00:00,3.0,29.814947,0.0,0.0,0.0,14.5405,Overcast
64,2015-03-06 07:00:00+00:00,1.0,32.259953,0.0,0.0,0.0,14.227389,Mainly clear
65,2015-03-07 07:00:00+00:00,3.0,33.62495,0.0,0.0,0.0,12.875874,Overcast
66,2015-03-08 07:00:00+00:00,0.0,21.081202,0.0,0.0,0.0,13.422,Clear sky
67,2015-03-09 07:00:00+00:00,1.0,21.51995,0.0,0.0,0.0,11.864539,Mainly clear
68,2015-03-10 07:00:00+00:00,1.0,26.0012,0.0,0.0,0.0,12.875874,Mainly clear
69,2015-03-11 07:00:00+00:00,3.0,31.914948,0.0,0.0,0.0,11.6324005,Overcast
70,2015-03-12 07:00:00+00:00,3.0,33.33995,0.0,0.0,0.0,12.50521,Overcast
71,2015-03-13 07:00:00+00:00,3.0,36.48245,0.0,0.0,0.0,22.156464,Overcast
72,2015-03-14 07:00:00+00:00,0.0,33.527447,0.0,0.0,0.0,21.9226,Clear sky
73,2015-03-15 07:00:00+00:00,3.0,46.067455,0.0,0.0,0.0,16.107952,Overcast
74,2015-03-16 07:00:00+00:00,3.0,38.67995,0.0,0.0,0.0,16.567398,Overcast
75,2015-03-17 07:00:00+00:00,3.0,42.2087,0.0,0.0,0.0,10.20229,Overcast
76,2015-03-18 07:00:00+00:00,3.0,40.022453,0.0,0.0,0.0,15.59656,Overcast
77,2015-03-19 07:00:00+00:00,2.0,39.2087,0.0,0.0,0.0,21.256208,Partly cloudy
78,2015-03-20 07:00:00+00:00,0.0,37.13495,0.0,0.0,0.0,21.717342,Clear sky
79,2015-03-21 07:00:00+00:00,3.0,36.426197,0.0,0.0,0.0,9.845341,Overcast
80,2015-03-22 07:00:00+00:00,0.0,35.17745,0.0,0.0,0.0,8.325127,Clear sky
81,2015-03-23 07:00:00+00:00,1.0,38.492447,0.0,0.0,0.0,5.5924997,Mainly clear
82,2015-03-24 07:00:00+00:00,51.0,39.767452,0.0,0.007874016,0.007874016,6.651079,Light drizzle
83,2015-03-25 07:00:00+00:00,3.0,42.25745,0.0,0.0,0.0,8.880636,Overcast
84,2015-03-26 07:00:00+00:00,3.0,44.192455,0.0,0.0,0.0,12.93017,Overcast
85,2015-03-27 07:00:00+00:00,3.0,47.466198,0.0,0.0,0.0,13.718848,Overcast
86,2015-03-28 07:00:00+00:00,3.0,44.803696,0.0,0.0,0.0,16.107952,Overcast
87,2015-03-29 07:00:00+00:00,3.0,57.606197,0.0,0.0,0.0,16.7775,Overcast
88,2015-03-30 07:00:00+00:00,3.0,56.0687,0.0,0.0,0.0,16.626192,Overcast
89,2015-03-31 07:00:00+00:00,55.0,48.27245,0.0,0.22834645,0.22834645,20.514645,Dense drizzle
90,2015-04-01 07:00:00+00:00,73.0,37.183697,0.992126,0.6417322,0.49999997,17.830168,Moderate snow fall
91,2015-04-02 07:00:00+00:00,3.0,39.22745,0.0,0.0,0.0,12.752862,Overcast
92,2015-04-03 07:00:00+00:00,61.0,45.369946,0.0,0.26771653,0.26771653,16.51294,Slight rain
93,2015-04-04 07:00:00+00:00,3.0,37.206196,0.0,0.0,0.0,12.912743,Overcast
94,2015-04-05 07:00:00+00:00,3.0,31.693705,0.0,0.0,0.0,11.463397,Overcast
95,2015-04-06 07:00:00+00:00,3.0,30.15245,0.0,0.0,0.0,8.468161,Overcast
96,2015-04-07 07:00:00+00:00,3.0,34.877457,0.0,0.0,0.0,6.8035703,Overcast
97,2015-04-08 07:00:00+00:00,2.0,38.91245,0.0,0.0,0.0,13.505627,Partly cloudy
98,2015-04-09 07:00:00+00:00,3.0,41.721203,0.0,0.0,0.0,14.15687,Overcast
99,2015-04-10 07:00:00+00:00,3.0,44.32745,0.0,0.0,0.0,17.768316,Overcast
100,2015-04-11 07:00:00+00:00,3.0,34.228703,0.0,0.0,0.0,21.057526,Overcast
101,2015-04-12 07:00:00+00:00,3.0,32.58995,0.0,0.0,0.0,19.838799,Overcast
102,2015-04-13 07:00:00+00:00,3.0,40.284954,0.0,0.0,0.0,10.970427,Overcast
103,2015-04-14 07:00:00+00:00,3.0,53.49245,0.0,0.0,0.0,15.909458,Overcast
104,2015-04-15 07:00:00+00:00,3.0,41.023697,0.0,0.0,0.0,22.571539,Overcast
105,2015-04-16 07:00:00+00:00,3.0,46.50995,0.0,0.0,0.0,12.046614,Overcast
106,2015-04-17 07:00:00+00:00,51.0,52.697453,0.0,0.031496067,0.031496067,8.727168,Light drizzle
107,2015-04-18 07:00:00+00:00,53.0,44.826202,0.0,0.051181104,0.051181104,9.309791,Moderate drizzle
108,2015-04-19 07:00:00+00:00,3.0,44.71745,0.0,0.0,0.0,8.790015,Overcast
109,2015-04-20 07:00:00+00:00,1.0,50.301197,0.0,0.0,0.0,20.139212,Mainly clear
110,2015-04-21 07:00:00+00:00,3.0,49.217453,0.0,0.0,0.0,20.288986,Overcast
111,2015-04-22 07:00:00+00:00,3.0,59.0387,0.0,0.0,0.0,12.752861,Overcast
112,2015-04-23 07:00:00+00:00,3.0,51.7262,0.0,0.0,0.0,13.468523,Overcast
113,2015-04-24 07:00:00+00:00,0.0,57.208706,0.0,0.0,0.0,7.6058,Clear sky
114,2015-04-25 07:00:00+00:00,1.0,59.582447,0.0,0.0,0.0,7.6876025,Mainly clear
115,2015-04-26 07:00:00+00:00,3.0,61.776203,0.0,0.0,0.0,13.607141,Overcast
116,2015-04-27 07:00:00+00:00,1.0,57.82745,0.0,0.0,0.0,16.70726,Mainly clear
117,2015-04-28 07:00:00+00:00,0.0,60.718704,0.0,0.0,0.0,6.905775,Clear sky
118,2015-04-29 07:00:00+00:00,0.0,66.10746,0.0,0.0,0.0,12.672167,Clear sky
119,2015-04-30 07:00:00+00:00,61.0,62.091198,0.0,0.3149606,0.3149606,14.6279955,Slight rain
120,2015-05-01 07:00:00+00:00,3.0,54.8687,0.0,0.0,0.0,12.758746,Overcast
121,2015-05-02 07:00:00+00:00,3.0,54.4487,0.0,0.0,0.0,14.40218,Overcast
122,2015-05-03 07:00:00+00:00,0.0,47.5637,0.0,0.0,0.0,15.846425,Clear sky
123,2015-05-04 07:00:00+00:00,3.0,56.492447,0.0,0.0,0.0,14.20627,Overcast
124,2015-05-05 07:00:00+00:00,3.0,51.231197,0.0,0.0,0.0,12.592939,Overcast
125,2015-05-06 07:00:00+00:00,51.0,52.659958,0.0,0.007874016,0.007874016,15.226396,Light drizzle
126,2015-05-07 07:00:00+00:00,3.0,54.861206,0.0,0.0,0.0,14.487058,Overcast
127,2015-05-08 07:00:00+00:00,3.0,58.701202,0.0,0.0,0.0,10.516279,Overcast
128,2015-05-09 07:00:00+00:00,63.0,55.8062,0.0,0.4448819,0.4448819,19.929398,Moderate rain
129,2015-05-10 07:00:00+00:00,51.0,45.017445,0.0,0.015748031,0.015748031,20.164045,Light drizzle
130,2015-05-11 07:00:00+00:00,51.0,51.21245,0.0,0.0118110245,0.0118110245,19.87282,Light drizzle
131,2015-05-12 07:00:00+00:00,51.0,62.049946,0.0,0.007874016,0.007874016,16.627697,Light drizzle
132,2015-05-13 07:00:00+00:00,3.0,58.809948,0.0,0.0,0.0,16.134338,Overcast
133,2015-05-14 07:00:00+00:00,2.0,54.8537,0.0,0.0,0.0,15.311606,Partly cloudy
134,2015-05-15 07:00:00+00:00,0.0,56.14745,0.0,0.0,0.0,12.211643,Clear sky
135,2015-05-16 07:00:00+00:00,3.0,68.02744,0.0,0.0,0.0,20.596199,Overcast
136,2015-05-17 07:00:00+00:00,3.0,60.216198,0.0,0.0,0.0,18.685312,Overcast
137,2015-05-18 07:00:00+00:00,3.0,57.8387,0.0,0.0,0.0,15.6589985,Overcast
138,2015-05-19 07:00:00+00:00,3.0,54.354946,0.0,0.0,0.0,14.179829,Overcast
139,2015-05-20 07:00:00+00:00,3.0,59.983704,0.0,0.0,0.0,14.220354,Overcast
140,2015-05-21 07:00:00+00:00,3.0,61.757446,0.0,0.0,0.0,8.95359,Overcast
141,2015-05-22 07:00:00+00:00,1.0,66.66996,0.0,0.0,0.0,7.2831445,Mainly clear
142,2015-05-23 07:00:00+00:00,2.0,69.6287,0.0,0.0,0.0,11.666765,Partly cloudy
143,2015-05-24 07:00:00+00:00,51.0,69.74495,0.0,0.003937008,0.003937008,15.889001,Light drizzle
144,2015-05-25 07:00:00+00:00,3.0,74.92746,0.0,0.0,0.0,8.084209,Overcast
145,2015-05-26 07:00:00+00:00,3.0,75.639946,0.0,0.0,0.0,8.905957,Overcast
146,2015-05-27 07:00:00+00:00,51.0,75.93995,0.0,0.007874016,0.007874016,15.500005,Light drizzle
147,2015-05-28 07:00:00+00:00,3.0,66.7712,0.0,0.0,0.0,11.677483,Overcast
148,2015-05-29 07:00:00+00:00,3.0,67.078705,0.0,0.0,0.0,11.773507,Overcast
149,2015-05-30 07:00:00+00:00,2.0,71.601204,0.0,0.0,0.0,17.4486,Partly cloudy
150,2015-05-31 07:00:00+00:00,3.0,73.633705,0.0,0.0,0.0,17.985258,Overcast
151,2015-06-01 07:00:00+00:00,3.0,67.6637,0.0,0.0,0.0,13.219137,Overcast
152,2015-06-02 07:00:00+00:00,51.0,66.93996,0.0,0.003937008,0.003937008,12.83695,Light drizzle
153,2015-06-03 07:00:00+00:00,53.0,58.592453,0.0,0.35039365,0.35039365,21.038504,Moderate drizzle
154,2015-06-04 07:00:00+00:00,51.0,64.0112,0.0,0.01968504,0.01968504,21.646948,Light drizzle
155,2015-06-05 07:00:00+00:00,2.0,65.0687,0.0,0.0,0.0,20.464577,Partly cloudy
156,2015-06-06 07:00:00+00:00,51.0,58.746197,0.0,0.015748031,0.015748031,16.24407,Light drizzle
157,2015-06-07 07:00:00+00:00,3.0,60.58746,0.0,0.0,0.0,14.5680065,Overcast
158,2015-06-08 07:00:00+00:00,3.0,73.1162,0.0,0.0,0.0,15.732329,Overcast
159,2015-06-09 07:00:00+00:00,51.0,67.35995,0.0,0.047244094,0.047244094,21.975039,Light drizzle
160,2015-06-10 07:00:00+00:00,53.0,58.986202,0.0,0.078740165,0.078740165,21.485683,Moderate drizzle
161,2015-06-11 07:00:00+00:00,51.0,62.034958,0.0,0.015748031,0.015748031,19.73891,Light drizzle
162,2015-06-12 07:00:00+00:00,51.0,59.6837,0.0,0.011811024,0.011811024,18.514471,Light drizzle
163,2015-06-13 07:00:00+00:00,51.0,64.202446,0.0,0.007874016,0.007874016,8.358121,Light drizzle
164,2015-06-14 07:00:00+00:00,3.0,69.93244,0.0,0.0,0.0,10.14326,Overcast
165,2015-06-15 07:00:00+00:00,55.0,68.1662,0.0,0.14173228,0.14173228,8.863716,Dense drizzle
166,2015-06-16 07:00:00+00:00,3.0,70.5662,0.0,0.0,0.0,12.908866,Overcast
167,2015-06-17 07:00:00+00:00,1.0,67.76121,0.0,0.0,0.0,14.4316845,Mainly clear
168,2015-06-18 07:00:00+00:00,3.0,66.227455,0.0,0.0,0.0,13.30592,Overcast
169,2015-06-19 07:00:00+00:00,3.0,64.764946,0.0,0.0,0.0,13.784349,Overcast
170,2015-06-20 07:00:00+00:00,53.0,68.42495,0.0,0.03937008,0.03937008,7.599218,Moderate drizzle
171,2015-06-21 07:00:00+00:00,61.0,63.066193,0.0,0.28740156,0.28740156,5.217536,Slight rain
172,2015-06-22 07:00:00+00:00,51.0,69.37745,0.0,0.003937008,0.003937008,11.546041,Light drizzle
173,2015-06-23 07:00:00+00:00,55.0,67.43496,0.0,0.3188976,0.3188976,11.364753,Dense drizzle
174,2015-06-24 07:00:00+00:00,53.0,66.8912,0.0,0.027559055,0.027559055,6.949117,Moderate drizzle
175,2015-06-25 07:00:00+00:00,51.0,69.81621,0.0,0.015748031,0.015748031,6.8035703,Light drizzle
176,2015-06-26 07:00:00+00:00,3.0,74.46245,0.0,0.0,0.0,7.5031257,Overcast
177,2015-06-27 07:00:00+00:00,55.0,76.04121,0.0,0.1456693,0.1456693,8.133579,Dense drizzle
178,2015-06-28 07:00:00+00:00,61.0,69.29121,0.0,0.29527557,0.29527557,12.592939,Slight rain
179,2015-06-29 07:00:00+00:00,61.0,69.3137,0.0,0.17716536,0.17716536,11.184999,Slight rain
180,2015-06-30 07:00:00+00:00,2.0,70.35245,0.0,0.0,0.0,14.675811,Partly cloudy
181,2015-07-01 07:00:00+00:00,2.0,68.3912,0.0,0.0,0.0,14.121477,Partly cloudy
182,2015-07-02 07:00:00+00:00,3.0,69.40745,0.0,0.0,0.0,10.1284485,Overcast
183,2015-07-03 07:00:00+00:00,2.0,73.29995,0.0,0.0,0.0,14.148029,Partly cloudy
184,2015-07-04 07:00:00+00:00,3.0,77.34619,0.0,0.0,0.0,12.695837,Overcast
185,2015-07-05 07:00:00+00:00,53.0,72.6737,0.0,0.06692913,0.06692913,10.049087,Moderate drizzle
186,2015-07-06 07:00:00+00:00,3.0,74.76995,0.0,0.0,0.0,8.948,Overcast
187,2015-07-07 07:00:00+00:00,3.0,76.3037,0.0,0.0,0.0,8.213173,Overcast
188,2015-07-08 07:00:00+00:00,51.0,78.35495,0.0,0.0118110245,0.0118110245,11.4087,Light drizzle
189,2015-07-09 07:00:00+00:00,51.0,73.8137,0.0,0.031496063,0.031496063,6.818264,Light drizzle
190,2015-07-10 07:00:00+00:00,55.0,73.58119,0.0,0.051181104,0.051181104,6.1058216,Dense drizzle
191,2015-07-11 07:00:00+00:00,3.0,76.3712,0.0,0.0,0.0,6.502709,Overcast
192,2015-07-12 07:00:00+00:00,3.0,80.05744,0.0,0.0,0.0,8.5475645,Overcast
193,2015-07-13 07:00:00+00:00,3.0,77.61996,0.0,0.0,0.0,9.986646,Overcast
194,2015-07-14 07:00:00+00:00,53.0,74.559944,0.0,0.027559055,0.027559055,10.693234,Moderate drizzle
195,2015-07-15 07:00:00+00:00,53.0,67.54369,0.0,0.08661418,0.08661418,8.750073,Moderate drizzle
196,2015-07-16 07:00:00+00:00,51.0,69.23495,0.0,0.039370082,0.039370082,8.204028,Light drizzle
197,2015-07-17 07:00:00+00:00,63.0,66.107445,0.0,0.33070862,0.33070862,5.405955,Moderate rain
198,2015-07-18 07:00:00+00:00,61.0,65.52245,0.0,0.21653543,0.21653543,5.8547893,Slight rain
199,2015-07-19 07:00:00+00:00,51.0,69.0512,0.0,0.031496063,0.031496063,5.659212,Light drizzle
200,2015-07-20 07:00:00+00:00,61.0,69.79746,0.0,0.2086614,0.2086614,6.362683,Slight rain
201,2015-07-21 07:00:00+00:00,61.0,70.142456,0.0,0.11417323,0.11417323,4.8290186,Slight rain
202,2015-07-22 07:00:00+00:00,55.0,70.404945,0.0,0.08267716,0.08267716,11.113185,Dense drizzle
203,2015-07-23 07:00:00+00:00,2.0,70.44996,0.0,0.0,0.0,11.811699,Partly cloudy
204,2015-07-24 07:00:00+00:00,2.0,72.62121,0.0,0.0,0.0,11.63455,Partly cloudy
205,2015-07-25 07:00:00+00:00,51.0,74.01995,0.0,0.023622047,0.023622047,10.756226,Light drizzle
206,2015-07-26 07:00:00+00:00,51.0,78.2387,0.0,0.003937008,0.003937008,11.106429,Light drizzle
207,2015-07-27 07:00:00+00:00,61.0,76.21371,0.0,0.28346458,0.28346458,11.090649,Slight rain
208,2015-07-28 07:00:00+00:00,53.0,77.559944,0.0,0.17322834,0.17322834,10.212095,Moderate drizzle
209,2015-07-29 07:00:00+00:00,53.0,74.28245,0.0,0.05905512,0.05905512,11.432798,Moderate drizzle
210,2015-07-30 07:00:00+00:00,3.0,75.876205,0.0,0.0,0.0,7.9437127,Overcast
211,2015-07-31 07:00:00+00:00,55.0,76.56621,0.0,0.17322834,0.17322834,10.51628,Dense drizzle
212,2015-08-01 07:00:00+00:00,65.0,72.08494,0.0,1.003937,1.003937,13.423864,Heavy rain
213,2015-08-02 07:00:00+00:00,51.0,68.60871,0.0,0.027559055,0.027559055,9.333948,Light drizzle
214,2015-08-03 07:00:00+00:00,2.0,66.999954,0.0,0.0,0.0,15.014586,Partly cloudy
215,2015-08-04 07:00:00+00:00,51.0,71.89744,0.0,0.007874016,0.007874016,15.014586,Light drizzle
216,2015-08-05 07:00:00+00:00,1.0,70.65245,0.0,0.0,0.0,7.832695,Mainly clear
217,2015-08-06 07:00:00+00:00,1.0,70.65995,0.0,0.0,0.0,5.596972,Mainly clear
218,2015-08-07 07:00:00+00:00,3.0,71.578705,0.0,0.0,0.0,5.5924997,Overcast
219,2015-08-08 07:00:00+00:00,3.0,73.32621,0.0,0.0,0.0,4.501876,Overcast
220,2015-08-09 07:00:00+00:00,1.0,73.92245,0.0,0.0,0.0,6.905775,Mainly clear
221,2015-08-10 07:00:00+00:00,3.0,74.6237,0.0,0.0,0.0,7.02076,Overcast
222,2015-08-11 07:00:00+00:00,3.0,74.90496,0.0,0.0,0.0,5.7730203,Overcast
223,2015-08-12 07:00:00+00:00,3.0,75.8162,0.0,0.0,0.0,12.46312,Overcast
224,2015-08-13 07:00:00+00:00,53.0,66.96244,0.0,0.047244094,0.047244094,14.323789,Moderate drizzle
225,2015-08-14 07:00:00+00:00,0.0,70.15371,0.0,0.0,0.0,7.713597,Clear sky
226,2015-08-15 07:00:00+00:00,3.0,72.67745,0.0,0.0,0.0,5.378113,Overcast
227,2015-08-16 07:00:00+00:00,51.0,73.19495,0.0,0.031496063,0.031496063,11.677483,Light drizzle
228,2015-08-17 07:00:00+00:00,1.0,71.398705,0.0,0.0,0.0,13.305919,Mainly clear
229,2015-08-18 07:00:00+00:00,3.0,71.46995,0.0,0.0,0.0,13.158428,Overcast
230,2015-08-19 07:00:00+00:00,3.0,69.52746,0.0,0.0,0.0,11.906642,Overcast
231,2015-08-20 07:00:00+00:00,3.0,70.11245,0.0,0.0,0.0,9.704559,Overcast
232,2015-08-21 07:00:00+00:00,51.0,69.958694,0.0,0.003937008,0.003937008,9.429956,Light drizzle
233,2015-08-22 07:00:00+00:00,2.0,70.1987,0.0,0.0,0.0,6.0770693,Partly cloudy
234,2015-08-23 07:00:00+00:00,53.0,68.2487,0.0,0.059055116,0.059055116,5.9100847,Moderate drizzle
235,2015-08-24 07:00:00+00:00,63.0,65.661194,0.0,0.26771656,0.26771656,5.922771,Moderate rain
236,2015-08-25 07:00:00+00:00,55.0,66.6962,0.0,0.09055118,0.09055118,8.984278,Dense drizzle
237,2015-08-26 07:00:00+00:00,2.0,68.8787,0.0,0.0,0.0,6.7444715,Partly cloudy
238,2015-08-27 07:00:00+00:00,2.0,70.4387,0.0,0.0,0.0,7.5031257,Partly cloudy
239,2015-08-28 07:00:00+00:00,53.0,70.288704,0.0,0.01968504,0.01968504,6.714727,Moderate drizzle
240,2015-08-29 07:00:00+00:00,2.0,69.13745,0.0,0.0,0.0,8.804236,Partly cloudy
241,2015-08-30 07:00:00+00:00,61.0,65.05746,0.0,0.14173229,0.14173229,12.672167,Slight rain
242,2015-08-31 07:00:00+00:00,3.0,64.806206,0.0,0.0,0.0,13.124157,Overcast
243,2015-09-01 07:00:00+00:00,3.0,64.74621,0.0,0.0,0.0,11.004585,Overcast
244,2015-09-02 07:00:00+00:00,3.0,68.18495,0.0,0.0,0.0,7.214108,Overcast
245,2015-09-03 07:00:00+00:00,63.0,68.60495,0.0,0.70078737,0.70078737,12.32179,Moderate rain
246,2015-09-04 07:00:00+00:00,61.0,62.6162,0.0,0.36220473,0.36220473,13.185022,Slight rain
247,2015-09-05 07:00:00+00:00,63.0,61.416187,0.0,0.33858263,0.33858263,9.678741,Moderate rain
248,2015-09-06 07:00:00+00:00,51.0,62.124943,0.0,0.003937008,0.003937008,5.9100847,Light drizzle
249,2015-09-07 07:00:00+00:00,51.0,64.419945,0.0,0.01968504,0.01968504,5.524982,Light drizzle
250,2015-09-08 07:00:00+00:00,51.0,60.906204,0.0,0.01968504,0.01968504,12.594927,Light drizzle
251,2015-09-09 07:00:00+00:00,61.0,59.7137,0.0,0.37401572,0.37401572,9.8833885,Slight rain
252,2015-09-10 07:00:00+00:00,53.0,55.296204,0.0,0.04330708,0.04330708,12.439008,Moderate drizzle
253,2015-09-11 07:00:00+00:00,51.0,51.628704,0.0,0.007874016,0.007874016,14.100199,Light drizzle
254,2015-09-12 07:00:00+00:00,0.0,54.692455,0.0,0.0,0.0,9.048105,Clear sky
255,2015-09-13 07:00:00+00:00,0.0,57.474957,0.0,0.0,0.0,6.085298,Clear sky
256,2015-09-14 07:00:00+00:00,1.0,62.14746,0.0,0.0,0.0,8.408858,Mainly clear
257,2015-09-15 07:00:00+00:00,3.0,62.19995,0.0,0.0,0.0,8.325127,Overcast
258,2015-09-16 07:00:00+00:00,51.0,63.12621,0.0,0.007874016,0.007874016,8.322121,Light drizzle
259,2015-09-17 07:00:00+00:00,61.0,59.027454,0.0,0.23228346,0.23228346,6.362683,Slight rain
260,2015-09-18 07:00:00+00:00,2.0,59.773712,0.0,0.0,0.0,7.9342575,Partly cloudy
261,2015-09-19 07:00:00+00:00,51.0,62.653698,0.0,0.007874016,0.007874016,11.55687,Light drizzle
262,2015-09-20 07:00:00+00:00,3.0,65.71371,0.0,0.0,0.0,13.62368,Overcast
263,2015-09-21 07:00:00+00:00,61.0,63.414948,0.0,0.5669291,0.5669291,14.165704,Slight rain
264,2015-09-22 07:00:00+00:00,3.0,57.504955,0.0,0.0,0.0,11.602247,Overcast
265,2015-09-23 07:00:00+00:00,3.0,61.123707,0.0,0.0,0.0,12.624689,Overcast
266,2015-09-24 07:00:00+00:00,53.0,54.696198,0.0,0.031496063,0.031496063,14.344735,Moderate drizzle
267,2015-09-25 07:00:00+00:00,1.0,54.2912,0.0,0.0,0.0,9.138905,Mainly clear
268,2015-09-26 07:00:00+00:00,51.0,58.573704,0.0,0.003937008,0.003937008,8.948,Light drizzle
269,2015-09-27 07:00:00+00:00,61.0,57.28745,0.0,0.3188976,0.3188976,13.205881,Slight rain
270,2015-09-28 07:00:00+00:00,61.0,55.007446,0.0,0.7716534,0.7716534,14.348224,Slight rain
271,2015-09-29 07:00:00+00:00,55.0,54.129955,0.0,0.24803145,0.24803145,11.184999,Dense drizzle
272,2015-09-30 07:00:00+00:00,63.0,45.2462,0.0,0.58661413,0.58661413,19.120789,Moderate rain
273,2015-10-01 07:00:00+00:00,0.0,47.709946,0.0,0.0,0.0,14.764199,Clear sky
274,2015-10-02 07:00:00+00:00,0.0,50.7812,0.0,0.0,0.0,11.651742,Clear sky
275,2015-10-03 07:00:00+00:00,0.0,55.003704,0.0,0.0,0.0,10.106191,Clear sky
276,2015-10-04 07:00:00+00:00,0.0,56.631195,0.0,0.0,0.0,10.31206,Clear sky
277,2015-10-05 07:00:00+00:00,3.0,56.694958,0.0,0.0,0.0,9.347342,Overcast
278,2015-10-06 07:00:00+00:00,3.0,58.183697,0.0,0.0,0.0,11.956968,Overcast
279,2015-10-07 07:00:00+00:00,0.0,43.6262,0.0,0.0,0.0,13.440628,Clear sky
280,2015-10-08 07:00:00+00:00,1.0,44.19995,0.0,0.0,0.0,17.248127,Mainly clear
281,2015-10-09 07:00:00+00:00,1.0,39.6512,0.0,0.0,0.0,17.503006,Mainly clear
282,2015-10-10 07:00:00+00:00,1.0,38.653698,0.0,0.0,0.0,13.607141,Mainly clear
283,2015-10-11 07:00:00+00:00,1.0,47.7587,0.0,0.0,0.0,10.379777,Mainly clear
284,2015-10-12 07:00:00+00:00,3.0,47.16994,0.0,0.0,0.0,5.6636314,Overcast
285,2015-10-13 07:00:00+00:00,51.0,51.658703,0.0,0.031496063,0.031496063,5.90585,Light drizzle
286,2015-10-14 07:00:00+00:00,1.0,49.99745,0.0,0.0,0.0,7.8135056,Mainly clear
287,2015-10-15 07:00:00+00:00,0.0,52.17995,0.0,0.0,0.0,9.333948,Clear sky
288,2015-10-16 07:00:00+00:00,3.0,58.652454,0.0,0.0,0.0,9.344664,Overcast
289,2015-10-17 07:00:00+00:00,3.0,50.597454,0.0,0.0,0.0,7.791057,Overcast
290,2015-10-18 07:00:00+00:00,0.0,55.772457,0.0,0.0,0.0,9.637291,Clear sky
291,2015-10-19 07:00:00+00:00,3.0,57.021206,0.0,0.0,0.0,15.983204,Overcast
292,2015-10-20 07:00:00+00:00,55.0,54.643703,0.0,0.36220476,0.36220476,14.779444,Dense drizzle
293,2015-10-21 07:00:00+00:00,63.0,46.757446,0.0,0.6023622,0.6023622,11.889818,Moderate rain
294,2015-10-22 07:00:00+00:00,3.0,46.2962,0.0,0.0,0.0,6.4873004,Overcast
295,2015-10-23 07:00:00+00:00,3.0,45.6362,0.0,0.0,0.0,10.31206,Overcast
296,2015-10-24 07:00:00+00:00,53.0,49.20995,0.0,0.01968504,0.01968504,10.299921,Moderate drizzle
297,2015-10-25 07:00:00+00:00,61.0,43.6262,0.0,0.37007868,0.37007868,20.4499,Slight rain
298,2015-10-26 07:00:00+00:00,3.0,36.234947,0.0,0.0,0.0,20.338255,Overcast
299,2015-10-27 07:00:00+00:00,3.0,34.8962,0.0,0.0,0.0,14.922651,Overcast
300,2015-10-28 07:00:00+00:00,3.0,31.5587,0.0,0.0,0.0,8.565111,Overcast
301,2015-10-29 07:00:00+00:00,0.0,31.17245,0.0,0.0,0.0,8.594274,Clear sky
302,2015-10-30 07:00:00+00:00,3.0,34.029953,0.0,0.0,0.0,6.6095686,Overcast
303,2015-10-31 07:00:00+00:00,3.0,34.464947,0.0,0.0,0.0,8.204027,Overcast
304,2015-11-01 07:00:00+00:00,0.0,36.5462,0.0,0.0,0.0,8.863716,Clear sky
305,2015-11-02 07:00:00+00:00,1.0,38.82245,0.0,0.0,0.0,13.695118,Mainly clear
306,2015-11-03 07:00:00+00:00,3.0,49.176197,0.0,0.0,0.0,13.618168,Overcast
307,2015-11-04 07:00:00+00:00,73.0,40.723698,0.4133858,0.3425197,0.28346458,10.821162,Moderate snow fall
308,2015-11-05 07:00:00+00:00,75.0,35.4062,3.3070862,0.992126,0.519685,10.530545,Heavy snow fall
309,2015-11-06 07:00:00+00:00,71.0,34.1687,0.33070862,0.08661418,0.039370075,7.5031257,Slight snow fall
310,2015-11-07 07:00:00+00:00,71.0,34.6862,0.11023622,0.059055112,0.04330709,8.385021,Slight snow fall
311,2015-11-08 07:00:00+00:00,3.0,33.043705,0.0,0.0,0.0,8.288983,Overcast
312,2015-11-09 07:00:00+00:00,3.0,35.368702,0.0,0.0,0.0,6.814594,Overcast
313,2015-11-10 07:00:00+00:00,3.0,36.579945,0.0,0.0,0.0,5.7032533,Overcast
314,2015-11-11 07:00:00+00:00,3.0,40.6787,0.0,0.0,0.0,9.637291,Overcast
315,2015-11-12 07:00:00+00:00,3.0,41.6237,0.0,0.0,0.0,10.74226,Overcast
316,2015-11-13 07:00:00+00:00,3.0,39.759953,0.0,0.0,0.0,10.711936,Overcast
317,2015-11-14 07:00:00+00:00,3.0,40.982452,0.0,0.0,0.0,9.003752,Overcast
318,2015-11-15 07:00:00+00:00,51.0,42.66245,0.0,0.035433073,0.035433073,12.112896,Light drizzle
319,2015-11-16 07:00:00+00:00,3.0,37.269947,0.0,0.0,0.0,11.417469,Overcast
320,2015-11-17 07:00:00+00:00,51.0,40.884953,0.0,0.10629921,0.10629921,15.760931,Light drizzle
321,2015-11-18 07:00:00+00:00,71.0,40.269947,0.13779527,0.32677162,0.3070866,12.125282,Slight snow fall
322,2015-11-19 07:00:00+00:00,3.0,35.113697,0.0,0.0,0.0,11.864539,Overcast
323,2015-11-20 07:00:00+00:00,3.0,35.409946,0.0,0.0,0.0,4.9264812,Overcast
324,2015-11-21 07:00:00+00:00,75.0,35.698696,3.1968503,0.6299212,0.17322835,6.299449,Heavy snow fall
325,2015-11-22 07:00:00+00:00,73.0,24.3212,0.16535434,0.03543307,0.011811024,8.105846,Moderate snow fall
326,2015-11-23 07:00:00+00:00,73.0,18.591202,0.60629916,0.07874015,0.0,11.417469,Moderate snow fall
327,2015-11-24 07:00:00+00:00,71.0,15.576199,0.19291338,0.011811024,0.0,12.088083,Slight snow fall
328,2015-11-25 07:00:00+00:00,3.0,7.4237022,0.0,0.0,0.0,10.841952,Overcast
329,2015-11-26 07:00:00+00:00,71.0,18.4862,0.2480315,0.031496063,0.0,7.8135056,Slight snow fall
330,2015-11-27 07:00:00+00:00,2.0,22.03745,0.0,0.0,0.0,10.551908,Partly cloudy
331,2015-11-28 07:00:00+00:00,71.0,26.327448,0.11023622,0.011811024,0.0,9.908673,Slight snow fall
332,2015-11-29 07:00:00+00:00,1.0,23.4812,0.0,0.0,0.0,9.71229,Mainly clear
333,2015-11-30 07:00:00+00:00,3.0,31.734947,0.0,0.0,0.0,20.361616,Overcast
334,2015-12-01 07:00:00+00:00,71.0,20.2637,0.05511811,0.0,0.0,22.90605,Slight snow fall
335,2015-12-02 07:00:00+00:00,3.0,15.09995,0.0,0.0,0.0,22.96278,Overcast
336,2015-12-03 07:00:00+00:00,1.0,14.361201,0.0,0.0,0.0,11.743717,Mainly clear
337,2015-12-04 07:00:00+00:00,2.0,19.24745,0.0,0.0,0.0,10.088845,Partly cloudy
338,2015-12-05 07:00:00+00:00,71.0,22.566202,0.13779527,0.015748031,0.0,6.3350954,Slight snow fall
339,2015-12-06 07:00:00+00:00,71.0,23.889948,0.13779527,0.0,0.0,4.4120536,Slight snow fall
340,2015-12-07 07:00:00+00:00,3.0,25.311203,0.0,0.0,0.0,7.137398,Overcast
341,2015-12-08 07:00:00+00:00,71.0,32.432453,0.16535433,0.007874016,0.0,7.8804655,Slight snow fall
342,2015-12-09 07:00:00+00:00,3.0,26.353699,0.0,0.0,0.0,9.333948,Overcast
343,2015-12-10 07:00:00+00:00,3.0,22.686201,0.0,0.0,0.0,6.9921904,Overcast
344,2015-12-11 07:00:00+00:00,3.0,26.211197,0.0,0.0,0.0,4.297137,Overcast
345,2015-12-12 07:00:00+00:00,71.0,27.561197,0.027559055,0.0,0.0,6.9383073,Slight snow fall
346,2015-12-13 07:00:00+00:00,71.0,22.9637,0.2480315,0.027559055,0.0,17.067297,Slight snow fall
347,2015-12-14 07:00:00+00:00,2.0,17.154951,0.0,0.0,0.0,17.190002,Partly cloudy
348,2015-12-15 07:00:00+00:00,71.0,11.124949,0.027559055,0.0,0.0,18.446774,Slight snow fall
349,2015-12-16 07:00:00+00:00,0.0,13.2549515,0.0,0.0,0.0,6.891267,Clear sky
350,2015-12-17 07:00:00+00:00,0.0,16.479952,0.0,0.0,0.0,6.514242,Clear sky
351,2015-12-18 07:00:00+00:00,3.0,18.977451,0.0,0.0,0.0,5.7730203,Overcast
352,2015-12-19 07:00:00+00:00,3.0,24.7637,0.0,0.0,0.0,10.504376,Overcast
353,2015-12-20 07:00:00+00:00,3.0,21.906197,0.0,0.0,0.0,10.504376,Overcast
354,2015-12-21 07:00:00+00:00,3.0,21.474947,0.0,0.0,0.0,8.57387,Overcast
355,2015-12-22 07:00:00+00:00,3.0,19.464952,0.0,0.0,0.0,8.7357645,Overcast
356,2015-12-23 07:00:00+00:00,3.0,19.596197,0.0,0.0,0.0,13.871203,Overcast
357,2015-12-24 07:00:00+00:00,0.0,21.231201,0.0,0.0,0.0,18.446774,Clear sky
358,2015-12-25 07:00:00+00:00,1.0,23.3012,0.0,0.0,0.0,16.67128,Mainly clear
359,2015-12-26 07:00:00+00:00,3.0,19.8287,0.0,0.0,0.0,5.884628,Overcast
360,2015-12-27 07:00:00+00:00,3.0,20.3162,0.0,0.0,0.0,9.98915,Overcast
361,2015-12-28 07:00:00+00:00,3.0,23.09495,0.0,0.0,0.0,14.100201,Overcast
362,2015-12-29 07:00:00+00:00,1.0,19.344952,0.0,0.0,0.0,13.662192,Mainly clear
363,2015-12-30 07:00:00+00:00,2.0,21.91745,0.0,0.0,0.0,8.815597,Partly cloudy
364,2015-12-31 07:00:00+00:00,0.0,25.81745,0.0,0.0,0.0,11.106428,Clear sky
365,2016-01-01 07:00:00+00:00,2.0,26.417448,0.0,0.0,0.0,9.691658,Partly cloudy
366,2016-01-02 07:00:00+00:00,3.0,26.631203,0.0,0.0,0.0,11.072585,Overcast
367,2016-01-03 07:00:00+00:00,3.0,20.323704,0.0,0.0,0.0,10.31206,Overcast
368,2016-01-04 07:00:00+00:00,3.0,10.989949,0.0,0.0,0.0,8.0532,Overcast
369,2016-01-05 07:00:00+00:00,0.0,10.7724495,0.0,0.0,0.0,6.829264,Clear sky
370,2016-01-06 07:00:00+00:00,1.0,8.732451,0.0,0.0,0.0,6.949117,Mainly clear
371,2016-01-07 07:00:00+00:00,0.0,8.717452,0.0,0.0,0.0,6.3153167,Clear sky
372,2016-01-08 07:00:00+00:00,2.0,12.34745,0.0,0.0,0.0,7.37871,Partly cloudy
373,2016-01-09 07:00:00+00:00,3.0,16.35245,0.0,0.0,0.0,9.906147,Overcast
374,2016-01-10 07:00:00+00:00,1.0,7.1087,0.0,0.0,0.0,10.981824,Mainly clear
375,2016-01-11 07:00:00+00:00,3.0,5.4324512,0.0,0.0,0.0,6.219504,Overcast
376,2016-01-12 07:00:00+00:00,0.0,5.312452,0.0,0.0,0.0,11.018218,Clear sky
377,2016-01-13 07:00:00+00:00,0.0,9.441202,0.0,0.0,0.0,12.309598,Clear sky
378,2016-01-14 07:00:00+00:00,3.0,13.449948,0.0,0.0,0.0,11.956968,Overcast
379,2016-01-15 07:00:00+00:00,3.0,18.4337,0.0,0.0,0.0,12.976529,Overcast
380,2016-01-16 07:00:00+00:00,71.0,10.0937,0.05511811,0.0,0.0,13.662192,Slight snow fall
381,2016-01-17 07:00:00+00:00,3.0,2.1924515,0.0,0.0,0.0,11.990403,Overcast
382,2016-01-18 07:00:00+00:00,3.0,4.3637004,0.0,0.0,0.0,11.625945,Overcast
383,2016-01-19 07:00:00+00:00,71.0,13.794951,0.05511811,0.0,0.0,9.564319,Slight snow fall
384,2016-01-20 07:00:00+00:00,3.0,13.138701,0.0,0.0,0.0,10.292631,Overcast
385,2016-01-21 07:00:00+00:00,3.0,1.3674517,0.0,0.0,0.0,15.213245,Overcast
386,2016-01-22 07:00:00+00:00,3.0,-4.231299,0.0,0.0,0.0,15.578902,Overcast
387,2016-01-23 07:00:00+00:00,3.0,-8.408797,0.0,0.0,0.0,16.343884,Overcast
388,2016-01-24 07:00:00+00:00,0.0,0.60995036,0.0,0.0,0.0,10.116089,Clear sky
389,2016-01-25 07:00:00+00:00,0.0,5.0987015,0.0,0.0,0.0,11.55687,Clear sky
390,2016-01-26 07:00:00+00:00,0.0,9.16745,0.0,0.0,0.0,7.9342575,Clear sky
391,2016-01-27 07:00:00+00:00,3.0,17.31245,0.0,0.0,0.0,8.207077,Overcast
392,2016-01-28 07:00:00+00:00,1.0,15.354951,0.0,0.0,0.0,5.1499605,Mainly clear
393,2016-01-29 07:00:00+00:00,3.0,14.938703,0.0,0.0,0.0,8.750073,Overcast
394,2016-01-30 07:00:00+00:00,3.0,6.268701,0.0,0.0,0.0,8.518242,Overcast
395,2016-01-31 07:00:00+00:00,0.0,9.0212,0.0,0.0,0.0,7.499791,Clear sky
396,2016-02-01 07:00:00+00:00,3.0,13.38245,0.0,0.0,0.0,7.8677554,Overcast
397,2016-02-02 07:00:00+00:00,3.0,16.404951,0.0,0.0,0.0,6.0852976,Overcast
398,2016-02-03 07:00:00+00:00,3.0,19.697449,0.0,0.0,0.0,7.4495792,Overcast
399,2016-02-04 07:00:00+00:00,3.0,14.094951,0.0,0.0,0.0,10.299921,Overcast
400,2016-02-05 07:00:00+00:00,1.0,14.511201,0.0,0.0,0.0,12.081872,Mainly clear
401,2016-02-06 07:00:00+00:00,0.0,16.446201,0.0,0.0,0.0,13.871203,Clear sky
402,2016-02-07 07:00:00+00:00,1.0,24.958696,0.0,0.0,0.0,14.121478,Mainly clear
403,2016-02-08 07:00:00+00:00,0.0,28.858698,0.0,0.0,0.0,10.795698,Clear sky
404,2016-02-09 07:00:00+00:00,3.0,34.978703,0.0,0.0,0.0,10.485304,Overcast
405,2016-02-10 07:00:00+00:00,3.0,39.317448,0.0,0.0,0.0,10.0665,Overcast
406,2016-02-11 07:00:00+00:00,73.0,36.006195,0.44094488,0.07480315,0.011811024,12.32179,Moderate snow fall
407,2016-02-12 07:00:00+00:00,73.0,17.97245,1.4055116,0.19685039,0.0,13.249387,Moderate snow fall
408,2016-02-13 07:00:00+00:00,3.0,9.264951,0.0,0.0,0.0,13.525991,Overcast
409,2016-02-14 07:00:00+00:00,0.0,10.832451,0.0,0.0,0.0,15.737101,Clear sky
410,2016-02-15 07:00:00+00:00,0.0,16.611202,0.0,0.0,0.0,15.375205,Clear sky
411,2016-02-16 07:00:00+00:00,2.0,21.227451,0.0,0.0,0.0,15.350776,Partly cloudy
412,2016-02-17 07:00:00+00:00,3.0,22.689949,0.0,0.0,0.0,15.578901,Overcast
413,2016-02-18 07:00:00+00:00,71.0,23.7062,0.05511811,0.0,0.0,11.858211,Slight snow fall
414,2016-02-19 07:00:00+00:00,71.0,16.2587,0.22047244,0.023622047,0.0,13.04384,Slight snow fall
415,2016-02-20 07:00:00+00:00,3.0,17.46995,0.0,0.0,0.0,13.015034,Overcast
416,2016-02-21 07:00:00+00:00,3.0,23.927452,0.0,0.0,0.0,13.311561,Overcast
417,2016-02-22 07:00:00+00:00,1.0,15.6212015,0.0,0.0,0.0,12.904989,Mainly clear
418,2016-02-23 07:00:00+00:00,1.0,16.374949,0.0,0.0,0.0,16.890461,Mainly clear
419,2016-02-24 07:00:00+00:00,3.0,20.7587,0.0,0.0,0.0,16.602097,Overcast
420,2016-02-25 07:00:00+00:00,3.0,21.741201,0.0,0.0,0.0,17.342161,Overcast
421,2016-02-26 07:00:00+00:00,73.0,26.061201,0.13779528,0.015748031,0.0,16.354597,Moderate snow fall
422,2016-02-27 07:00:00+00:00,73.0,21.1337,0.16535434,0.019685041,0.0,13.106987,Moderate snow fall
423,2016-02-28 07:00:00+00:00,3.0,21.8087,0.0,0.0,0.0,12.319758,Overcast
424,2016-02-29 07:00:00+00:00,3.0,29.781199,0.0,0.0,0.0,10.523415,Overcast
425,2016-03-01 07:00:00+00:00,0.0,35.604954,0.0,0.0,0.0,15.303433,Clear sky
426,2016-03-02 07:00:00+00:00,3.0,40.982452,0.0,0.0,0.0,15.36381,Overcast
427,2016-03-03 07:00:00+00:00,3.0,39.414948,0.0,0.0,0.0,16.814743,Overcast
428,2016-03-04 07:00:00+00:00,3.0,27.358702,0.0,0.0,0.0,16.8073,Overcast
429,2016-03-05 07:00:00+00:00,3.0,28.097448,0.0,0.0,0.0,14.360425,Overcast
430,2016-03-06 07:00:00+00:00,1.0,28.536201,0.0,0.0,0.0,17.23071,Mainly clear
431,2016-03-07 07:00:00+00:00,3.0,22.873697,0.0,0.0,0.0,11.705304,Overcast
432,2016-03-08 07:00:00+00:00,3.0,19.232449,0.0,0.0,0.0,11.249686,Overcast
433,2016-03-09 07:00:00+00:00,0.0,18.819952,0.0,0.0,0.0,12.180871,Clear sky
434,2016-03-10 07:00:00+00:00,1.0,22.14995,0.0,0.0,0.0,10.841952,Mainly clear
435,2016-03-11 07:00:00+00:00,3.0,28.92245,0.0,0.0,0.0,12.098428,Overcast
436,2016-03-12 07:00:00+00:00,0.0,26.601198,0.0,0.0,0.0,13.290868,Clear sky
437,2016-03-13 07:00:00+00:00,3.0,30.733698,0.0,0.0,0.0,12.081872,Overcast
438,2016-03-14 07:00:00+00:00,71.0,37.142452,0.08267716,0.011811024,0.0,10.175276,Slight snow fall
439,2016-03-15 07:00:00+00:00,3.0,40.5062,0.0,0.0,0.0,9.976619,Overcast
440,2016-03-16 07:00:00+00:00,3.0,45.433697,0.0,0.0,0.0,12.309598,Overcast
441,2016-03-17 07:00:00+00:00,1.0,43.1312,0.0,0.0,0.0,12.479173,Mainly clear
442,2016-03-18 07:00:00+00:00,3.0,43.442448,0.0,0.0,0.0,7.8038926,Overcast
443,2016-03-19 07:00:00+00:00,3.0,46.2887,0.0,0.0,0.0,13.865792,Overcast
444,2016-03-20 07:00:00+00:00,3.0,44.826202,0.0,0.0,0.0,11.889818,Overcast
445,2016-03-21 07:00:00+00:00,51.0,43.596203,0.0,0.13779527,0.13779527,10.927006,Light drizzle
446,2016-03-22 07:00:00+00:00,3.0,36.24245,0.0,0.0,0.0,11.813817,Overcast
447,2016-03-23 07:00:00+00:00,3.0,33.9212,0.0,0.0,0.0,8.01895,Overcast
448,2016-03-24 07:00:00+00:00,3.0,32.87495,0.0,0.0,0.0,9.642482,Overcast
449,2016-03-25 07:00:00+00:00,3.0,33.692455,0.0,0.0,0.0,10.1284485,Overcast
450,2016-03-26 07:00:00+00:00,2.0,36.07745,0.0,0.0,0.0,12.211643,Partly cloudy
451,2016-03-27 07:00:00+00:00,3.0,44.12495,0.0,0.0,0.0,12.904989,Overcast
452,2016-03-28 07:00:00+00:00,2.0,42.156197,0.0,0.0,0.0,15.027912,Partly cloudy
453,2016-03-29 07:00:00+00:00,0.0,45.63995,0.0,0.0,0.0,14.107296,Clear sky
454,2016-03-30 07:00:00+00:00,3.0,56.004955,0.0,0.0,0.0,19.28626,Overcast
455,2016-03-31 07:00:00+00:00,3.0,51.924953,0.0,0.0,0.0,21.337275,Overcast
456,2016-04-01 07:00:00+00:00,3.0,41.86746,0.0,0.0,0.0,11.072585,Overcast
457,2016-04-02 07:00:00+00:00,3.0,38.353703,0.0,0.0,0.0,9.347342,Overcast
458,2016-04-03 07:00:00+00:00,3.0,42.489956,0.0,0.0,0.0,8.056306,Overcast
459,2016-04-04 07:00:00+00:00,3.0,46.854946,0.0,0.0,0.0,15.311606,Overcast
460,2016-04-05 07:00:00+00:00,3.0,54.5462,0.0,0.0,0.0,20.780031,Overcast
461,2016-04-06 07:00:00+00:00,1.0,49.247448,0.0,0.0,0.0,22.571539,Mainly clear
462,2016-04-07 07:00:00+00:00,1.0,44.38745,0.0,0.0,0.0,16.7775,Mainly clear
463,2016-04-08 07:00:00+00:00,3.0,47.87495,0.0,0.0,0.0,16.790916,Overcast
464,2016-04-09 07:00:00+00:00,3.0,52.603703,0.0,0.0,0.0,10.580324,Overcast
465,2016-04-10 07:00:00+00:00,53.0,58.63745,0.0,0.11811023,0.11811023,20.889318,Moderate drizzle
466,2016-04-11 07:00:00+00:00,61.0,50.9987,0.0,0.42125982,0.42125982,17.891806,Slight rain
467,2016-04-12 07:00:00+00:00,0.0,49.89995,0.0,0.0,0.0,17.500149,Clear sky
468,2016-04-13 07:00:00+00:00,51.0,49.071198,0.0,0.007874016,0.007874016,15.2707,Light drizzle
469,2016-04-14 07:00:00+00:00,51.0,58.539944,0.0,0.027559055,0.027559055,15.2116,Light drizzle
470,2016-04-15 07:00:00+00:00,51.0,42.24995,0.0,0.031496067,0.031496067,15.081098,Light drizzle
471,2016-04-16 07:00:00+00:00,51.0,40.371197,0.0,0.007874016,0.007874016,16.770042,Light drizzle
472,2016-04-17 07:00:00+00:00,51.0,39.45245,0.0,0.007874016,0.007874016,17.248125,Light drizzle
473,2016-04-18 07:00:00+00:00,53.0,50.5637,0.0,0.055118106,0.055118106,15.794233,Moderate drizzle
474,2016-04-19 07:00:00+00:00,3.0,51.846203,0.0,0.0,0.0,18.119701,Overcast
475,2016-04-20 07:00:00+00:00,0.0,53.52245,0.0,0.0,0.0,13.005419,Clear sky
476,2016-04-21 07:00:00+00:00,2.0,51.11871,0.0,0.0,0.0,12.705687,Partly cloudy
477,2016-04-22 07:00:00+00:00,3.0,50.619953,0.0,0.0,0.0,8.541709,Overcast
478,2016-04-23 07:00:00+00:00,1.0,56.638706,0.0,0.0,0.0,14.711571,Mainly clear
479,2016-04-24 07:00:00+00:00,3.0,63.3137,0.0,0.0,0.0,13.005418,Overcast
480,2016-04-25 07:00:00+00:00,3.0,63.1787,0.0,0.0,0.0,11.625945,Overcast
481,2016-04-26 07:00:00+00:00,51.0,59.49245,0.0,0.003937008,0.003937008,12.782258,Light drizzle
482,2016-04-27 07:00:00+00:00,51.0,54.441204,0.0,0.007874016,0.007874016,11.948595,Light drizzle
483,2016-04-28 07:00:00+00:00,1.0,64.32995,0.0,0.0,0.0,16.615656,Mainly clear
484,2016-04-29 07:00:00+00:00,3.0,64.47245,0.0,0.0,0.0,16.735691,Overcast
485,2016-04-30 07:00:00+00:00,3.0,68.672455,0.0,0.0,0.0,20.563372,Overcast
486,2016-05-01 07:00:00+00:00,51.0,56.177456,0.0,0.007874016,0.007874016,17.10976,Light drizzle
487,2016-05-02 07:00:00+00:00,3.0,50.1362,0.0,0.0,0.0,16.914145,Overcast
488,2016-05-03 07:00:00+00:00,3.0,56.724957,0.0,0.0,0.0,13.876615,Overcast
489,2016-05-04 07:00:00+00:00,51.0,58.37495,0.0,0.003937008,0.003937008,18.446774,Light drizzle
490,2016-05-05 07:00:00+00:00,3.0,47.4512,0.0,0.0,0.0,19.0145,Overcast
491,2016-05-06 07:00:00+00:00,3.0,51.84995,0.0,0.0,0.0,11.090649,Overcast
492,2016-05-07 07:00:00+00:00,3.0,57.549953,0.0,0.0,0.0,14.107296,Overcast
493,2016-05-08 07:00:00+00:00,51.0,60.639954,0.0,0.039370075,0.039370075,9.105991,Light drizzle
494,2016-05-09 07:00:00+00:00,3.0,60.741207,0.0,0.0,0.0,11.548208,Overcast
495,2016-05-10 07:00:00+00:00,3.0,72.19744,0.0,0.0,0.0,16.621677,Overcast
496,2016-05-11 07:00:00+00:00,55.0,58.307453,0.0,0.12992126,0.12992126,22.62137,Dense drizzle
497,2016-05-12 07:00:00+00:00,3.0,52.562443,0.0,0.0,0.0,15.191849,Overcast
498,2016-05-13 07:00:00+00:00,61.0,54.204956,0.0,0.515748,0.515748,18.196865,Slight rain
499,2016-05-14 07:00:00+00:00,3.0,50.631195,0.0,0.0,0.0,15.987901,Overcast
500,2016-05-15 07:00:00+00:00,0.0,55.4612,0.0,0.0,0.0,11.915043,Clear sky
501,2016-05-16 07:00:00+00:00,3.0,62.526203,0.0,0.0,0.0,10.981824,Overcast
502,2016-05-17 07:00:00+00:00,3.0,68.3387,0.0,0.0,0.0,12.50521,Overcast
503,2016-05-18 07:00:00+00:00,3.0,67.8962,0.0,0.0,0.0,11.320634,Overcast
504,2016-05-19 07:00:00+00:00,3.0,67.68995,0.0,0.0,0.0,11.990403,Overcast
505,2016-05-20 07:00:00+00:00,3.0,68.5712,0.0,0.0,0.0,6.1058216,Overcast
506,2016-05-21 07:00:00+00:00,51.0,65.96871,0.0,0.023622047,0.023622047,9.390072,Light drizzle
507,2016-05-22 07:00:00+00:00,61.0,53.31245,0.0,0.7362205,0.7362205,10.299921,Slight rain
508,2016-05-23 07:00:00+00:00,3.0,51.9362,0.0,0.0,0.0,13.205881,Overcast
509,2016-05-24 07:00:00+00:00,63.0,51.861206,0.0,0.18897638,0.18897638,15.441782,Moderate rain
510,2016-05-25 07:00:00+00:00,2.0,57.67745,0.0,0.0,0.0,14.9945755,Partly cloudy
511,2016-05-26 07:00:00+00:00,3.0,59.9912,0.0,0.0,0.0,6.673612,Overcast
512,2016-05-27 07:00:00+00:00,3.0,62.901203,0.0,0.0,0.0,11.467762,Overcast
513,2016-05-28 07:00:00+00:00,3.0,64.483696,0.0,0.0,0.0,9.556468,Overcast
514,2016-05-29 07:00:00+00:00,3.0,70.779945,0.0,0.0,0.0,11.432798,Overcast
515,2016-05-30 07:00:00+00:00,3.0,73.914955,0.0,0.0,0.0,9.309791,Overcast
516,2016-05-31 07:00:00+00:00,3.0,69.86495,0.0,0.0,0.0,8.003335,Overcast
517,2016-06-01 07:00:00+00:00,3.0,71.492455,0.0,0.0,0.0,7.6058,Overcast
518,2016-06-02 07:00:00+00:00,63.0,62.394947,0.0,0.63385814,0.63385814,9.681327,Moderate rain
519,2016-06-03 07:00:00+00:00,55.0,60.2462,0.0,0.21653542,0.21653542,6.9093976,Dense drizzle
520,2016-06-04 07:00:00+00:00,61.0,62.79245,0.0,0.09448819,0.09448819,7.9089894,Slight rain
521,2016-06-05 07:00:00+00:00,61.0,62.7287,0.0,0.18897638,0.18897638,8.01895,Slight rain
522,2016-06-06 07:00:00+00:00,61.0,62.747448,0.0,0.062992126,0.062992126,12.912743,Slight rain
523,2016-06-07 07:00:00+00:00,3.0,66.1562,0.0,0.0,0.0,4.5295796,Overcast
524,2016-06-08 07:00:00+00:00,51.0,69.33244,0.0,0.027559055,0.027559055,19.192625,Light drizzle
525,2016-06-09 07:00:00+00:00,61.0,66.14495,0.0,0.07086614,0.07086614,20.269243,Slight rain
526,2016-06-10 07:00:00+00:00,3.0,61.12746,0.0,0.0,0.0,14.9544735,Overcast
527,2016-06-11 07:00:00+00:00,51.0,65.327446,0.0,0.003937008,0.003937008,6.54872,Light drizzle
528,2016-06-12 07:00:00+00:00,51.0,66.951195,0.0,0.031496063,0.031496063,7.8294992,Light drizzle
529,2016-06-13 07:00:00+00:00,61.0,62.71745,0.0,0.3779527,0.3779527,13.106987,Slight rain
530,2016-06-14 07:00:00+00:00,55.0,60.876205,0.0,0.04330709,0.04330709,18.780144,Dense drizzle
531,2016-06-15 07:00:00+00:00,3.0,66.30245,0.0,0.0,0.0,15.246102,Overcast
532,2016-06-16 07:00:00+00:00,3.0,70.866196,0.0,0.0,0.0,15.4628315,Overcast
533,2016-06-17 07:00:00+00:00,3.0,68.32371,0.0,0.0,0.0,11.671053,Overcast
534,2016-06-18 07:00:00+00:00,3.0,70.404945,0.0,0.0,0.0,11.625945,Overcast
535,2016-06-19 07:00:00+00:00,53.0,72.02121,0.0,0.03937008,0.03937008,13.806114,Moderate drizzle
536,2016-06-20 07:00:00+00:00,3.0,71.4737,0.0,0.0,0.0,11.686049,Overcast
537,2016-06-21 07:00:00+00:00,2.0,75.2087,0.0,0.0,0.0,14.165704,Partly cloudy
538,2016-06-22 07:00:00+00:00,3.0,73.524956,0.0,0.0,0.0,17.23071,Overcast
539,2016-06-23 07:00:00+00:00,3.0,67.806206,0.0,0.0,0.0,13.514887,Overcast
540,2016-06-24 07:00:00+00:00,3.0,68.3012,0.0,0.0,0.0,14.292313,Overcast
541,2016-06-25 07:00:00+00:00,3.0,71.7137,0.0,0.0,0.0,12.616759,Overcast
542,2016-06-26 07:00:00+00:00,55.0,70.38995,0.0,0.13779527,0.13779527,17.741539,Dense drizzle
543,2016-06-27 07:00:00+00:00,53.0,69.69245,0.0,0.01968504,0.01968504,16.814743,Moderate drizzle
544,2016-06-28 07:00:00+00:00,51.0,70.858696,0.0,0.015748031,0.015748031,13.091706,Light drizzle
545,2016-06-29 07:00:00+00:00,3.0,72.86495,0.0,0.0,0.0,8.686936,Overcast
546,2016-06-30 07:00:00+00:00,2.0,70.14995,0.0,0.0,0.0,9.1717,Partly cloudy
547,2016-07-01 07:00:00+00:00,2.0,70.32245,0.0,0.0,0.0,7.3854885,Partly cloudy
548,2016-07-02 07:00:00+00:00,61.0,74.31621,0.0,0.13779527,0.13779527,7.9342575,Slight rain
549,2016-07-03 07:00:00+00:00,51.0,74.45871,0.0,0.007874016,0.007874016,10.0041685,Light drizzle
550,2016-07-04 07:00:00+00:00,3.0,74.233696,0.0,0.0,0.0,8.5475645,Overcast
551,2016-07-05 07:00:00+00:00,3.0,76.1012,0.0,0.0,0.0,10.14326,Overcast
552,2016-07-06 07:00:00+00:00,3.0,76.49496,0.0,0.0,0.0,11.811699,Overcast
553,2016-07-07 07:00:00+00:00,3.0,77.0687,0.0,0.0,0.0,11.285216,Overcast
554,2016-07-08 07:00:00+00:00,3.0,76.16121,0.0,0.0,0.0,11.938121,Overcast
555,2016-07-09 07:00:00+00:00,3.0,76.374954,0.0,0.0,0.0,10.7049265,Overcast
556,2016-07-10 07:00:00+00:00,53.0,76.37495,0.0,0.16141732,0.16141732,8.102758,Moderate drizzle
557,2016-07-11 07:00:00+00:00,63.0,70.907455,0.0,0.7913386,0.7913386,9.048105,Moderate rain
558,2016-07-12 07:00:00+00:00,3.0,72.59496,0.0,0.0,0.0,8.863716,Overcast
559,2016-07-13 07:00:00+00:00,63.0,71.7287,0.0,1.484252,1.484252,7.3139977,Moderate rain
560,2016-07-14 07:00:00+00:00,63.0,67.21369,0.0,1.4173229,1.4173229,10.20229,Moderate rain
561,2016-07-15 07:00:00+00:00,63.0,65.976204,0.0,0.527559,0.527559,10.435072,Moderate rain
562,2016-07-16 07:00:00+00:00,61.0,65.46246,0.0,0.17322835,0.17322835,10.922426,Slight rain
563,2016-07-17 07:00:00+00:00,3.0,68.72871,0.0,0.0,0.0,6.818264,Overcast
564,2016-07-18 07:00:00+00:00,61.0,66.193695,0.0,0.60236216,0.60236216,9.933892,Slight rain
565,2016-07-19 07:00:00+00:00,61.0,66.0737,0.0,0.2204724,0.2204724,14.390015,Slight rain
566,2016-07-20 07:00:00+00:00,3.0,68.9912,0.0,0.0,0.0,13.608978,Overcast
567,2016-07-21 07:00:00+00:00,51.0,73.34121,0.0,0.0118110245,0.0118110245,11.990403,Light drizzle
568,2016-07-22 07:00:00+00:00,3.0,75.84621,0.0,0.0,0.0,12.26276,Overcast
569,2016-07-23 07:00:00+00:00,3.0,76.34495,0.0,0.0,0.0,9.822442,Overcast
570,2016-07-24 07:00:00+00:00,63.0,70.3337,0.0,0.7677165,0.7677165,11.42623,Moderate rain
571,2016-07-25 07:00:00+00:00,3.0,71.079956,0.0,0.0,0.0,6.2395864,Overcast
572,2016-07-26 07:00:00+00:00,1.0,74.3387,0.0,0.0,0.0,8.207077,Mainly clear
573,2016-07-27 07:00:00+00:00,53.0,74.87119,0.0,0.01968504,0.01968504,9.822442,Moderate drizzle
574,2016-07-28 07:00:00+00:00,1.0,74.77746,0.0,0.0,0.0,5.659212,Mainly clear
575,2016-07-29 07:00:00+00:00,51.0,78.31369,0.0,0.007874016,0.007874016,7.8263035,Light drizzle
576,2016-07-30 07:00:00+00:00,51.0,77.72121,0.0,0.007874016,0.007874016,8.632038,Light drizzle
577,2016-07-31 07:00:00+00:00,2.0,77.28995,0.0,0.0,0.0,5.4105806,Partly cloudy
578,2016-08-01 07:00:00+00:00,53.0,74.69869,0.0,0.04330709,0.04330709,9.933892,Moderate drizzle
579,2016-08-02 07:00:00+00:00,1.0,76.18745,0.0,0.0,0.0,8.60591,Mainly clear
580,2016-08-03 07:00:00+00:00,2.0,75.4337,0.0,0.0,0.0,8.503543,Partly cloudy
581,2016-08-04 07:00:00+00:00,1.0,76.50245,0.0,0.0,0.0,5.101145,Mainly clear
582,2016-08-05 07:00:00+00:00,1.0,76.79121,0.0,0.0,0.0,6.023307,Mainly clear
583,2016-08-06 07:00:00+00:00,51.0,78.10371,0.0,0.0118110245,0.0118110245,12.537183,Light drizzle
584,2016-08-07 07:00:00+00:00,2.0,75.30246,0.0,0.0,0.0,10.377366,Partly cloudy
585,2016-08-08 07:00:00+00:00,3.0,77.0387,0.0,0.0,0.0,9.280181,Overcast
586,2016-08-09 07:00:00+00:00,51.0,77.3762,0.0,0.007874016,0.007874016,14.18512,Light drizzle
587,2016-08-10 07:00:00+00:00,53.0,79.02995,0.0,0.035433073,0.035433073,13.066837,Moderate drizzle
588,2016-08-11 07:00:00+00:00,63.0,73.757454,0.0,1.0984253,1.0984253,11.106429,Moderate rain
589,2016-08-12 07:00:00+00:00,53.0,69.4712,0.0,0.07086614,0.07086614,9.906147,Moderate drizzle
590,2016-08-13 07:00:00+00:00,61.0,66.48995,0.0,0.2913386,0.2913386,10.304778,Slight rain
591,2016-08-14 07:00:00+00:00,61.0,67.952446,0.0,0.29527563,0.29527563,11.4087,Slight rain
592,2016-08-15 07:00:00+00:00,3.0,68.22245,0.0,0.0,0.0,10.821161,Overcast
593,2016-08-16 07:00:00+00:00,63.0,71.3162,0.0,0.8188976,0.8188976,8.95359,Moderate rain
594,2016-08-17 07:00:00+00:00,63.0,70.318695,0.0,1.7047244,1.7047244,12.664266,Moderate rain
595,2016-08-18 07:00:00+00:00,3.0,72.07746,0.0,0.0,0.0,8.142803,Overcast
596,2016-08-19 07:00:00+00:00,53.0,71.54121,0.0,0.070866145,0.070866145,7.569527,Moderate drizzle
597,2016-08-20 07:00:00+00:00,2.0,72.57244,0.0,0.0,0.0,3.8094738,Partly cloudy
598,2016-08-21 07:00:00+00:00,3.0,76.029945,0.0,0.0,0.0,6.818264,Overcast
599,2016-08-22 07:00:00+00:00,61.0,72.73745,0.0,0.507874,0.507874,12.038303,Slight rain
600,2016-08-23 07:00:00+00:00,51.0,70.6037,0.0,0.031496063,0.031496063,7.5695267,Light drizzle
601,2016-08-24 07:00:00+00:00,3.0,67.45744,0.0,0.0,0.0,15.167124,Overcast
602,2016-08-25 07:00:00+00:00,1.0,58.243702,0.0,0.0,0.0,12.22393,Mainly clear
603,2016-08-26 07:00:00+00:00,0.0,61.997448,0.0,0.0,0.0,8.863716,Clear sky
604,2016-08-27 07:00:00+00:00,2.0,61.0637,0.0,0.0,0.0,10.611023,Partly cloudy
605,2016-08-28 07:00:00+00:00,3.0,64.1162,0.0,0.0,0.0,5.5249825,Overcast
606,2016-08-29 07:00:00+00:00,3.0,64.58494,0.0,0.0,0.0,6.673612,Overcast
607,2016-08-30 07:00:00+00:00,1.0,66.234955,0.0,0.0,0.0,11.788374,Mainly clear
608,2016-08-31 07:00:00+00:00,51.0,62.829952,0.0,0.007874016,0.007874016,15.9078865,Light drizzle
609,2016-09-01 07:00:00+00:00,3.0,66.1112,0.0,0.0,0.0,15.409343,Overcast
610,2016-09-02 07:00:00+00:00,3.0,67.9037,0.0,0.0,0.0,8.770067,Overcast
611,2016-09-03 07:00:00+00:00,53.0,64.50246,0.0,0.09448819,0.09448819,11.340508,Moderate drizzle
612,2016-09-04 07:00:00+00:00,3.0,63.954956,0.0,0.0,0.0,11.887713,Overcast
613,2016-09-05 07:00:00+00:00,3.0,64.44994,0.0,0.0,0.0,10.7049265,Overcast
614,2016-09-06 07:00:00+00:00,53.0,59.121197,0.0,0.062992126,0.062992126,9.852963,Moderate drizzle
615,2016-09-07 07:00:00+00:00,53.0,61.059956,0.0,0.039370082,0.039370082,10.963583,Moderate drizzle
616,2016-09-08 07:00:00+00:00,3.0,64.101204,0.0,0.0,0.0,8.43263,Overcast
617,2016-09-09 07:00:00+00:00,51.0,63.3737,0.0,0.01968504,0.01968504,8.770067,Light drizzle
618,2016-09-10 07:00:00+00:00,61.0,57.324947,0.0,0.17716534,0.17716534,8.488818,Slight rain
619,2016-09-11 07:00:00+00:00,3.0,60.279953,0.0,0.0,0.0,6.3979764,Overcast
620,2016-09-12 07:00:00+00:00,3.0,60.399944,0.0,0.0,0.0,6.673612,Overcast
621,2016-09-13 07:00:00+00:00,1.0,61.9487,0.0,0.0,0.0,7.7653227,Mainly clear
622,2016-09-14 07:00:00+00:00,1.0,63.56494,0.0,0.0,0.0,7.214108,Mainly clear
623,2016-09-15 07:00:00+00:00,3.0,64.70495,0.0,0.0,0.0,6.299449,Overcast
624,2016-09-16 07:00:00+00:00,55.0,63.48245,0.0,0.11417323,0.11417323,4.966946,Dense drizzle
625,2016-09-17 07:00:00+00:00,53.0,58.232452,0.0,0.05905512,0.05905512,9.05916,Moderate drizzle
626,2016-09-18 07:00:00+00:00,2.0,58.3037,0.0,0.0,0.0,8.686937,Partly cloudy
627,2016-09-19 07:00:00+00:00,1.0,56.402454,0.0,0.0,0.0,9.223387,Mainly clear
628,2016-09-20 07:00:00+00:00,61.0,60.0887,0.0,0.2047244,0.2047244,9.223387,Slight rain
629,2016-09-21 07:00:00+00:00,61.0,62.139942,0.0,0.1614173,0.1614173,9.538123,Slight rain
630,2016-09-22 07:00:00+00:00,63.0,61.221203,0.0,0.27559054,0.27559054,11.240786,Moderate rain
631,2016-09-23 07:00:00+00:00,61.0,64.802444,0.0,0.13779527,0.13779527,11.388945,Slight rain
632,2016-09-24 07:00:00+00:00,53.0,63.92496,0.0,0.031496063,0.031496063,6.4524946,Moderate drizzle
633,2016-09-25 07:00:00+00:00,53.0,61.862446,0.0,0.03937008,0.03937008,12.473155,Moderate drizzle
634,2016-09-26 07:00:00+00:00,63.0,52.003704,0.0,0.2519685,0.2519685,12.66229,Moderate rain
635,2016-09-27 07:00:00+00:00,3.0,46.701202,0.0,0.0,0.0,8.704201,Overcast
636,2016-09-28 07:00:00+00:00,3.0,55.29245,0.0,0.0,0.0,13.923416,Overcast
637,2016-09-29 07:00:00+00:00,3.0,60.246197,0.0,0.0,0.0,11.602247,Overcast
638,2016-09-30 07:00:00+00:00,63.0,62.47745,0.0,0.2519685,0.2519685,11.106429,Moderate rain
639,2016-10-01 07:00:00+00:00,3.0,62.529953,0.0,0.0,0.0,14.323789,Overcast
640,2016-10-02 07:00:00+00:00,2.0,65.0912,0.0,0.0,0.0,15.014586,Partly cloudy
641,2016-10-03 07:00:00+00:00,63.0,62.65745,0.0,0.7559055,0.7559055,20.42419,Moderate rain
642,2016-10-04 07:00:00+00:00,3.0,51.23495,0.0,0.0,0.0,10.749245,Overcast
643,2016-10-05 07:00:00+00:00,63.0,50.0912,0.0,0.22047244,0.22047244,10.665118,Moderate rain
644,2016-10-06 07:00:00+00:00,63.0,51.9962,0.0,1.1102363,1.1102363,18.446774,Moderate rain
645,2016-10-07 07:00:00+00:00,1.0,42.973705,0.0,0.0,0.0,18.01306,Mainly clear
646,2016-10-08 07:00:00+00:00,3.0,44.571198,0.0,0.0,0.0,14.292313,Overcast
647,2016-10-09 07:00:00+00:00,2.0,49.247448,0.0,0.0,0.0,14.464587,Partly cloudy
648,2016-10-10 07:00:00+00:00,3.0,48.853703,0.0,0.0,0.0,12.098427,Overcast
649,2016-10-11 07:00:00+00:00,51.0,48.5462,0.0,0.003937008,0.003937008,11.406507,Light drizzle
650,2016-10-12 07:00:00+00:00,53.0,53.488693,0.0,0.04330709,0.04330709,11.677482,Moderate drizzle
651,2016-10-13 07:00:00+00:00,1.0,53.124943,0.0,0.0,0.0,11.990404,Mainly clear
652,2016-10-14 07:00:00+00:00,51.0,54.519947,0.0,0.01968504,0.01968504,11.478665,Light drizzle
653,2016-10-15 07:00:00+00:00,51.0,52.727448,0.0,0.03937008,0.03937008,13.885627,Light drizzle
654,2016-10-16 07:00:00+00:00,3.0,48.534954,0.0,0.0,0.0,14.54222,Overcast
655,2016-10-17 07:00:00+00:00,1.0,54.98871,0.0,0.0,0.0,12.689923,Mainly clear
656,2016-10-18 07:00:00+00:00,1.0,56.646194,0.0,0.0,0.0,12.374472,Mainly clear
657,2016-10-19 07:00:00+00:00,61.0,55.899944,0.0,0.27165353,0.27165353,14.607455,Slight rain
658,2016-10-20 07:00:00+00:00,63.0,52.4612,0.0,1.3740158,1.3740158,10.871913,Moderate rain
659,2016-10-21 07:00:00+00:00,61.0,43.3862,0.0,0.10236221,0.10236221,13.423863,Slight rain
660,2016-10-22 07:00:00+00:00,3.0,46.236202,0.0,0.0,0.0,6.142592,Overcast
661,2016-10-23 07:00:00+00:00,51.0,47.124954,0.0,0.04330709,0.04330709,6.440851,Light drizzle
662,2016-10-24 07:00:00+00:00,51.0,45.3137,0.0,0.01968504,0.01968504,11.340508,Light drizzle
663,2016-10-25 07:00:00+00:00,3.0,46.329945,0.0,0.0,0.0,12.402747,Overcast
664,2016-10-26 07:00:00+00:00,73.0,44.586197,0.27559054,0.65354335,0.6141733,10.629869,Moderate snow fall
665,2016-10-27 07:00:00+00:00,73.0,32.52245,0.4133858,0.09055118,0.031496063,9.083983,Moderate snow fall
666,2016-10-28 07:00:00+00:00,3.0,31.73495,0.0,0.0,0.0,18.620926,Overcast
667,2016-10-29 07:00:00+00:00,73.0,35.4587,0.22047246,0.039370082,0.0118110245,17.402653,Moderate snow fall
668,2016-10-30 07:00:00+00:00,1.0,22.2062,0.0,0.0,0.0,11.625945,Mainly clear
669,2016-10-31 07:00:00+00:00,3.0,24.52745,0.0,0.0,0.0,7.5959244,Overcast
670,2016-11-01 07:00:00+00:00,0.0,29.897448,0.0,0.0,0.0,10.821162,Clear sky
671,2016-11-02 07:00:00+00:00,0.0,35.871204,0.0,0.0,0.0,11.004585,Clear sky
672,2016-11-03 07:00:00+00:00,0.0,41.574947,0.0,0.0,0.0,10.31206,Clear sky
673,2016-11-04 07:00:00+00:00,0.0,43.299953,0.0,0.0,0.0,10.135856,Clear sky
674,2016-11-05 07:00:00+00:00,55.0,43.562443,0.0,0.070866145,0.070866145,8.2799225,Dense drizzle
675,2016-11-06 07:00:00+00:00,61.0,36.692448,0.0,0.2480315,0.2480315,11.608715,Slight rain
676,2016-11-07 07:00:00+00:00,0.0,29.094948,0.0,0.0,0.0,9.398062,Clear sky
677,2016-11-08 07:00:00+00:00,3.0,33.268703,0.0,0.0,0.0,13.914429,Overcast
678,2016-11-09 07:00:00+00:00,71.0,35.128696,0.027559055,0.0,0.0,19.0145,Slight snow fall
679,2016-11-10 07:00:00+00:00,0.0,33.981205,0.0,0.0,0.0,17.741539,Clear sky
680,2016-11-11 07:00:00+00:00,2.0,35.4962,0.0,0.0,0.0,15.698895,Partly cloudy
681,2016-11-12 07:00:00+00:00,3.0,41.916195,0.0,0.0,0.0,14.234424,Overcast
682,2016-11-13 07:00:00+00:00,2.0,35.85245,0.0,0.0,0.0,14.409128,Partly cloudy
683,2016-11-14 07:00:00+00:00,0.0,33.2837,0.0,0.0,0.0,10.774819,Clear sky
684,2016-11-15 07:00:00+00:00,3.0,39.441208,0.0,0.0,0.0,9.827536,Overcast
685,2016-11-16 07:00:00+00:00,0.0,36.1637,0.0,0.0,0.0,8.863716,Clear sky
686,2016-11-17 07:00:00+00:00,3.0,42.801205,0.0,0.0,0.0,12.737158,Overcast
687,2016-11-18 07:00:00+00:00,3.0,38.878696,0.0,0.0,0.0,13.6456995,Overcast
688,2016-11-19 07:00:00+00:00,3.0,31.389948,0.0,0.0,0.0,11.959063,Overcast
689,2016-11-20 07:00:00+00:00,71.0,23.77745,0.05511811,0.0,0.0,13.488943,Slight snow fall
690,2016-11-21 07:00:00+00:00,3.0,10.007451,0.0,0.0,0.0,13.200195,Overcast
691,2016-11-22 07:00:00+00:00,2.0,12.609952,0.0,0.0,0.0,10.292631,Partly cloudy
692,2016-11-23 07:00:00+00:00,0.0,17.166199,0.0,0.0,0.0,11.406507,Clear sky
693,2016-11-24 07:00:00+00:00,3.0,22.7312,0.0,0.0,0.0,14.663872,Overcast
694,2016-11-25 07:00:00+00:00,3.0,26.053696,0.0,0.0,0.0,18.608828,Overcast
695,2016-11-26 07:00:00+00:00,0.0,25.9487,0.0,0.0,0.0,17.56437,Clear sky
696,2016-11-27 07:00:00+00:00,1.0,25.1312,0.0,0.0,0.0,3.8094735,Mainly clear
697,2016-11-28 07:00:00+00:00,73.0,27.159948,0.68897635,0.09448819,0.0,10.31206,Moderate snow fall
698,2016-11-29 07:00:00+00:00,3.0,26.6837,0.0,0.0,0.0,13.215351,Overcast
699,2016-11-30 07:00:00+00:00,0.0,25.408699,0.0,0.0,0.0,11.463397,Clear sky
700,2016-12-01 07:00:00+00:00,0.0,26.064949,0.0,0.0,0.0,5.461213,Clear sky
701,2016-12-02 07:00:00+00:00,3.0,29.7062,0.0,0.0,0.0,11.340508,Overcast
702,2016-12-03 07:00:00+00:00,3.0,27.831198,0.0,0.0,0.0,11.406507,Overcast
703,2016-12-04 07:00:00+00:00,3.0,24.18245,0.0,0.0,0.0,12.112896,Overcast
704,2016-12-05 07:00:00+00:00,0.0,22.89245,0.0,0.0,0.0,13.0438385,Clear sky
705,2016-12-06 07:00:00+00:00,0.0,25.656199,0.0,0.0,0.0,12.924363,Clear sky
706,2016-12-07 07:00:00+00:00,3.0,27.474947,0.0,0.0,0.0,11.858211,Overcast
707,2016-12-08 07:00:00+00:00,3.0,22.06745,0.0,0.0,0.0,6.5792146,Overcast
708,2016-12-09 07:00:00+00:00,2.0,24.726202,0.0,0.0,0.0,3.9576569,Partly cloudy
709,2016-12-10 07:00:00+00:00,3.0,25.88495,0.0,0.0,0.0,5.716399,Overcast
710,2016-12-11 07:00:00+00:00,71.0,31.29995,0.16535433,0.0,0.0,6.5792146,Slight snow fall
711,2016-12-12 07:00:00+00:00,71.0,26.334951,0.11023622,0.003937008,0.0,7.109297,Slight snow fall
712,2016-12-13 07:00:00+00:00,2.0,21.628702,0.0,0.0,0.0,8.7357645,Partly cloudy
713,2016-12-14 07:00:00+00:00,1.0,20.657454,0.0,0.0,0.0,9.852963,Mainly clear
714,2016-12-15 07:00:00+00:00,2.0,21.85745,0.0,0.0,0.0,8.815597,Partly cloudy
715,2016-12-16 07:00:00+00:00,3.0,25.314949,0.0,0.0,0.0,7.9437127,Overcast
716,2016-12-17 07:00:00+00:00,0.0,25.206198,0.0,0.0,0.0,4.474,Clear sky
717,2016-12-18 07:00:00+00:00,0.0,25.843702,0.0,0.0,0.0,4.343468,Clear sky
718,2016-12-19 07:00:00+00:00,3.0,28.65245,0.0,0.0,0.0,6.5219193,Overcast
719,2016-12-20 07:00:00+00:00,73.0,31.903696,0.63385826,0.07086614,0.0,10.290199,Moderate snow fall
720,2016-12-21 07:00:00+00:00,3.0,22.101198,0.0,0.0,0.0,11.858211,Overcast
721,2016-12-22 07:00:00+00:00,3.0,20.571198,0.0,0.0,0.0,7.75565,Overcast
722,2016-12-23 07:00:00+00:00,3.0,24.996199,0.0,0.0,0.0,7.3854885,Overcast
723,2016-12-24 07:00:00+00:00,71.0,30.264954,0.05511811,0.003937008,0.0,9.976619,Slight snow fall
724,2016-12-25 07:00:00+00:00,71.0,22.569952,0.16535433,0.01968504,0.0,12.32788,Slight snow fall
725,2016-12-26 07:00:00+00:00,3.0,16.183699,0.0,0.0,0.0,14.602317,Overcast
726,2016-12-27 07:00:00+00:00,2.0,15.437451,0.0,0.0,0.0,9.8833885,Partly cloudy
727,2016-12-28 07:00:00+00:00,0.0,11.6912,0.0,0.0,0.0,9.437912,Clear sky
728,2016-12-29 07:00:00+00:00,3.0,16.9862,0.0,0.0,0.0,6.3034196,Overcast
729,2016-12-30 07:00:00+00:00,0.0,22.71245,0.0,0.0,0.0,11.004585,Clear sky
730,2016-12-31 07:00:00+00:00,3.0,24.623678,0.0,0.0,0.0,10.304778,Overcast
731,2017-01-01 07:00:00+00:00,3.0,20.297903,0.0,0.0,0.0,11.811699,Overcast
732,2017-01-02 07:00:00+00:00,1.0,25.77665,0.0,0.0,0.0,13.17553,Mainly clear
733,2017-01-03 07:00:00+00:00,3.0,28.01165,0.0,0.0,0.0,8.031422,Overcast
734,2017-01-04 07:00:00+00:00,51.0,30.002901,0.0,0.003937008,0.003937008,9.261288,Light drizzle
735,2017-01-05 07:00:00+00:00,71.0,32.496647,0.05511811,0.011811024,0.003937008,11.889818,Slight snow fall
736,2017-01-06 07:00:00+00:00,73.0,22.2854,0.16535434,0.027559055,0.003937008,12.305533,Moderate snow fall
737,2017-01-07 07:00:00+00:00,3.0,17.020401,0.0,0.0,0.0,8.304062,Overcast
738,2017-01-08 07:00:00+00:00,0.0,15.190399,0.0,0.0,0.0,10.804965,Clear sky
739,2017-01-09 07:00:00+00:00,3.0,14.376651,0.0,0.0,0.0,10.758552,Overcast
740,2017-01-10 07:00:00+00:00,0.0,16.345402,0.0,0.0,0.0,12.154139,Clear sky
741,2017-01-11 07:00:00+00:00,0.0,16.18415,0.0,0.0,0.0,12.875874,Clear sky
742,2017-01-12 07:00:00+00:00,0.0,15.4754,0.0,0.0,0.0,12.766588,Clear sky
743,2017-01-13 07:00:00+00:00,3.0,14.78915,0.0,0.0,0.0,10.299921,Overcast
744,2017-01-14 07:00:00+00:00,3.0,19.765402,0.0,0.0,0.0,8.503543,Overcast
745,2017-01-15 07:00:00+00:00,3.0,18.820398,0.0,0.0,0.0,11.515661,Overcast
746,2017-01-16 07:00:00+00:00,0.0,16.52915,0.0,0.0,0.0,12.598898,Clear sky
747,2017-01-17 07:00:00+00:00,3.0,13.566648,0.0,0.0,0.0,10.343555,Overcast
748,2017-01-18 07:00:00+00:00,71.0,13.01915,0.027559055,0.003937008,0.0,17.518724,Slight snow fall
749,2017-01-19 07:00:00+00:00,2.0,5.7816486,0.0,0.0,0.0,15.821141,Partly cloudy
750,2017-01-20 07:00:00+00:00,0.0,10.16915,0.0,0.0,0.0,11.925539,Clear sky
751,2017-01-21 07:00:00+00:00,2.0,9.385399,0.0,0.0,0.0,11.211812,Partly cloudy
752,2017-01-22 07:00:00+00:00,0.0,13.982902,0.0,0.0,0.0,9.619101,Clear sky
753,2017-01-23 07:00:00+00:00,3.0,19.0379,0.0,0.0,0.0,8.826942,Overcast
754,2017-01-24 07:00:00+00:00,2.0,24.265402,0.0,0.0,0.0,10.922426,Partly cloudy
755,2017-01-25 07:00:00+00:00,3.0,30.546646,0.0,0.0,0.0,19.731304,Overcast
756,2017-01-26 07:00:00+00:00,3.0,19.1129,0.0,0.0,0.0,17.997774,Overcast
757,2017-01-27 07:00:00+00:00,3.0,27.824148,0.0,0.0,0.0,11.294082,Overcast
758,2017-01-28 07:00:00+00:00,3.0,14.01665,0.0,0.0,0.0,13.691463,Overcast
759,2017-01-29 07:00:00+00:00,3.0,6.756649,0.0,0.0,0.0,11.63455,Overcast
760,2017-01-30 07:00:00+00:00,3.0,14.774151,0.0,0.0,0.0,6.362683,Overcast
761,2017-01-31 07:00:00+00:00,0.0,15.107902,0.0,0.0,0.0,13.249387,Clear sky
762,2017-02-01 07:00:00+00:00,2.0,20.07665,0.0,0.0,0.0,6.8035703,Partly cloudy
763,2017-02-02 07:00:00+00:00,3.0,25.9904,0.0,0.0,0.0,10.292631,Overcast
764,2017-02-03 07:00:00+00:00,3.0,25.8554,0.0,0.0,0.0,11.015947,Overcast
765,2017-02-04 07:00:00+00:00,3.0,23.155401,0.0,0.0,0.0,8.249648,Overcast
766,2017-02-05 07:00:00+00:00,3.0,26.537903,0.0,0.0,0.0,18.469818,Overcast
767,2017-02-06 07:00:00+00:00,73.0,30.26165,0.88188976,0.12598425,0.0,12.046614,Moderate snow fall
768,2017-02-07 07:00:00+00:00,71.0,18.40415,0.16535433,0.023622047,0.0,17.073162,Slight snow fall
769,2017-02-08 07:00:00+00:00,0.0,9.48665,0.0,0.0,0.0,12.285184,Clear sky
770,2017-02-09 07:00:00+00:00,0.0,11.63915,0.0,0.0,0.0,10.243897,Clear sky
771,2017-02-10 07:00:00+00:00,0.0,16.667898,0.0,0.0,0.0,9.437912,Clear sky
772,2017-02-11 07:00:00+00:00,1.0,20.9129,0.0,0.0,0.0,9.906147,Mainly clear
773,2017-02-12 07:00:00+00:00,1.0,25.296652,0.0,0.0,0.0,7.8135056,Mainly clear
774,2017-02-13 07:00:00+00:00,3.0,29.020403,0.0,0.0,0.0,10.922426,Overcast
775,2017-02-14 07:00:00+00:00,3.0,35.15165,0.0,0.0,0.0,20.03458,Overcast
776,2017-02-15 07:00:00+00:00,3.0,35.4029,0.0,0.0,0.0,16.908228,Overcast
777,2017-02-16 07:00:00+00:00,3.0,21.835398,0.0,0.0,0.0,15.566049,Overcast
778,2017-02-17 07:00:00+00:00,1.0,27.790403,0.0,0.0,0.0,15.514526,Mainly clear
779,2017-02-18 07:00:00+00:00,3.0,37.19165,0.0,0.0,0.0,20.563374,Overcast
780,2017-02-19 07:00:00+00:00,3.0,23.2829,0.0,0.0,0.0,16.831102,Overcast
781,2017-02-20 07:00:00+00:00,73.0,27.5729,2.1496062,0.3070866,0.0,17.689281,Moderate snow fall
782,2017-02-21 07:00:00+00:00,71.0,24.0179,0.027559055,0.007874016,0.003937008,15.7450485,Slight snow fall
783,2017-02-22 07:00:00+00:00,3.0,17.75915,0.0,0.0,0.0,15.5113,Overcast
784,2017-02-23 07:00:00+00:00,0.0,21.2054,0.0,0.0,0.0,11.240786,Clear sky
785,2017-02-24 07:00:00+00:00,1.0,24.13415,0.0,0.0,0.0,11.340508,Mainly clear
786,2017-02-25 07:00:00+00:00,3.0,26.8379,0.0,0.0,0.0,9.406046,Overcast
787,2017-02-26 07:00:00+00:00,1.0,29.774149,0.0,0.0,0.0,12.3035,Mainly clear
788,2017-02-27 07:00:00+00:00,3.0,29.436651,0.0,0.0,0.0,12.154139,Overcast
789,2017-02-28 07:00:00+00:00,71.0,25.2329,0.05511811,0.007874016,0.0,14.360424,Slight snow fall
790,2017-03-01 07:00:00+00:00,0.0,27.03665,0.0,0.0,0.0,13.311561,Clear sky
791,2017-03-02 07:00:00+00:00,3.0,32.942898,0.0,0.0,0.0,11.608715,Overcast
792,2017-03-03 07:00:00+00:00,0.0,33.33665,0.0,0.0,0.0,8.973131,Clear sky
793,2017-03-04 07:00:00+00:00,3.0,29.84165,0.0,0.0,0.0,19.451612,Overcast
794,2017-03-05 07:00:00+00:00,3.0,27.696653,0.0,0.0,0.0,19.757915,Overcast
795,2017-03-06 07:00:00+00:00,3.0,23.87915,0.0,0.0,0.0,18.825388,Overcast
796,2017-03-07 07:00:00+00:00,3.0,23.950401,0.0,0.0,0.0,13.62368,Overcast
797,2017-03-08 07:00:00+00:00,1.0,27.044151,0.0,0.0,0.0,9.865652,Mainly clear
798,2017-03-09 07:00:00+00:00,3.0,31.015402,0.0,0.0,0.0,7.9845543,Overcast
799,2017-03-10 07:00:00+00:00,3.0,36.636646,0.0,0.0,0.0,10.068985,Overcast
800,2017-03-11 07:00:00+00:00,3.0,30.3704,0.0,0.0,0.0,16.354597,Overcast
801,2017-03-12 07:00:00+00:00,3.0,29.687899,0.0,0.0,0.0,9.130688,Overcast
802,2017-03-13 07:00:00+00:00,3.0,32.88665,0.0,0.0,0.0,12.108763,Overcast
803,2017-03-14 07:00:00+00:00,3.0,36.7904,0.0,0.0,0.0,8.931207,Overcast
804,2017-03-15 07:00:00+00:00,3.0,38.039154,0.0,0.0,0.0,11.340508,Overcast
805,2017-03-16 07:00:00+00:00,71.0,38.826653,0.08267716,0.078740165,0.06692913,9.704559,Slight snow fall
806,2017-03-17 07:00:00+00:00,51.0,35.73665,0.0,0.003937008,0.003937008,13.347225,Light drizzle
807,2017-03-18 07:00:00+00:00,51.0,39.8579,0.0,0.031496063,0.031496063,7.6973605,Light drizzle
808,2017-03-19 07:00:00+00:00,53.0,39.92165,0.0,0.22047241,0.22047241,6.502709,Moderate drizzle
809,2017-03-20 07:00:00+00:00,51.0,36.475403,0.0,0.027559057,0.027559057,10.399043,Light drizzle
810,2017-03-21 07:00:00+00:00,51.0,38.924152,0.0,0.023622047,0.023622047,9.928854,Light drizzle
811,2017-03-22 07:00:00+00:00,53.0,38.305393,0.0,0.18110234,0.18110234,10.530545,Moderate drizzle
812,2017-03-23 07:00:00+00:00,75.0,30.775398,1.653543,0.3543307,0.11811024,16.872675,Heavy snow fall
813,2017-03-24 07:00:00+00:00,71.0,30.460398,0.08267716,0.015748031,0.003937008,15.047878,Slight snow fall
814,2017-03-25 07:00:00+00:00,71.0,29.7254,0.027559055,0.015748031,0.011811024,16.207062,Slight snow fall
815,2017-03-26 07:00:00+00:00,3.0,33.760403,0.0,0.0,0.0,16.478052,Overcast
816,2017-03-27 07:00:00+00:00,51.0,37.495396,0.0,0.011811024,0.011811024,7.9058256,Light drizzle
817,2017-03-28 07:00:00+00:00,3.0,39.83915,0.0,0.0,0.0,10.704927,Overcast
818,2017-03-29 07:00:00+00:00,3.0,40.0154,0.0,0.0,0.0,15.047878,Overcast
819,2017-03-30 07:00:00+00:00,0.0,33.302906,0.0,0.0,0.0,14.3325205,Clear sky
820,2017-03-31 07:00:00+00:00,2.0,38.129154,0.0,0.0,0.0,12.664266,Partly cloudy
821,2017-04-01 07:00:00+00:00,3.0,45.302902,0.0,0.0,0.0,11.830748,Overcast
822,2017-04-02 07:00:00+00:00,3.0,48.1904,0.0,0.0,0.0,15.006251,Overcast
823,2017-04-03 07:00:00+00:00,61.0,53.8454,0.0,0.18503937,0.18503937,14.407392,Slight rain
824,2017-04-04 07:00:00+00:00,51.0,45.584152,0.0,0.003937008,0.003937008,6.085298,Light drizzle
825,2017-04-05 07:00:00+00:00,3.0,52.3304,0.0,0.0,0.0,12.352211,Overcast
826,2017-04-06 07:00:00+00:00,3.0,56.207897,0.0,0.0,0.0,12.219836,Overcast
827,2017-04-07 07:00:00+00:00,51.0,48.00665,0.0,0.07874015,0.07874015,10.924716,Light drizzle
828,2017-04-08 07:00:00+00:00,53.0,41.942898,0.0,0.05905512,0.05905512,13.0438385,Moderate drizzle
829,2017-04-09 07:00:00+00:00,53.0,42.017902,0.0,0.047244094,0.047244094,7.6876025,Moderate drizzle
830,2017-04-10 07:00:00+00:00,3.0,45.441654,0.0,0.0,0.0,15.122517,Overcast
831,2017-04-11 07:00:00+00:00,2.0,44.51915,0.0,0.0,0.0,12.106697,Partly cloudy
832,2017-04-12 07:00:00+00:00,3.0,48.565403,0.0,0.0,0.0,16.783464,Overcast
833,2017-04-13 07:00:00+00:00,61.0,49.11665,0.0,0.05511811,0.05511811,15.350776,Slight rain
834,2017-04-14 07:00:00+00:00,3.0,51.025394,0.0,0.0,0.0,9.24777,Overcast
835,2017-04-15 07:00:00+00:00,3.0,54.542896,0.0,0.0,0.0,19.015816,Overcast
836,2017-04-16 07:00:00+00:00,3.0,52.341656,0.0,0.0,0.0,21.6989,Overcast
837,2017-04-17 07:00:00+00:00,3.0,46.09415,0.0,0.0,0.0,22.08294,Overcast
838,2017-04-18 07:00:00+00:00,51.0,50.710403,0.0,0.011811024,0.011811024,17.121454,Light drizzle
839,2017-04-19 07:00:00+00:00,61.0,45.2804,0.0,0.08267717,0.08267717,17.677961,Slight rain
840,2017-04-20 07:00:00+00:00,51.0,40.32665,0.0,0.003937008,0.003937008,20.3567,Light drizzle
841,2017-04-21 07:00:00+00:00,0.0,47.65415,0.0,0.0,0.0,18.246298,Clear sky
842,2017-04-22 07:00:00+00:00,2.0,50.4854,0.0,0.0,0.0,17.055567,Partly cloudy
843,2017-04-23 07:00:00+00:00,3.0,49.06415,0.0,0.0,0.0,12.046613,Overcast
844,2017-04-24 07:00:00+00:00,3.0,46.16165,0.0,0.0,0.0,13.827845,Overcast
845,2017-04-25 07:00:00+00:00,0.0,44.200405,0.0,0.0,0.0,10.329031,Clear sky
846,2017-04-26 07:00:00+00:00,3.0,47.204147,0.0,0.0,0.0,16.482607,Overcast
847,2017-04-27 07:00:00+00:00,0.0,53.1554,0.0,0.0,0.0,11.7095785,Clear sky
848,2017-04-28 07:00:00+00:00,0.0,59.00165,0.0,0.0,0.0,13.0438385,Clear sky
849,2017-04-29 07:00:00+00:00,2.0,62.44415,0.0,0.0,0.0,10.523415,Partly cloudy
850,2017-04-30 07:00:00+00:00,53.0,63.20165,0.0,0.047244094,0.047244094,14.79129,Moderate drizzle
851,2017-05-01 07:00:00+00:00,61.0,58.87791,0.0,0.14566928,0.14566928,12.83695,Slight rain
852,2017-05-02 07:00:00+00:00,63.0,59.744152,0.0,0.53543305,0.53543305,20.228466,Moderate rain
853,2017-05-03 07:00:00+00:00,3.0,49.97165,0.0,0.0,0.0,20.37513,Overcast
854,2017-05-04 07:00:00+00:00,3.0,47.84165,0.0,0.0,0.0,25.989664,Overcast
855,2017-05-05 07:00:00+00:00,0.0,49.01915,0.0,0.0,0.0,20.361616,Clear sky
856,2017-05-06 07:00:00+00:00,3.0,56.67665,0.0,0.0,0.0,16.977636,Overcast
857,2017-05-07 07:00:00+00:00,3.0,60.561646,0.0,0.0,0.0,11.015947,Overcast
858,2017-05-08 07:00:00+00:00,51.0,63.06665,0.0,0.0118110245,0.0118110245,17.073162,Light drizzle
859,2017-05-09 07:00:00+00:00,3.0,59.1779,0.0,0.0,0.0,15.666987,Overcast
860,2017-05-10 07:00:00+00:00,51.0,60.359142,0.0,0.0118110245,0.0118110245,19.953236,Light drizzle
861,2017-05-11 07:00:00+00:00,2.0,58.0979,0.0,0.0,0.0,19.807241,Partly cloudy
862,2017-05-12 07:00:00+00:00,3.0,57.68915,0.0,0.0,0.0,21.425041,Overcast
863,2017-05-13 07:00:00+00:00,3.0,59.151653,0.0,0.0,0.0,11.285216,Overcast
864,2017-05-14 07:00:00+00:00,3.0,61.049152,0.0,0.0,0.0,9.933893,Overcast
865,2017-05-15 07:00:00+00:00,3.0,64.00414,0.0,0.0,0.0,12.23825,Overcast
866,2017-05-16 07:00:00+00:00,3.0,70.22915,0.0,0.0,0.0,11.887713,Overcast
867,2017-05-17 07:00:00+00:00,1.0,72.46791,0.0,0.0,0.0,10.343555,Mainly clear
868,2017-05-18 07:00:00+00:00,3.0,74.07665,0.0,0.0,0.0,17.524435,Overcast
869,2017-05-19 07:00:00+00:00,3.0,72.216644,0.0,0.0,0.0,14.847008,Overcast
870,2017-05-20 07:00:00+00:00,3.0,73.052895,0.0,0.0,0.0,12.50521,Overcast
871,2017-05-21 07:00:00+00:00,61.0,59.039143,0.0,0.3700787,0.3700787,17.248125,Slight rain
872,2017-05-22 07:00:00+00:00,3.0,53.42915,0.0,0.0,0.0,12.32179,Overcast
873,2017-05-23 07:00:00+00:00,2.0,59.9054,0.0,0.0,0.0,16.225576,Partly cloudy
874,2017-05-24 07:00:00+00:00,3.0,65.444145,0.0,0.0,0.0,17.014439,Overcast
875,2017-05-25 07:00:00+00:00,0.0,69.0779,0.0,0.0,0.0,6.818264,Clear sky
876,2017-05-26 07:00:00+00:00,0.0,75.37415,0.0,0.0,0.0,13.542628,Clear sky
877,2017-05-27 07:00:00+00:00,53.0,77.19665,0.0,0.03543307,0.03543307,10.31206,Moderate drizzle
878,2017-05-28 07:00:00+00:00,51.0,75.23916,0.0,0.003937008,0.003937008,20.449902,Light drizzle
879,2017-05-29 07:00:00+00:00,55.0,69.83165,0.0,0.2559055,0.2559055,16.00667,Dense drizzle
880,2017-05-30 07:00:00+00:00,1.0,68.297905,0.0,0.0,0.0,15.191849,Mainly clear
881,2017-05-31 07:00:00+00:00,3.0,72.67414,0.0,0.0,0.0,14.89244,Overcast
882,2017-06-01 07:00:00+00:00,3.0,75.77166,0.0,0.0,0.0,15.441782,Overcast
883,2017-06-02 07:00:00+00:00,3.0,68.26414,0.0,0.0,0.0,15.939312,Overcast
884,2017-06-03 07:00:00+00:00,3.0,68.69915,0.0,0.0,0.0,9.83517,Overcast
885,2017-06-04 07:00:00+00:00,51.0,68.661644,0.0,0.023622047,0.023622047,19.610466,Light drizzle
886,2017-06-05 07:00:00+00:00,61.0,53.744156,0.0,0.47244087,0.47244087,17.01444,Slight rain
887,2017-06-06 07:00:00+00:00,3.0,59.4554,0.0,0.0,0.0,11.915043,Overcast
888,2017-06-07 07:00:00+00:00,3.0,65.87165,0.0,0.0,0.0,8.420753,Overcast
889,2017-06-08 07:00:00+00:00,3.0,68.1704,0.0,0.0,0.0,11.845542,Overcast
890,2017-06-09 07:00:00+00:00,51.0,71.90165,0.0,0.003937008,0.003937008,15.188554,Light drizzle
891,2017-06-10 07:00:00+00:00,61.0,68.6204,0.0,0.09055118,0.09055118,13.09744,Slight rain
892,2017-06-11 07:00:00+00:00,61.0,72.59915,0.0,0.09448819,0.09448819,13.24372,Slight rain
893,2017-06-12 07:00:00+00:00,51.0,68.38416,0.0,0.011811024,0.011811024,19.702116,Light drizzle
894,2017-06-13 07:00:00+00:00,3.0,69.58416,0.0,0.0,0.0,14.165704,Overcast
895,2017-06-14 07:00:00+00:00,3.0,73.38665,0.0,0.0,0.0,9.517114,Overcast
896,2017-06-15 07:00:00+00:00,3.0,74.9204,0.0,0.0,0.0,10.73993,Overcast
897,2017-06-16 07:00:00+00:00,53.0,74.77414,0.0,0.023622047,0.023622047,18.27781,Moderate drizzle
898,2017-06-17 07:00:00+00:00,51.0,76.022896,0.0,0.007874016,0.007874016,12.3035,Light drizzle
899,2017-06-18 07:00:00+00:00,3.0,70.10915,0.0,0.0,0.0,16.872675,Overcast
900,2017-06-19 07:00:00+00:00,2.0,71.0429,0.0,0.0,0.0,16.131237,Partly cloudy
901,2017-06-20 07:00:00+00:00,51.0,73.4054,0.0,0.003937008,0.003937008,9.564319,Light drizzle
902,2017-06-21 07:00:00+00:00,63.0,65.45165,0.0,0.53149605,0.53149605,16.71774,Moderate rain
903,2017-06-22 07:00:00+00:00,51.0,62.504147,0.0,0.0511811,0.0511811,6.673612,Light drizzle
904,2017-06-23 07:00:00+00:00,51.0,63.344147,0.0,0.015748031,0.015748031,12.174706,Light drizzle
905,2017-06-24 07:00:00+00:00,61.0,65.4329,0.0,0.06692913,0.06692913,9.745725,Slight rain
906,2017-06-25 07:00:00+00:00,61.0,69.06289,0.0,0.05511811,0.05511811,7.3139977,Slight rain
907,2017-06-26 07:00:00+00:00,51.0,73.30041,0.0,0.007874016,0.007874016,10.20229,Light drizzle
908,2017-06-27 07:00:00+00:00,61.0,76.28916,0.0,0.055118106,0.055118106,12.976529,Slight rain
909,2017-06-28 07:00:00+00:00,3.0,75.3104,0.0,0.0,0.0,11.049964,Overcast
910,2017-06-29 07:00:00+00:00,53.0,75.10415,0.0,0.031496063,0.031496063,9.888451,Moderate drizzle
911,2017-06-30 07:00:00+00:00,3.0,75.8354,0.0,0.0,0.0,8.863716,Overcast
912,2017-07-01 07:00:00+00:00,51.0,77.429146,0.0,0.015748031,0.015748031,8.084209,Light drizzle
913,2017-07-02 07:00:00+00:00,51.0,79.13915,0.0,0.011811024,0.011811024,9.437913,Light drizzle
914,2017-07-03 07:00:00+00:00,55.0,73.664154,0.0,0.09448819,0.09448819,12.877817,Dense drizzle
915,2017-07-04 07:00:00+00:00,51.0,76.2329,0.0,0.003937008,0.003937008,9.642482,Light drizzle
916,2017-07-05 07:00:00+00:00,61.0,70.109146,0.0,0.3858267,0.3858267,17.373873,Slight rain
917,2017-07-06 07:00:00+00:00,2.0,70.04915,0.0,0.0,0.0,19.258999,Partly cloudy
918,2017-07-07 07:00:00+00:00,55.0,74.67666,0.0,0.04330709,0.04330709,20.67864,Dense drizzle
919,2017-07-08 07:00:00+00:00,3.0,74.766655,0.0,0.0,0.0,15.660598,Overcast
920,2017-07-09 07:00:00+00:00,51.0,73.50289,0.0,0.015748031,0.015748031,9.556468,Light drizzle
921,2017-07-10 07:00:00+00:00,51.0,77.93165,0.0,0.011811024,0.011811024,14.5405,Light drizzle
922,2017-07-11 07:00:00+00:00,51.0,80.069145,0.0,0.0118110245,0.0118110245,14.718371,Light drizzle
923,2017-07-12 07:00:00+00:00,2.0,84.3254,0.0,0.0,0.0,14.487058,Partly cloudy
924,2017-07-13 07:00:00+00:00,61.0,79.9154,0.0,0.08267716,0.08267716,13.607141,Slight rain
925,2017-07-14 07:00:00+00:00,55.0,76.7129,0.0,0.055118106,0.055118106,12.354236,Dense drizzle
926,2017-07-15 07:00:00+00:00,3.0,76.881645,0.0,0.0,0.0,12.354236,Overcast
927,2017-07-16 07:00:00+00:00,0.0,79.304146,0.0,0.0,0.0,8.640729,Clear sky
928,2017-07-17 07:00:00+00:00,1.0,79.7504,0.0,0.0,0.0,10.341136,Mainly clear
929,2017-07-18 07:00:00+00:00,2.0,81.70415,0.0,0.0,0.0,10.485304,Partly cloudy
930,2017-07-19 07:00:00+00:00,51.0,83.90915,0.0,0.023622047,0.023622047,13.505627,Light drizzle
931,2017-07-20 07:00:00+00:00,51.0,79.701645,0.0,0.011811024,0.011811024,10.51628,Light drizzle
932,2017-07-21 07:00:00+00:00,63.0,77.7929,0.0,0.92913383,0.92913383,13.505627,Moderate rain
933,2017-07-22 07:00:00+00:00,65.0,74.79665,0.0,1.1181103,1.1181103,10.606305,Heavy rain
934,2017-07-23 07:00:00+00:00,63.0,71.920395,0.0,0.36614168,0.36614168,14.731966,Moderate rain
935,2017-07-24 07:00:00+00:00,61.0,68.30164,0.0,0.12204724,0.12204724,14.934384,Slight rain
936,2017-07-25 07:00:00+00:00,65.0,69.0704,0.0,1.8622047,1.8622047,12.752862,Heavy rain
937,2017-07-26 07:00:00+00:00,51.0,72.287895,0.0,0.003937008,0.003937008,7.327669,Light drizzle
938,2017-07-27 07:00:00+00:00,3.0,68.7629,0.0,0.0,0.0,6.3153167,Overcast
939,2017-07-28 07:00:00+00:00,51.0,68.86415,0.0,0.007874016,0.007874016,9.24777,Light drizzle
940,2017-07-29 07:00:00+00:00,51.0,71.2529,0.0,0.007874016,0.007874016,9.323219,Light drizzle
941,2017-07-30 07:00:00+00:00,55.0,73.281654,0.0,0.03937008,0.03937008,7.3037276,Dense drizzle
942,2017-07-31 07:00:00+00:00,3.0,75.3179,0.0,0.0,0.0,9.3687315,Overcast
943,2017-08-01 07:00:00+00:00,63.0,71.7929,0.0,0.72047246,0.72047246,8.826942,Moderate rain
944,2017-08-02 07:00:00+00:00,51.0,70.600395,0.0,0.003937008,0.003937008,6.6435504,Light drizzle
945,2017-08-03 07:00:00+00:00,53.0,71.25664,0.0,0.12992126,0.12992126,12.968814,Moderate drizzle
946,2017-08-04 07:00:00+00:00,51.0,70.48791,0.0,0.003937008,0.003937008,11.052229,Light drizzle
947,2017-08-05 07:00:00+00:00,53.0,70.5254,0.0,0.01968504,0.01968504,12.83695,Moderate drizzle
948,2017-08-06 07:00:00+00:00,3.0,71.65415,0.0,0.0,0.0,7.8550243,Overcast
949,2017-08-07 07:00:00+00:00,51.0,69.73789,0.0,0.007874016,0.007874016,10.473366,Light drizzle
950,2017-08-08 07:00:00+00:00,53.0,67.31165,0.0,0.1023622,0.1023622,12.811586,Moderate drizzle
951,2017-08-09 07:00:00+00:00,51.0,72.31414,0.0,0.003937008,0.003937008,14.2765465,Light drizzle
952,2017-08-10 07:00:00+00:00,61.0,74.391655,0.0,0.062992126,0.062992126,14.9544735,Slight rain
953,2017-08-11 07:00:00+00:00,51.0,71.72915,0.0,0.003937008,0.003937008,10.187565,Light drizzle
954,2017-08-12 07:00:00+00:00,3.0,71.91665,0.0,0.0,0.0,15.067819,Overcast
955,2017-08-13 07:00:00+00:00,2.0,71.249146,0.0,0.0,0.0,9.608689,Partly cloudy
956,2017-08-14 07:00:00+00:00,3.0,74.009155,0.0,0.0,0.0,9.50396,Overcast
957,2017-08-15 07:00:00+00:00,3.0,72.7304,0.0,0.0,0.0,12.881702,Overcast
958,2017-08-16 07:00:00+00:00,51.0,74.747894,0.0,0.0118110245,0.0118110245,13.6676855,Light drizzle
959,2017-08-17 07:00:00+00:00,61.0,69.7454,0.0,0.37795275,0.37795275,13.835081,Slight rain
960,2017-08-18 07:00:00+00:00,53.0,68.9654,0.0,0.031496063,0.031496063,9.196219,Moderate drizzle
961,2017-08-19 07:00:00+00:00,51.0,71.657906,0.0,0.01968504,0.01968504,11.358147,Light drizzle
962,2017-08-20 07:00:00+00:00,51.0,68.0804,0.0,0.011811024,0.011811024,8.423723,Light drizzle
963,2017-08-21 07:00:00+00:00,63.0,68.1629,0.0,0.74803156,0.74803156,10.774819,Moderate rain
964,2017-08-22 07:00:00+00:00,61.0,62.2379,0.0,0.12598425,0.12598425,11.399924,Slight rain
965,2017-08-23 07:00:00+00:00,3.0,65.61666,0.0,0.0,0.0,10.924716,Overcast
966,2017-08-24 07:00:00+00:00,3.0,62.286655,0.0,0.0,0.0,8.701326,Overcast
967,2017-08-25 07:00:00+00:00,3.0,63.299152,0.0,0.0,0.0,14.323789,Overcast
968,2017-08-26 07:00:00+00:00,55.0,58.3604,0.0,0.36220467,0.36220467,14.218595,Dense drizzle
969,2017-08-27 07:00:00+00:00,51.0,58.544147,0.0,0.007874016,0.007874016,12.545163,Light drizzle
970,2017-08-28 07:00:00+00:00,3.0,60.74539,0.0,0.0,0.0,10.665118,Overcast
971,2017-08-29 07:00:00+00:00,3.0,61.1654,0.0,0.0,0.0,13.005418,Overcast
972,2017-08-30 07:00:00+00:00,1.0,65.6654,0.0,0.0,0.0,8.003335,Mainly clear
973,2017-08-31 07:00:00+00:00,53.0,65.88664,0.0,0.027559055,0.027559055,10.054064,Moderate drizzle
974,2017-09-01 07:00:00+00:00,51.0,64.76165,0.0,0.007874016,0.007874016,12.342079,Light drizzle
975,2017-09-02 07:00:00+00:00,53.0,65.219154,0.0,0.06692913,0.06692913,13.228598,Moderate drizzle
976,2017-09-03 07:00:00+00:00,63.0,63.89165,0.0,0.39370078,0.39370078,14.005835,Moderate rain
977,2017-09-04 07:00:00+00:00,53.0,63.6404,0.0,0.06692913,0.06692913,12.545163,Moderate drizzle
978,2017-09-05 07:00:00+00:00,3.0,61.5029,0.0,0.0,0.0,7.546353,Overcast
979,2017-09-06 07:00:00+00:00,0.0,66.5279,0.0,0.0,0.0,12.106697,Clear sky
980,2017-09-07 07:00:00+00:00,3.0,66.99665,0.0,0.0,0.0,10.6086645,Overcast
981,2017-09-08 07:00:00+00:00,3.0,70.0079,0.0,0.0,0.0,11.858211,Overcast
982,2017-09-09 07:00:00+00:00,61.0,65.571655,0.0,0.22834644,0.22834644,14.402181,Slight rain
983,2017-09-10 07:00:00+00:00,1.0,62.511646,0.0,0.0,0.0,9.223387,Mainly clear
984,2017-09-11 07:00:00+00:00,1.0,64.3904,0.0,0.0,0.0,7.5031257,Mainly clear
985,2017-09-12 07:00:00+00:00,3.0,67.95664,0.0,0.0,0.0,7.6451745,Overcast
986,2017-09-13 07:00:00+00:00,51.0,66.44164,0.0,0.027559057,0.027559057,12.654383,Light drizzle
987,2017-09-14 07:00:00+00:00,61.0,61.739155,0.0,0.3188976,0.3188976,10.304778,Slight rain
988,2017-09-15 07:00:00+00:00,61.0,63.104145,0.0,0.23622048,0.23622048,11.126686,Slight rain
989,2017-09-16 07:00:00+00:00,3.0,58.656647,0.0,0.0,0.0,9.93641,Overcast
990,2017-09-17 07:00:00+00:00,1.0,62.05415,0.0,0.0,0.0,12.654383,Mainly clear
991,2017-09-18 07:00:00+00:00,2.0,61.911655,0.0,0.0,0.0,14.374357,Partly cloudy
992,2017-09-19 07:00:00+00:00,3.0,59.732906,0.0,0.0,0.0,12.906927,Overcast
993,2017-09-20 07:00:00+00:00,53.0,64.89666,0.0,0.074803144,0.074803144,20.256897,Moderate drizzle
994,2017-09-21 07:00:00+00:00,0.0,57.464153,0.0,0.0,0.0,19.061813,Clear sky
995,2017-09-22 07:00:00+00:00,3.0,59.556644,0.0,0.0,0.0,15.635014,Overcast
996,2017-09-23 07:00:00+00:00,3.0,64.82165,0.0,0.0,0.0,15.350775,Overcast
997,2017-09-24 07:00:00+00:00,61.0,64.04165,0.0,0.2519685,0.2519685,12.059069,Slight rain
998,2017-09-25 07:00:00+00:00,63.0,60.4229,0.0,0.68897635,0.68897635,15.673374,Moderate rain
999,2017-09-26 07:00:00+00:00,3.0,55.971653,0.0,0.0,0.0,10.704927,Overcast
1000,2017-09-27 07:00:00+00:00,2.0,47.27915,0.0,0.0,0.0,18.031109,Partly cloudy
1001,2017-09-28 07:00:00+00:00,2.0,52.184147,0.0,0.0,0.0,11.305152,Partly cloudy
1002,2017-09-29 07:00:00+00:00,3.0,58.791653,0.0,0.0,0.0,16.183887,Overcast
1003,2017-09-30 07:00:00+00:00,3.0,59.849148,0.0,0.0,0.0,14.922651,Overcast
1004,2017-10-01 07:00:00+00:00,61.0,52.9454,0.0,0.31889763,0.31889763,9.312478,Slight rain
1005,2017-10-02 07:00:00+00:00,3.0,47.076656,0.0,0.0,0.0,9.480236,Overcast
1006,2017-10-03 07:00:00+00:00,3.0,48.22415,0.0,0.0,0.0,13.871204,Overcast
1007,2017-10-04 07:00:00+00:00,3.0,51.84665,0.0,0.0,0.0,13.629188,Overcast
1008,2017-10-05 07:00:00+00:00,3.0,52.240402,0.0,0.0,0.0,11.864539,Overcast
1009,2017-10-06 07:00:00+00:00,3.0,54.479145,0.0,0.0,0.0,9.182606,Overcast
1010,2017-10-07 07:00:00+00:00,55.0,57.355404,0.0,0.09055118,0.09055118,8.790015,Dense drizzle
1011,2017-10-08 07:00:00+00:00,73.0,47.39915,1.0472441,0.88188976,0.7322835,13.305919,Moderate snow fall
1012,2017-10-09 07:00:00+00:00,73.0,38.417904,0.22047246,0.29527557,0.26377955,11.839205,Moderate snow fall
1013,2017-10-10 07:00:00+00:00,3.0,39.044147,0.0,0.0,0.0,9.629499,Overcast
1014,2017-10-11 07:00:00+00:00,51.0,41.166653,0.0,0.027559057,0.027559057,17.723196,Light drizzle
1015,2017-10-12 07:00:00+00:00,3.0,39.8879,0.0,0.0,0.0,14.872265,Overcast
1016,2017-10-13 07:00:00+00:00,53.0,43.487896,0.0,0.023622047,0.023622047,12.664266,Moderate drizzle
1017,2017-10-14 07:00:00+00:00,51.0,47.957897,0.0,0.03937008,0.03937008,14.009408,Light drizzle
1018,2017-10-15 07:00:00+00:00,51.0,47.47415,0.0,0.007874016,0.007874016,14.012979,Light drizzle
1019,2017-10-16 07:00:00+00:00,61.0,47.646652,0.0,0.10629921,0.10629921,10.439865,Slight rain
1020,2017-10-17 07:00:00+00:00,61.0,44.92415,0.0,0.44881883,0.44881883,11.811699,Slight rain
1021,2017-10-18 07:00:00+00:00,3.0,43.95665,0.0,0.0,0.0,7.227968,Overcast
1022,2017-10-19 07:00:00+00:00,2.0,47.496643,0.0,0.0,0.0,7.59263,Partly cloudy
1023,2017-10-20 07:00:00+00:00,61.0,49.679153,0.0,0.07086614,0.07086614,11.548207,Slight rain
1024,2017-10-21 07:00:00+00:00,53.0,44.4704,0.0,0.031496063,0.031496063,12.254596,Moderate drizzle
1025,2017-10-22 07:00:00+00:00,1.0,44.590397,0.0,0.0,0.0,11.743717,Mainly clear
1026,2017-10-23 07:00:00+00:00,2.0,44.672894,0.0,0.0,0.0,9.827536,Partly cloudy
1027,2017-10-24 07:00:00+00:00,55.0,47.166653,0.0,0.122047246,0.122047246,6.4872994,Dense drizzle
1028,2017-10-25 07:00:00+00:00,53.0,47.3804,0.0,0.09055118,0.09055118,11.391141,Moderate drizzle
1029,2017-10-26 07:00:00+00:00,0.0,47.37665,0.0,0.0,0.0,11.406507,Clear sky
1030,2017-10-27 07:00:00+00:00,73.0,42.4979,0.38582677,0.08661417,0.031496063,16.956991,Moderate snow fall
1031,2017-10-28 07:00:00+00:00,0.0,27.775404,0.0,0.0,0.0,12.664266,Clear sky
1032,2017-10-29 07:00:00+00:00,0.0,30.31415,0.0,0.0,0.0,10.2047415,Clear sky
1033,2017-10-30 07:00:00+00:00,3.0,39.497902,0.0,0.0,0.0,13.17553,Overcast
1034,2017-10-31 07:00:00+00:00,3.0,41.3579,0.0,0.0,0.0,12.93017,Overcast
1035,2017-11-01 07:00:00+00:00,3.0,43.88165,0.0,0.0,0.0,16.8073,Overcast
1036,2017-11-02 07:00:00+00:00,3.0,35.114147,0.0,0.0,0.0,13.335973,Overcast
1037,2017-11-03 07:00:00+00:00,0.0,33.20915,0.0,0.0,0.0,9.888451,Clear sky
1038,2017-11-04 07:00:00+00:00,3.0,41.80415,0.0,0.0,0.0,12.038303,Overcast
1039,2017-11-05 07:00:00+00:00,3.0,46.79916,0.0,0.0,0.0,14.8554325,Overcast
1040,2017-11-06 07:00:00+00:00,3.0,42.0854,0.0,0.0,0.0,16.675781,Overcast
1041,2017-11-07 07:00:00+00:00,3.0,37.371647,0.0,0.0,0.0,11.018218,Overcast
1042,2017-11-08 07:00:00+00:00,53.0,43.85165,0.0,0.047244094,0.047244094,19.173061,Moderate drizzle
1043,2017-11-09 07:00:00+00:00,3.0,31.105402,0.0,0.0,0.0,18.14178,Overcast
1044,2017-11-10 07:00:00+00:00,3.0,26.4629,0.0,0.0,0.0,10.970427,Overcast
1045,2017-11-11 07:00:00+00:00,3.0,34.70165,0.0,0.0,0.0,19.173061,Overcast
1046,2017-11-12 07:00:00+00:00,3.0,31.386648,0.0,0.0,0.0,19.59004,Overcast
1047,2017-11-13 07:00:00+00:00,2.0,22.645401,0.0,0.0,0.0,19.217377,Partly cloudy
1048,2017-11-14 07:00:00+00:00,3.0,23.072899,0.0,0.0,0.0,12.654383,Overcast
1049,2017-11-15 07:00:00+00:00,3.0,28.709154,0.0,0.0,0.0,9.766241,Overcast
1050,2017-11-16 07:00:00+00:00,3.0,25.656649,0.0,0.0,0.0,16.231743,Overcast
1051,2017-11-17 07:00:00+00:00,0.0,15.351651,0.0,0.0,0.0,13.653033,Clear sky
1052,2017-11-18 07:00:00+00:00,3.0,21.640402,0.0,0.0,0.0,11.220735,Overcast
1053,2017-11-19 07:00:00+00:00,0.0,25.127901,0.0,0.0,0.0,12.821347,Clear sky
1054,2017-11-20 07:00:00+00:00,2.0,27.617897,0.0,0.0,0.0,16.817717,Partly cloudy
1055,2017-11-21 07:00:00+00:00,3.0,23.312899,0.0,0.0,0.0,19.944456,Overcast
1056,2017-11-22 07:00:00+00:00,3.0,19.7204,0.0,0.0,0.0,22.559345,Overcast
1057,2017-11-23 07:00:00+00:00,3.0,19.262901,0.0,0.0,0.0,19.171755,Overcast
1058,2017-11-24 07:00:00+00:00,3.0,26.864151,0.0,0.0,0.0,19.508127,Overcast
1059,2017-11-25 07:00:00+00:00,2.0,27.261648,0.0,0.0,0.0,19.483744,Partly cloudy
1060,2017-11-26 07:00:00+00:00,2.0,30.936647,0.0,0.0,0.0,16.956991,Partly cloudy
1061,2017-11-27 07:00:00+00:00,0.0,25.570398,0.0,0.0,0.0,13.066837,Clear sky
1062,2017-11-28 07:00:00+00:00,3.0,18.347902,0.0,0.0,0.0,7.0740147,Overcast
1063,2017-11-29 07:00:00+00:00,3.0,17.500399,0.0,0.0,0.0,13.205881,Overcast
1064,2017-11-30 07:00:00+00:00,0.0,18.50915,0.0,0.0,0.0,11.327263,Clear sky
1065,2017-12-01 07:00:00+00:00,0.0,22.4279,0.0,0.0,0.0,11.515661,Clear sky
1066,2017-12-02 07:00:00+00:00,2.0,21.467901,0.0,0.0,0.0,11.515661,Partly cloudy
1067,2017-12-03 07:00:00+00:00,3.0,15.47915,0.0,0.0,0.0,11.184999,Overcast
1068,2017-12-04 07:00:00+00:00,0.0,17.436651,0.0,0.0,0.0,16.33163,Clear sky
1069,2017-12-05 07:00:00+00:00,0.0,20.631647,0.0,0.0,0.0,16.421774,Clear sky
1070,2017-12-06 07:00:00+00:00,2.0,19.139149,0.0,0.0,0.0,11.417469,Partly cloudy
1071,2017-12-07 07:00:00+00:00,0.0,16.975399,0.0,0.0,0.0,14.360424,Clear sky
1072,2017-12-08 07:00:00+00:00,3.0,20.74415,0.0,0.0,0.0,11.03637,Overcast
1073,2017-12-09 07:00:00+00:00,1.0,19.596651,0.0,0.0,0.0,12.211643,Mainly clear
1074,2017-12-10 07:00:00+00:00,2.0,19.58915,0.0,0.0,0.0,12.529197,Partly cloudy
1075,2017-12-11 07:00:00+00:00,3.0,21.80915,0.0,0.0,0.0,11.240786,Overcast
1076,2017-12-12 07:00:00+00:00,3.0,20.399149,0.0,0.0,0.0,10.20229,Overcast
1077,2017-12-13 07:00:00+00:00,73.0,24.9404,0.3858267,0.055118106,0.0,12.689923,Moderate snow fall
1078,2017-12-14 07:00:00+00:00,71.0,18.392902,0.11023622,0.015748031,0.0,10.924716,Slight snow fall
1079,2017-12-15 07:00:00+00:00,3.0,10.94165,0.0,0.0,0.0,17.524435,Overcast
1080,2017-12-16 07:00:00+00:00,3.0,13.862901,0.0,0.0,0.0,15.795818,Overcast
1081,2017-12-17 07:00:00+00:00,0.0,17.4029,0.0,0.0,0.0,16.107952,Clear sky
1082,2017-12-18 07:00:00+00:00,0.0,16.73915,0.0,0.0,0.0,15.794234,Clear sky
1083,2017-12-19 07:00:00+00:00,1.0,20.2304,0.0,0.0,0.0,16.112612,Mainly clear
1084,2017-12-20 07:00:00+00:00,0.0,22.31915,0.0,0.0,0.0,11.052229,Clear sky
1085,2017-12-21 07:00:00+00:00,3.0,22.61165,0.0,0.0,0.0,10.821161,Overcast
1086,2017-12-22 07:00:00+00:00,3.0,22.457901,0.0,0.0,0.0,15.8827,Overcast
1087,2017-12-23 07:00:00+00:00,71.0,19.73915,0.05511811,0.007874016,0.0,17.518724,Slight snow fall
1088,2017-12-24 07:00:00+00:00,1.0,16.88165,0.0,0.0,0.0,11.889818,Mainly clear
1089,2017-12-25 07:00:00+00:00,1.0,17.009153,0.0,0.0,0.0,11.443736,Mainly clear
1090,2017-12-26 07:00:00+00:00,2.0,22.4504,0.0,0.0,0.0,9.8529625,Partly cloudy
1091,2017-12-27 07:00:00+00:00,0.0,26.8379,0.0,0.0,0.0,6.8035703,Clear sky
1092,2017-12-28 07:00:00+00:00,3.0,26.867903,0.0,0.0,0.0,11.502618,Overcast
1093,2017-12-29 07:00:00+00:00,3.0,20.9354,0.0,0.0,0.0,17.3075,Overcast
1094,2017-12-30 07:00:00+00:00,1.0,15.2053995,0.0,0.0,0.0,16.67128,Mainly clear
1095,2017-12-31 07:00:00+00:00,1.0,16.0904,0.0,0.0,0.0,8.288983,Mainly clear
1096,2018-01-01 07:00:00+00:00,3.0,16.472898,0.0,0.0,0.0,12.537183,Overcast
1097,2018-01-02 07:00:00+00:00,3.0,11.9654,0.0,0.0,0.0,11.959063,Overcast
1098,2018-01-03 07:00:00+00:00,71.0,15.595402,0.19291338,0.027559055,0.0,14.14803,Slight snow fall
1099,2018-01-04 07:00:00+00:00,71.0,15.715402,0.05511811,0.007874016,0.0,9.865652,Slight snow fall
1100,2018-01-05 07:00:00+00:00,71.0,17.564152,0.05511811,0.007874016,0.0,14.506043,Slight snow fall
1101,2018-01-06 07:00:00+00:00,73.0,16.17665,0.49606296,0.07086614,0.0,9.429956,Moderate snow fall
1102,2018-01-07 07:00:00+00:00,3.0,10.004151,0.0,0.0,0.0,21.411022,Overcast
1103,2018-01-08 07:00:00+00:00,3.0,10.067901,0.0,0.0,0.0,19.362654,Overcast
1104,2018-01-09 07:00:00+00:00,3.0,9.89165,0.0,0.0,0.0,21.233833,Overcast
1105,2018-01-10 07:00:00+00:00,3.0,8.335398,0.0,0.0,0.0,15.909458,Overcast
1106,2018-01-11 07:00:00+00:00,0.0,10.814151,0.0,0.0,0.0,8.142803,Clear sky
1107,2018-01-12 07:00:00+00:00,2.0,14.297901,0.0,0.0,0.0,10.292631,Partly cloudy
1108,2018-01-13 07:00:00+00:00,3.0,20.181646,0.0,0.0,0.0,14.402181,Overcast
1109,2018-01-14 07:00:00+00:00,3.0,18.434153,0.0,0.0,0.0,16.514454,Overcast
1110,2018-01-15 07:00:00+00:00,3.0,18.5804,0.0,0.0,0.0,17.01444,Overcast
1111,2018-01-16 07:00:00+00:00,3.0,20.965399,0.0,0.0,0.0,15.2526655,Overcast
1112,2018-01-17 07:00:00+00:00,0.0,16.532898,0.0,0.0,0.0,15.737101,Clear sky
1113,2018-01-18 07:00:00+00:00,0.0,19.881649,0.0,0.0,0.0,14.323789,Clear sky
1114,2018-01-19 07:00:00+00:00,3.0,20.350405,0.0,0.0,0.0,13.691463,Overcast
1115,2018-01-20 07:00:00+00:00,3.0,22.656652,0.0,0.0,0.0,15.122517,Overcast
1116,2018-01-21 07:00:00+00:00,71.0,14.856648,0.13779527,0.01968504,0.0,12.335996,Slight snow fall
1117,2018-01-22 07:00:00+00:00,3.0,-2.3596017,0.0,0.0,0.0,13.091706,Overcast
1118,2018-01-23 07:00:00+00:00,3.0,0.0028986137,0.0,0.0,0.0,7.6876025,Overcast
1119,2018-01-24 07:00:00+00:00,3.0,7.217898,0.0,0.0,0.0,9.608688,Overcast
1120,2018-01-25 07:00:00+00:00,71.0,13.187901,0.11023622,0.015748031,0.0,10.362889,Slight snow fall
1121,2018-01-26 07:00:00+00:00,71.0,17.575403,0.027559055,0.003937008,0.0,8.704201,Slight snow fall
1122,2018-01-27 07:00:00+00:00,71.0,2.4066489,0.027559055,0.003937008,0.0,16.188524,Slight snow fall
1123,2018-01-28 07:00:00+00:00,1.0,4.5103993,0.0,0.0,0.0,14.526728,Mainly clear
1124,2018-01-29 07:00:00+00:00,3.0,7.6229,0.0,0.0,0.0,12.3035,Overcast
1125,2018-01-30 07:00:00+00:00,0.0,9.557901,0.0,0.0,0.0,14.318547,Clear sky
1126,2018-01-31 07:00:00+00:00,0.0,10.952899,0.0,0.0,0.0,12.592939,Clear sky
1127,2018-02-01 07:00:00+00:00,3.0,5.957899,0.0,0.0,0.0,16.408056,Overcast
1128,2018-02-02 07:00:00+00:00,0.0,5.770399,0.0,0.0,0.0,10.31206,Clear sky
1129,2018-02-03 07:00:00+00:00,1.0,8.8229,0.0,0.0,0.0,13.762549,Mainly clear
1130,2018-02-04 07:00:00+00:00,1.0,12.891651,0.0,0.0,0.0,13.827845,Mainly clear
1131,2018-02-05 07:00:00+00:00,1.0,12.970399,0.0,0.0,0.0,11.240786,Mainly clear
1132,2018-02-06 07:00:00+00:00,2.0,13.544151,0.0,0.0,0.0,12.752861,Partly cloudy
1133,2018-02-07 07:00:00+00:00,3.0,13.1954,0.0,0.0,0.0,14.704766,Overcast
1134,2018-02-08 07:00:00+00:00,2.0,17.6954,0.0,0.0,0.0,15.345885,Partly cloudy
1135,2018-02-09 07:00:00+00:00,3.0,7.7353997,0.0,0.0,0.0,19.401382,Overcast
1136,2018-02-10 07:00:00+00:00,3.0,7.3266487,0.0,0.0,0.0,19.773106,Overcast
1137,2018-02-11 07:00:00+00:00,3.0,12.7678995,0.0,0.0,0.0,20.312403,Overcast
1138,2018-02-12 07:00:00+00:00,0.0,22.082901,0.0,0.0,0.0,18.898346,Clear sky
1139,2018-02-13 07:00:00+00:00,3.0,25.02665,0.0,0.0,0.0,15.659,Overcast
1140,2018-02-14 07:00:00+00:00,3.0,21.5879,0.0,0.0,0.0,9.408707,Overcast
1141,2018-02-15 07:00:00+00:00,3.0,24.542898,0.0,0.0,0.0,9.440564,Overcast
1142,2018-02-16 07:00:00+00:00,3.0,27.591646,0.0,0.0,0.0,11.515661,Overcast
1143,2018-02-17 07:00:00+00:00,3.0,27.84665,0.0,0.0,0.0,11.908744,Overcast
1144,2018-02-18 07:00:00+00:00,3.0,27.8729,0.0,0.0,0.0,10.73993,Overcast
1145,2018-02-19 07:00:00+00:00,3.0,22.990402,0.0,0.0,0.0,10.81191,Overcast
1146,2018-02-20 07:00:00+00:00,3.0,20.815397,0.0,0.0,0.0,17.287249,Overcast
1147,2018-02-21 07:00:00+00:00,3.0,22.39415,0.0,0.0,0.0,18.129364,Overcast
1148,2018-02-22 07:00:00+00:00,3.0,26.106646,0.0,0.0,0.0,17.524435,Overcast
1149,2018-02-23 07:00:00+00:00,3.0,25.9754,0.0,0.0,0.0,12.065292,Overcast
1150,2018-02-24 07:00:00+00:00,3.0,29.9504,0.0,0.0,0.0,13.401478,Overcast
1151,2018-02-25 07:00:00+00:00,3.0,35.4779,0.0,0.0,0.0,14.123249,Overcast
1152,2018-02-26 07:00:00+00:00,3.0,36.197903,0.0,0.0,0.0,11.4108925,Overcast
1153,2018-02-27 07:00:00+00:00,71.0,38.60165,0.027559055,0.003937008,0.0,24.145096,Slight snow fall
1154,2018-02-28 07:00:00+00:00,3.0,25.630402,0.0,0.0,0.0,22.447042,Overcast
1155,2018-03-01 07:00:00+00:00,3.0,34.607903,0.0,0.0,0.0,18.624956,Overcast
1156,2018-03-02 07:00:00+00:00,3.0,41.05415,0.0,0.0,0.0,17.007086,Overcast
1157,2018-03-03 07:00:00+00:00,3.0,37.731647,0.0,0.0,0.0,11.205114,Overcast
1158,2018-03-04 07:00:00+00:00,3.0,33.0554,0.0,0.0,0.0,12.170595,Overcast
1159,2018-03-05 07:00:00+00:00,3.0,34.49915,0.0,0.0,0.0,16.072187,Overcast
1160,2018-03-06 07:00:00+00:00,75.0,36.4229,1.1574802,0.16535433,0.0,23.710089,Heavy snow fall
1161,2018-03-07 07:00:00+00:00,0.0,25.802902,0.0,0.0,0.0,15.832209,Clear sky
1162,2018-03-08 07:00:00+00:00,3.0,33.719147,0.0,0.0,0.0,14.464587,Overcast
1163,2018-03-09 07:00:00+00:00,1.0,38.44415,0.0,0.0,0.0,14.457667,Mainly clear
1164,2018-03-10 07:00:00+00:00,3.0,40.735397,0.0,0.0,0.0,16.330101,Overcast
1165,2018-03-11 07:00:00+00:00,3.0,49.2254,0.0,0.0,0.0,20.81492,Overcast
1166,2018-03-12 07:00:00+00:00,0.0,49.457897,0.0,0.0,0.0,11.677483,Clear sky
1167,2018-03-13 07:00:00+00:00,3.0,51.644154,0.0,0.0,0.0,13.490798,Overcast
1168,2018-03-14 07:00:00+00:00,3.0,40.082905,0.0,0.0,0.0,19.49145,Overcast
1169,2018-03-15 07:00:00+00:00,3.0,35.837902,0.0,0.0,0.0,16.44157,Overcast
1170,2018-03-16 07:00:00+00:00,75.0,39.41165,2.0944881,0.3188976,0.019685041,12.046614,Heavy snow fall
1171,2018-03-17 07:00:00+00:00,3.0,38.391655,0.0,0.0,0.0,5.101145,Overcast
1172,2018-03-18 07:00:00+00:00,3.0,42.20165,0.0,0.0,0.0,11.399924,Overcast
1173,2018-03-19 07:00:00+00:00,71.0,42.35915,0.08267716,0.015748031,0.003937008,12.66229,Slight snow fall
1174,2018-03-20 07:00:00+00:00,51.0,41.1629,0.0,0.007874016,0.007874016,11.340508,Light drizzle
1175,2018-03-21 07:00:00+00:00,71.0,38.725407,0.027559055,0.047244094,0.04330709,13.005418,Slight snow fall
1176,2018-03-22 07:00:00+00:00,51.0,43.952896,0.0,0.003937008,0.003937008,9.629499,Light drizzle
1177,2018-03-23 07:00:00+00:00,1.0,42.38165,0.0,0.0,0.0,16.107954,Mainly clear
1178,2018-03-24 07:00:00+00:00,1.0,45.7829,0.0,0.0,0.0,12.545163,Mainly clear
1179,2018-03-25 07:00:00+00:00,3.0,51.76415,0.0,0.0,0.0,13.290868,Overcast
1180,2018-03-26 07:00:00+00:00,3.0,56.624146,0.0,0.0,0.0,19.940691,Overcast
1181,2018-03-27 07:00:00+00:00,3.0,57.737896,0.0,0.0,0.0,19.145636,Overcast
1182,2018-03-28 07:00:00+00:00,3.0,55.821644,0.0,0.0,0.0,21.386469,Overcast
1183,2018-03-29 07:00:00+00:00,55.0,55.697895,0.0,0.06692914,0.06692914,22.980207,Dense drizzle
1184,2018-03-30 07:00:00+00:00,3.0,55.097904,0.0,0.0,0.0,22.570433,Overcast
1185,2018-03-31 07:00:00+00:00,3.0,54.764145,0.0,0.0,0.0,19.42458,Overcast
1186,2018-04-01 07:00:00+00:00,3.0,61.075397,0.0,0.0,0.0,18.840004,Overcast
1187,2018-04-02 07:00:00+00:00,73.0,47.81165,0.22047246,0.031496063,0.0,15.4628315,Moderate snow fall
1188,2018-04-03 07:00:00+00:00,75.0,34.47665,1.5708662,0.22440946,0.0,20.726986,Heavy snow fall
1189,2018-04-04 07:00:00+00:00,75.0,30.9629,3.3622048,0.48031497,0.0,20.591337,Heavy snow fall
1190,2018-04-05 07:00:00+00:00,3.0,22.735397,0.0,0.0,0.0,21.1571,Overcast
1191,2018-04-06 07:00:00+00:00,3.0,29.320402,0.0,0.0,0.0,20.416838,Overcast
1192,2018-04-07 07:00:00+00:00,3.0,43.8629,0.0,0.0,0.0,21.569368,Overcast
1193,2018-04-08 07:00:00+00:00,3.0,51.426647,0.0,0.0,0.0,14.30631,Overcast
1194,2018-04-09 07:00:00+00:00,3.0,54.377903,0.0,0.0,0.0,18.35567,Overcast
1195,2018-04-10 07:00:00+00:00,3.0,47.481647,0.0,0.0,0.0,14.853748,Overcast
1196,2018-04-11 07:00:00+00:00,3.0,51.932896,0.0,0.0,0.0,16.070631,Overcast
1197,2018-04-12 07:00:00+00:00,61.0,51.2804,0.0,0.26377952,0.26377952,25.6739,Slight rain
1198,2018-04-13 07:00:00+00:00,3.0,41.45915,0.0,0.0,0.0,18.675936,Overcast
1199,2018-04-14 07:00:00+00:00,3.0,40.011654,0.0,0.0,0.0,13.166033,Overcast
1200,2018-04-15 07:00:00+00:00,2.0,47.477894,0.0,0.0,0.0,14.239696,Partly cloudy
1201,2018-04-16 07:00:00+00:00,3.0,55.59665,0.0,0.0,0.0,15.951864,Overcast
1202,2018-04-17 07:00:00+00:00,3.0,62.414143,0.0,0.0,0.0,14.872266,Overcast
1203,2018-04-18 07:00:00+00:00,3.0,67.66416,0.0,0.0,0.0,19.641064,Overcast
1204,2018-04-19 07:00:00+00:00,51.0,67.904144,0.0,0.003937008,0.003937008,20.639887,Light drizzle
1205,2018-04-20 07:00:00+00:00,61.0,57.45665,0.0,0.22047244,0.22047244,23.102915,Slight rain
1206,2018-04-21 07:00:00+00:00,51.0,57.347904,0.0,0.051181108,0.051181108,15.423948,Light drizzle
1207,2018-04-22 07:00:00+00:00,3.0,52.5329,0.0,0.0,0.0,13.618169,Overcast
1208,2018-04-23 07:00:00+00:00,3.0,47.575397,0.0,0.0,0.0,14.506043,Overcast
1209,2018-04-24 07:00:00+00:00,3.0,50.020397,0.0,0.0,0.0,7.6189475,Overcast
1210,2018-04-25 07:00:00+00:00,51.0,57.257904,0.0,0.007874016,0.007874016,12.860318,Light drizzle
1211,2018-04-26 07:00:00+00:00,3.0,60.9779,0.0,0.0,0.0,12.986165,Overcast
1212,2018-04-27 07:00:00+00:00,1.0,65.522896,0.0,0.0,0.0,14.643382,Mainly clear
1213,2018-04-28 07:00:00+00:00,3.0,66.74915,0.0,0.0,0.0,14.128563,Overcast
1214,2018-04-29 07:00:00+00:00,3.0,61.090397,0.0,0.0,0.0,16.188524,Overcast
1215,2018-04-30 07:00:00+00:00,51.0,56.241653,0.0,0.01968504,0.01968504,17.685038,Light drizzle
1216,2018-05-01 07:00:00+00:00,53.0,49.986652,0.0,0.039370082,0.039370082,14.407391,Moderate drizzle
1217,2018-05-02 07:00:00+00:00,3.0,53.414154,0.0,0.0,0.0,17.501577,Overcast
1218,2018-05-03 07:00:00+00:00,3.0,62.9279,0.0,0.0,0.0,13.557402,Overcast
1219,2018-05-04 07:00:00+00:00,51.0,64.3379,0.0,0.0118110245,0.0118110245,14.9544735,Light drizzle
1220,2018-05-05 07:00:00+00:00,3.0,60.98166,0.0,0.0,0.0,17.23071,Overcast
1221,2018-05-06 07:00:00+00:00,3.0,61.5929,0.0,0.0,0.0,14.165704,Overcast
1222,2018-05-07 07:00:00+00:00,3.0,66.28414,0.0,0.0,0.0,15.122517,Overcast
1223,2018-05-08 07:00:00+00:00,3.0,66.242905,0.0,0.0,0.0,17.609894,Overcast
1224,2018-05-09 07:00:00+00:00,51.0,64.08665,0.0,0.03543307,0.03543307,17.408401,Light drizzle
1225,2018-05-10 07:00:00+00:00,61.0,55.59665,0.0,0.6299212,0.6299212,12.430959,Slight rain
1226,2018-05-11 07:00:00+00:00,51.0,60.542896,0.0,0.003937008,0.003937008,18.10865,Light drizzle
1227,2018-05-12 07:00:00+00:00,3.0,60.36665,0.0,0.0,0.0,15.344255,Overcast
1228,2018-05-13 07:00:00+00:00,1.0,74.5529,0.0,0.0,0.0,19.09984,Mainly clear
1229,2018-05-14 07:00:00+00:00,0.0,75.39666,0.0,0.0,0.0,15.422327,Clear sky
1230,2018-05-15 07:00:00+00:00,3.0,74.60914,0.0,0.0,0.0,13.653032,Overcast
1231,2018-05-16 07:00:00+00:00,53.0,69.44915,0.0,0.039370075,0.039370075,15.896872,Moderate drizzle
1232,2018-05-17 07:00:00+00:00,1.0,66.1979,0.0,0.0,0.0,16.767057,Mainly clear
1233,2018-05-18 07:00:00+00:00,63.0,64.7954,0.0,0.95275587,0.95275587,13.249387,Moderate rain
1234,2018-05-19 07:00:00+00:00,63.0,59.65039,0.0,0.33070865,0.33070865,14.40218,Moderate rain
1235,2018-05-20 07:00:00+00:00,63.0,60.771652,0.0,0.496063,0.496063,11.432798,Moderate rain
1236,2018-05-21 07:00:00+00:00,63.0,52.454147,0.0,0.35826772,0.35826772,22.523825,Moderate rain
1237,2018-05-22 07:00:00+00:00,0.0,55.772907,0.0,0.0,0.0,17.54584,Clear sky
1238,2018-05-23 07:00:00+00:00,3.0,64.5104,0.0,0.0,0.0,17.248125,Overcast
1239,2018-05-24 07:00:00+00:00,3.0,67.29291,0.0,0.0,0.0,6.905775,Overcast
1240,2018-05-25 07:00:00+00:00,3.0,64.79166,0.0,0.0,0.0,21.146452,Overcast
1241,2018-05-26 07:00:00+00:00,3.0,61.307903,0.0,0.0,0.0,19.914326,Overcast
1242,2018-05-27 07:00:00+00:00,2.0,62.57165,0.0,0.0,0.0,19.047369,Partly cloudy
1243,2018-05-28 07:00:00+00:00,0.0,58.806644,0.0,0.0,0.0,12.174706,Clear sky
1244,2018-05-29 07:00:00+00:00,0.0,63.61789,0.0,0.0,0.0,12.384578,Clear sky
1245,2018-05-30 07:00:00+00:00,0.0,67.21416,0.0,0.0,0.0,10.054064,Clear sky
1246,2018-05-31 07:00:00+00:00,3.0,69.95915,0.0,0.0,0.0,10.093803,Overcast
1247,2018-06-01 07:00:00+00:00,3.0,71.185394,0.0,0.0,0.0,14.607455,Overcast
1248,2018-06-02 07:00:00+00:00,51.0,67.39415,0.0,0.003937008,0.003937008,14.733664,Light drizzle
1249,2018-06-03 07:00:00+00:00,3.0,65.82665,0.0,0.0,0.0,19.270687,Overcast
1250,2018-06-04 07:00:00+00:00,3.0,72.83164,0.0,0.0,0.0,19.367823,Overcast
1251,2018-06-05 07:00:00+00:00,3.0,75.085396,0.0,0.0,0.0,18.808104,Overcast
1252,2018-06-06 07:00:00+00:00,3.0,68.87166,0.0,0.0,0.0,12.752862,Overcast
1253,2018-06-07 07:00:00+00:00,3.0,67.57415,0.0,0.0,0.0,12.005002,Overcast
1254,2018-06-08 07:00:00+00:00,3.0,62.834156,0.0,0.0,0.0,16.537165,Overcast
1255,2018-06-09 07:00:00+00:00,51.0,66.01039,0.0,0.019685041,0.019685041,14.39523,Light drizzle
1256,2018-06-10 07:00:00+00:00,3.0,70.866646,0.0,0.0,0.0,14.792982,Overcast
1257,2018-06-11 07:00:00+00:00,3.0,72.9929,0.0,0.0,0.0,14.752333,Overcast
1258,2018-06-12 07:00:00+00:00,3.0,69.41914,0.0,0.0,0.0,18.58865,Overcast
1259,2018-06-13 07:00:00+00:00,2.0,69.9029,0.0,0.0,0.0,17.484413,Partly cloudy
1260,2018-06-14 07:00:00+00:00,3.0,75.86165,0.0,0.0,0.0,15.014586,Overcast
1261,2018-06-15 07:00:00+00:00,3.0,75.95541,0.0,0.0,0.0,16.514454,Overcast
1262,2018-06-16 07:00:00+00:00,3.0,68.34664,0.0,0.0,0.0,12.93017,Overcast
1263,2018-06-17 07:00:00+00:00,51.0,71.61664,0.0,0.0118110245,0.0118110245,14.093101,Light drizzle
1264,2018-06-18 07:00:00+00:00,3.0,73.31541,0.0,0.0,0.0,14.514666,Overcast
1265,2018-06-19 07:00:00+00:00,3.0,73.25915,0.0,0.0,0.0,11.990403,Overcast
1266,2018-06-20 07:00:00+00:00,51.0,73.63789,0.0,0.031496063,0.031496063,14.3325205,Light drizzle
1267,2018-06-21 07:00:00+00:00,61.0,67.26664,0.0,0.23622048,0.23622048,13.542628,Slight rain
1268,2018-06-22 07:00:00+00:00,3.0,73.88914,0.0,0.0,0.0,10.871913,Overcast
1269,2018-06-23 07:00:00+00:00,51.0,77.5454,0.0,0.01968504,0.01968504,14.602317,Light drizzle
1270,2018-06-24 07:00:00+00:00,61.0,71.29415,0.0,0.11417323,0.11417323,7.63535,Slight rain
1271,2018-06-25 07:00:00+00:00,53.0,72.99665,0.0,0.03543307,0.03543307,10.24634,Moderate drizzle
1272,2018-06-26 07:00:00+00:00,3.0,76.334145,0.0,0.0,0.0,12.285184,Overcast
1273,2018-06-27 07:00:00+00:00,2.0,73.281654,0.0,0.0,0.0,14.900838,Partly cloudy
1274,2018-06-28 07:00:00+00:00,3.0,76.63789,0.0,0.0,0.0,8.790015,Overcast
1275,2018-06-29 07:00:00+00:00,51.0,76.2779,0.0,0.023622049,0.023622049,11.16933,Light drizzle
1276,2018-06-30 07:00:00+00:00,3.0,75.98165,0.0,0.0,0.0,10.263418,Overcast
1277,2018-07-01 07:00:00+00:00,53.0,73.47665,0.0,0.059055116,0.059055116,14.8991585,Moderate drizzle
1278,2018-07-02 07:00:00+00:00,53.0,69.62914,0.0,0.14173228,0.14173228,10.634577,Moderate drizzle
1279,2018-07-03 07:00:00+00:00,53.0,72.959145,0.0,0.055118106,0.055118106,7.4361324,Moderate drizzle
1280,2018-07-04 07:00:00+00:00,3.0,76.844154,0.0,0.0,0.0,8.632038,Overcast
1281,2018-07-05 07:00:00+00:00,51.0,80.23415,0.0,0.015748031,0.015748031,10.439865,Light drizzle
1282,2018-07-06 07:00:00+00:00,61.0,71.90539,0.0,0.44094488,0.44094488,16.574947,Slight rain
1283,2018-07-07 07:00:00+00:00,55.0,70.7129,0.0,0.08661418,0.08661418,9.312478,Dense drizzle
1284,2018-07-08 07:00:00+00:00,51.0,72.9329,0.0,0.003937008,0.003937008,8.0656185,Light drizzle
1285,2018-07-09 07:00:00+00:00,53.0,69.28414,0.0,0.05511811,0.05511811,12.354236,Moderate drizzle
1286,2018-07-10 07:00:00+00:00,63.0,67.6304,0.0,1.7874014,1.7874014,12.529197,Moderate rain
1287,2018-07-11 07:00:00+00:00,51.0,70.1954,0.0,0.007874016,0.007874016,8.824107,Light drizzle
1288,2018-07-12 07:00:00+00:00,2.0,73.0904,0.0,0.0,0.0,9.440564,Partly cloudy
1289,2018-07-13 07:00:00+00:00,63.0,71.12915,0.0,0.18503937,0.18503937,8.701326,Moderate rain
1290,2018-07-14 07:00:00+00:00,53.0,76.8929,0.0,0.03937008,0.03937008,13.0438385,Moderate drizzle
1291,2018-07-15 07:00:00+00:00,63.0,72.25039,0.0,1.4330707,1.4330707,11.258579,Moderate rain
1292,2018-07-16 07:00:00+00:00,63.0,70.07914,0.0,1.9330708,1.9330708,16.121927,Moderate rain
1293,2018-07-17 07:00:00+00:00,51.0,75.55789,0.0,0.003937008,0.003937008,8.2799225,Light drizzle
1294,2018-07-18 07:00:00+00:00,61.0,78.047905,0.0,0.13385826,0.13385826,12.991944,Slight rain
1295,2018-07-19 07:00:00+00:00,63.0,74.17791,0.0,0.6377952,0.6377952,13.914429,Moderate rain
1296,2018-07-20 07:00:00+00:00,63.0,70.9229,0.0,0.35039365,0.35039365,9.906147,Moderate rain
1297,2018-07-21 07:00:00+00:00,51.0,70.65664,0.0,0.003937008,0.003937008,10.5424185,Light drizzle
1298,2018-07-22 07:00:00+00:00,63.0,74.17414,0.0,0.37007874,0.37007874,7.4495792,Moderate rain
1299,2018-07-23 07:00:00+00:00,63.0,70.81414,0.0,0.39763775,0.39763775,13.0438385,Moderate rain
1300,2018-07-24 07:00:00+00:00,3.0,66.7304,0.0,0.0,0.0,15.409343,Overcast
1301,2018-07-25 07:00:00+00:00,1.0,70.037895,0.0,0.0,0.0,13.305919,Mainly clear
1302,2018-07-26 07:00:00+00:00,3.0,73.90414,0.0,0.0,0.0,8.71282,Overcast
1303,2018-07-27 07:00:00+00:00,51.0,74.8454,0.0,0.011811024,0.011811024,11.705304,Light drizzle
1304,2018-07-28 07:00:00+00:00,51.0,76.0604,0.0,0.03937008,0.03937008,7.147907,Light drizzle
1305,2018-07-29 07:00:00+00:00,51.0,76.5704,0.0,0.007874016,0.007874016,7.8804655,Light drizzle
1306,2018-07-30 07:00:00+00:00,51.0,77.26415,0.0,0.003937008,0.003937008,9.986646,Light drizzle
1307,2018-07-31 07:00:00+00:00,2.0,76.1879,0.0,0.0,0.0,10.408663,Partly cloudy
1308,2018-08-01 07:00:00+00:00,51.0,77.42915,0.0,0.023622047,0.023622047,9.212529,Light drizzle
1309,2018-08-02 07:00:00+00:00,51.0,77.72915,0.0,0.027559055,0.027559055,9.812248,Light drizzle
1310,2018-08-03 07:00:00+00:00,51.0,78.475395,0.0,0.003937008,0.003937008,6.187236,Light drizzle
1311,2018-08-04 07:00:00+00:00,2.0,79.7954,0.0,0.0,0.0,11.720258,Partly cloudy
1312,2018-08-05 07:00:00+00:00,51.0,79.2254,0.0,0.003937008,0.003937008,7.8804655,Light drizzle
1313,2018-08-06 07:00:00+00:00,63.0,73.56666,0.0,1.0905511,1.0905511,9.822442,Moderate rain
1314,2018-08-07 07:00:00+00:00,53.0,72.05914,0.0,0.07086614,0.07086614,7.3139977,Moderate drizzle
1315,2018-08-08 07:00:00+00:00,3.0,73.476654,0.0,0.0,0.0,8.01895,Overcast
1316,2018-08-09 07:00:00+00:00,51.0,73.592896,0.0,0.011811024,0.011811024,8.325127,Light drizzle
1317,2018-08-10 07:00:00+00:00,63.0,69.5879,0.0,0.9330709,0.9330709,7.9657307,Moderate rain
1318,2018-08-11 07:00:00+00:00,53.0,72.00665,0.0,0.09055118,0.09055118,9.309791,Moderate drizzle
1319,2018-08-12 07:00:00+00:00,65.0,71.755394,0.0,0.3464567,0.3464567,7.2210417,Heavy rain
1320,2018-08-13 07:00:00+00:00,51.0,73.5404,0.0,0.011811024,0.011811024,10.551908,Light drizzle
1321,2018-08-14 07:00:00+00:00,2.0,72.74915,0.0,0.0,0.0,8.358121,Partly cloudy
1322,2018-08-15 07:00:00+00:00,3.0,72.10415,0.0,0.0,0.0,12.881702,Overcast
1323,2018-08-16 07:00:00+00:00,51.0,68.78915,0.0,0.01968504,0.01968504,9.908673,Light drizzle
1324,2018-08-17 07:00:00+00:00,55.0,66.52789,0.0,0.13779527,0.13779527,8.701326,Dense drizzle
1325,2018-08-18 07:00:00+00:00,51.0,69.68915,0.0,0.003937008,0.003937008,11.106429,Light drizzle
1326,2018-08-19 07:00:00+00:00,51.0,69.76791,0.0,0.003937008,0.003937008,7.8294992,Light drizzle
1327,2018-08-20 07:00:00+00:00,3.0,67.9904,0.0,0.0,0.0,8.488818,Overcast
1328,2018-08-21 07:00:00+00:00,3.0,66.08164,0.0,0.0,0.0,5.645932,Overcast
1329,2018-08-22 07:00:00+00:00,51.0,66.9779,0.0,0.01968504,0.01968504,6.7703905,Light drizzle
1330,2018-08-23 07:00:00+00:00,53.0,66.26914,0.0,0.05905512,0.05905512,8.441526,Moderate drizzle
1331,2018-08-24 07:00:00+00:00,53.0,67.9379,0.0,0.08661417,0.08661417,10.31206,Moderate drizzle
1332,2018-08-25 07:00:00+00:00,51.0,69.366646,0.0,0.003937008,0.003937008,10.485304,Light drizzle
1333,2018-08-26 07:00:00+00:00,51.0,71.935394,0.0,0.003937008,0.003937008,13.015034,Light drizzle
1334,2018-08-27 07:00:00+00:00,53.0,70.69415,0.0,0.062992126,0.062992126,13.468523,Moderate drizzle
1335,2018-08-28 07:00:00+00:00,3.0,68.26415,0.0,0.0,0.0,13.711551,Overcast
1336,2018-08-29 07:00:00+00:00,65.0,68.2604,0.0,1.5748032,1.5748032,14.679221,Heavy rain
1337,2018-08-30 07:00:00+00:00,51.0,66.32539,0.0,0.003937008,0.003937008,14.085998,Light drizzle
1338,2018-08-31 07:00:00+00:00,61.0,65.19291,0.0,0.535433,0.535433,11.55687,Slight rain
1339,2018-09-01 07:00:00+00:00,63.0,65.48915,0.0,0.7086614,0.7086614,20.42419,Moderate rain
1340,2018-09-02 07:00:00+00:00,2.0,62.402905,0.0,0.0,0.0,15.43692,Partly cloudy
1341,2018-09-03 07:00:00+00:00,3.0,60.190403,0.0,0.0,0.0,13.015034,Overcast
1342,2018-09-04 07:00:00+00:00,3.0,59.9054,0.0,0.0,0.0,13.952138,Overcast
1343,2018-09-05 07:00:00+00:00,3.0,59.474155,0.0,0.0,0.0,20.581615,Overcast
1344,2018-09-06 07:00:00+00:00,3.0,52.75041,0.0,0.0,0.0,18.069921,Overcast
1345,2018-09-07 07:00:00+00:00,3.0,54.134155,0.0,0.0,0.0,10.292631,Overcast
1346,2018-09-08 07:00:00+00:00,3.0,55.821644,0.0,0.0,0.0,7.024322,Overcast
1347,2018-09-09 07:00:00+00:00,53.0,56.702896,0.0,0.11811023,0.11811023,10.821161,Moderate drizzle
1348,2018-09-10 07:00:00+00:00,61.0,57.512897,0.0,0.26377952,0.26377952,17.540134,Slight rain
1349,2018-09-11 07:00:00+00:00,55.0,59.189148,0.0,0.122047246,0.122047246,13.935989,Dense drizzle
1350,2018-09-12 07:00:00+00:00,55.0,61.06416,0.0,0.051181104,0.051181104,12.813539,Dense drizzle
1351,2018-09-13 07:00:00+00:00,61.0,60.741642,0.0,0.15354331,0.15354331,11.294082,Slight rain
1352,2018-09-14 07:00:00+00:00,51.0,54.017902,0.0,0.003937008,0.003937008,14.126792,Light drizzle
1353,2018-09-15 07:00:00+00:00,3.0,50.58665,0.0,0.0,0.0,8.130503,Overcast
1354,2018-09-16 07:00:00+00:00,3.0,52.3004,0.0,0.0,0.0,10.611022,Overcast
1355,2018-09-17 07:00:00+00:00,55.0,55.461655,0.0,0.09448819,0.09448819,6.8035703,Dense drizzle
1356,2018-09-18 07:00:00+00:00,3.0,56.181656,0.0,0.0,0.0,5.1499605,Overcast
1357,2018-09-19 07:00:00+00:00,3.0,58.33789,0.0,0.0,0.0,16.45374,Overcast
1358,2018-09-20 07:00:00+00:00,0.0,50.1479,0.0,0.0,0.0,19.20305,Clear sky
1359,2018-09-21 07:00:00+00:00,0.0,48.411648,0.0,0.0,0.0,16.285606,Clear sky
1360,2018-09-22 07:00:00+00:00,0.0,47.40665,0.0,0.0,0.0,13.219137,Clear sky
1361,2018-09-23 07:00:00+00:00,3.0,50.714157,0.0,0.0,0.0,15.4935465,Overcast
1362,2018-09-24 07:00:00+00:00,53.0,55.22165,0.0,0.031496063,0.031496063,7.214108,Moderate drizzle
1363,2018-09-25 07:00:00+00:00,51.0,54.6104,0.0,0.023622047,0.023622047,9.304415,Light drizzle
1364,2018-09-26 07:00:00+00:00,61.0,53.954147,0.0,0.17716534,0.17716534,23.641396,Slight rain
1365,2018-09-27 07:00:00+00:00,53.0,48.662903,0.0,0.031496063,0.031496063,19.265491,Moderate drizzle
1366,2018-09-28 07:00:00+00:00,3.0,47.4104,0.0,0.0,0.0,17.592834,Overcast
1367,2018-09-29 07:00:00+00:00,3.0,44.072903,0.0,0.0,0.0,19.374279,Overcast
1368,2018-09-30 07:00:00+00:00,3.0,45.6854,0.0,0.0,0.0,16.914145,Overcast
1369,2018-10-01 07:00:00+00:00,3.0,47.1479,0.0,0.0,0.0,10.263418,Overcast
1370,2018-10-02 07:00:00+00:00,0.0,48.52415,0.0,0.0,0.0,6.711,Clear sky
1371,2018-10-03 07:00:00+00:00,51.0,50.384144,0.0,0.011811024,0.011811024,13.898234,Light drizzle
1372,2018-10-04 07:00:00+00:00,3.0,54.73415,0.0,0.0,0.0,12.342079,Overcast
1373,2018-10-05 07:00:00+00:00,53.0,43.13165,0.0,0.027559057,0.027559057,13.028484,Moderate drizzle
1374,2018-10-06 07:00:00+00:00,0.0,40.63039,0.0,0.0,0.0,13.468523,Clear sky
1375,2018-10-07 07:00:00+00:00,3.0,41.800396,0.0,0.0,0.0,12.535187,Overcast
1376,2018-10-08 07:00:00+00:00,3.0,37.214146,0.0,0.0,0.0,15.461214,Overcast
1377,2018-10-09 07:00:00+00:00,2.0,36.794155,0.0,0.0,0.0,11.875079,Partly cloudy
1378,2018-10-10 07:00:00+00:00,2.0,37.46165,0.0,0.0,0.0,10.963583,Partly cloudy
1379,2018-10-11 07:00:00+00:00,3.0,40.195408,0.0,0.0,0.0,10.135856,Overcast
1380,2018-10-12 07:00:00+00:00,51.0,45.685394,0.0,0.007874016,0.007874016,8.931207,Light drizzle
1381,2018-10-13 07:00:00+00:00,53.0,49.00415,0.0,0.13779527,0.13779527,7.1897893,Moderate drizzle
1382,2018-10-14 07:00:00+00:00,61.0,47.571644,0.0,0.23228347,0.23228347,7.6189475,Slight rain
1383,2018-10-15 07:00:00+00:00,1.0,43.724148,0.0,0.0,0.0,9.440564,Mainly clear
1384,2018-10-16 07:00:00+00:00,0.0,43.525406,0.0,0.0,0.0,15.409341,Clear sky
1385,2018-10-17 07:00:00+00:00,3.0,44.354153,0.0,0.0,0.0,17.402653,Overcast
1386,2018-10-18 07:00:00+00:00,53.0,44.526657,0.0,0.0511811,0.0511811,9.511855,Moderate drizzle
1387,2018-10-19 07:00:00+00:00,51.0,47.51915,0.0,0.003937008,0.003937008,12.108763,Light drizzle
1388,2018-10-20 07:00:00+00:00,51.0,44.800396,0.0,0.007874016,0.007874016,9.50396,Light drizzle
1389,2018-10-21 07:00:00+00:00,51.0,42.80165,0.0,0.015748031,0.015748031,21.663124,Light drizzle
1390,2018-10-22 07:00:00+00:00,1.0,38.436646,0.0,0.0,0.0,20.94315,Mainly clear
1391,2018-10-23 07:00:00+00:00,0.0,44.136654,0.0,0.0,0.0,14.274796,Clear sky
1392,2018-10-24 07:00:00+00:00,53.0,46.19165,0.0,0.06692913,0.06692913,21.813904,Moderate drizzle
1393,2018-10-25 07:00:00+00:00,1.0,33.0629,0.0,0.0,0.0,22.06934,Mainly clear
1394,2018-10-26 07:00:00+00:00,0.0,35.5229,0.0,0.0,0.0,15.407718,Clear sky
1395,2018-10-27 07:00:00+00:00,2.0,40.930397,0.0,0.0,0.0,21.578646,Partly cloudy
1396,2018-10-28 07:00:00+00:00,3.0,41.7629,0.0,0.0,0.0,18.796124,Overcast
1397,2018-10-29 07:00:00+00:00,3.0,39.0254,0.0,0.0,0.0,10.187565,Overcast
1398,2018-10-30 07:00:00+00:00,0.0,38.357895,0.0,0.0,0.0,8.288983,Clear sky
1399,2018-10-31 07:00:00+00:00,0.0,40.5104,0.0,0.0,0.0,7.609089,Clear sky
1400,2018-11-01 07:00:00+00:00,3.0,44.0654,0.0,0.0,0.0,9.517114,Overcast
1401,2018-11-02 07:00:00+00:00,3.0,48.0554,0.0,0.0,0.0,13.706075,Overcast
1402,2018-11-03 07:00:00+00:00,73.0,35.650394,0.2480315,0.07874016,0.043307092,14.847008,Moderate snow fall
1403,2018-11-04 07:00:00+00:00,3.0,30.707903,0.0,0.0,0.0,9.017635,Overcast
1404,2018-11-05 07:00:00+00:00,3.0,30.899147,0.0,0.0,0.0,8.7357645,Overcast
1405,2018-11-06 07:00:00+00:00,3.0,31.352903,0.0,0.0,0.0,9.437912,Overcast
1406,2018-11-07 07:00:00+00:00,3.0,34.064148,0.0,0.0,0.0,14.3325205,Overcast
1407,2018-11-08 07:00:00+00:00,1.0,33.4229,0.0,0.0,0.0,12.970742,Mainly clear
1408,2018-11-09 07:00:00+00:00,3.0,33.1604,0.0,0.0,0.0,5.716399,Overcast
1409,2018-11-10 07:00:00+00:00,3.0,32.016647,0.0,0.0,0.0,9.17988,Overcast
1410,2018-11-11 07:00:00+00:00,0.0,34.450397,0.0,0.0,0.0,10.016665,Clear sky
1411,2018-11-12 07:00:00+00:00,2.0,36.104145,0.0,0.0,0.0,9.36606,Partly cloudy
1412,2018-11-13 07:00:00+00:00,51.0,37.64165,0.0,0.003937008,0.003937008,9.556468,Light drizzle
1413,2018-11-14 07:00:00+00:00,71.0,29.275398,0.11023622,0.047244094,0.031496067,13.215351,Slight snow fall
1414,2018-11-15 07:00:00+00:00,3.0,22.367899,0.0,0.0,0.0,13.429455,Overcast
1415,2018-11-16 07:00:00+00:00,3.0,26.6129,0.0,0.0,0.0,15.487085,Overcast
1416,2018-11-17 07:00:00+00:00,1.0,26.717901,0.0,0.0,0.0,14.5680065,Mainly clear
1417,2018-11-18 07:00:00+00:00,1.0,27.531649,0.0,0.0,0.0,15.069478,Mainly clear
1418,2018-11-19 07:00:00+00:00,3.0,27.734152,0.0,0.0,0.0,14.806506,Overcast
1419,2018-11-20 07:00:00+00:00,3.0,23.807901,0.0,0.0,0.0,15.4498825,Overcast
1420,2018-11-21 07:00:00+00:00,0.0,23.890402,0.0,0.0,0.0,15.218179,Clear sky
1421,2018-11-22 07:00:00+00:00,3.0,26.76665,0.0,0.0,0.0,8.84959,Overcast
1422,2018-11-23 07:00:00+00:00,3.0,26.117899,0.0,0.0,0.0,11.7564945,Overcast
1423,2018-11-24 07:00:00+00:00,3.0,29.616652,0.0,0.0,0.0,11.068065,Overcast
1424,2018-11-25 07:00:00+00:00,3.0,32.717903,0.0,0.0,0.0,16.385166,Overcast
1425,2018-11-26 07:00:00+00:00,3.0,27.23165,0.0,0.0,0.0,17.54869,Overcast
1426,2018-11-27 07:00:00+00:00,3.0,27.891655,0.0,0.0,0.0,9.406046,Overcast
1427,2018-11-28 07:00:00+00:00,1.0,25.952898,0.0,0.0,0.0,6.7035394,Mainly clear
1428,2018-11-29 07:00:00+00:00,3.0,29.395401,0.0,0.0,0.0,8.06872,Overcast
1429,2018-11-30 07:00:00+00:00,3.0,30.479155,0.0,0.0,0.0,11.358147,Overcast
1430,2018-12-01 07:00:00+00:00,71.0,34.761646,0.05511811,0.007874016,0.0,17.858212,Slight snow fall
1431,2018-12-02 07:00:00+00:00,3.0,22.757902,0.0,0.0,0.0,18.608828,Overcast
1432,2018-12-03 07:00:00+00:00,3.0,16.844149,0.0,0.0,0.0,16.162228,Overcast
1433,2018-12-04 07:00:00+00:00,3.0,18.5429,0.0,0.0,0.0,14.323789,Overcast
1434,2018-12-05 07:00:00+00:00,3.0,12.737901,0.0,0.0,0.0,15.461214,Overcast
1435,2018-12-06 07:00:00+00:00,3.0,2.8941488,0.0,0.0,0.0,12.758746,Overcast
1436,2018-12-07 07:00:00+00:00,0.0,1.0678989,0.0,0.0,0.0,11.845542,Clear sky
1437,2018-12-08 07:00:00+00:00,3.0,7.30415,0.0,0.0,0.0,6.023307,Overcast
1438,2018-12-09 07:00:00+00:00,3.0,10.7053995,0.0,0.0,0.0,6.725897,Overcast
1439,2018-12-10 07:00:00+00:00,1.0,5.031649,0.0,0.0,0.0,11.875079,Mainly clear
1440,2018-12-11 07:00:00+00:00,0.0,7.06415,0.0,0.0,0.0,11.124436,Clear sky
1441,2018-12-12 07:00:00+00:00,0.0,11.065399,0.0,0.0,0.0,10.749245,Clear sky
1442,2018-12-13 07:00:00+00:00,3.0,15.261647,0.0,0.0,0.0,8.105845,Overcast
1443,2018-12-14 07:00:00+00:00,3.0,22.0979,0.0,0.0,0.0,16.188524,Overcast
1444,2018-12-15 07:00:00+00:00,3.0,21.077898,0.0,0.0,0.0,15.047878,Overcast
1445,2018-12-16 07:00:00+00:00,0.0,20.64665,0.0,0.0,0.0,13.957518,Clear sky
1446,2018-12-17 07:00:00+00:00,1.0,23.1854,0.0,0.0,0.0,12.46312,Mainly clear
1447,2018-12-18 07:00:00+00:00,0.0,23.732897,0.0,0.0,0.0,9.928854,Clear sky
1448,2018-12-19 07:00:00+00:00,3.0,25.844149,0.0,0.0,0.0,12.23825,Overcast
1449,2018-12-20 07:00:00+00:00,3.0,22.9904,0.0,0.0,0.0,14.989568,Overcast
1450,2018-12-21 07:00:00+00:00,3.0,22.3379,0.0,0.0,0.0,15.2526655,Overcast
1451,2018-12-22 07:00:00+00:00,2.0,9.0404,0.0,0.0,0.0,17.858212,Partly cloudy
1452,2018-12-23 07:00:00+00:00,0.0,8.740399,0.0,0.0,0.0,11.16933,Clear sky
1453,2018-12-24 07:00:00+00:00,0.0,12.325398,0.0,0.0,0.0,10.68387,Clear sky
1454,2018-12-25 07:00:00+00:00,1.0,10.60415,0.0,0.0,0.0,9.437912,Mainly clear
1455,2018-12-26 07:00:00+00:00,3.0,3.456649,0.0,0.0,0.0,15.191849,Overcast
1456,2018-12-27 07:00:00+00:00,0.0,-4.759602,0.0,0.0,0.0,10.693234,Clear sky
1457,2018-12-28 07:00:00+00:00,3.0,-1.2308517,0.0,0.0,0.0,7.02076,Overcast
1458,2018-12-29 07:00:00+00:00,3.0,4.5103993,0.0,0.0,0.0,9.621701,Overcast
1459,2018-12-30 07:00:00+00:00,71.0,12.606651,0.13779527,0.01968504,0.0,13.20588,Slight snow fall
1460,2018-12-31 07:00:00+00:00,71.0,8.091649,0.027559055,0.003937008,0.0,11.358147,Slight snow fall
1461,2019-01-01 07:00:00+00:00,3.0,10.0491495,0.0,0.0,0.0,6.366614,Overcast
1462,2019-01-02 07:00:00+00:00,3.0,17.560402,0.0,0.0,0.0,10.116089,Overcast
1463,2019-01-03 07:00:00+00:00,3.0,13.510399,0.0,0.0,0.0,9.564319,Overcast
1464,2019-01-04 07:00:00+00:00,3.0,13.375401,0.0,0.0,0.0,12.131473,Overcast
1465,2019-01-05 07:00:00+00:00,71.0,17.822897,0.05511811,0.007874016,0.0,9.196219,Slight snow fall
1466,2019-01-06 07:00:00+00:00,3.0,15.2879,0.0,0.0,0.0,10.523415,Overcast
1467,2019-01-07 07:00:00+00:00,1.0,10.7053995,0.0,0.0,0.0,8.304062,Mainly clear
1468,2019-01-08 07:00:00+00:00,3.0,15.190398,0.0,0.0,0.0,8.009584,Overcast
1469,2019-01-09 07:00:00+00:00,3.0,18.070402,0.0,0.0,0.0,7.599218,Overcast
1470,2019-01-10 07:00:00+00:00,3.0,17.64665,0.0,0.0,0.0,6.3271914,Overcast
1471,2019-01-11 07:00:00+00:00,3.0,19.77665,0.0,0.0,0.0,13.934193,Overcast
1472,2019-01-12 07:00:00+00:00,0.0,18.3554,0.0,0.0,0.0,9.304414,Clear sky
1473,2019-01-13 07:00:00+00:00,3.0,19.975399,0.0,0.0,0.0,9.517114,Overcast
1474,2019-01-14 07:00:00+00:00,2.0,7.454149,0.0,0.0,0.0,15.43692,Partly cloudy
1475,2019-01-15 07:00:00+00:00,3.0,5.3729005,0.0,0.0,0.0,7.245256,Overcast
1476,2019-01-16 07:00:00+00:00,3.0,8.961649,0.0,0.0,0.0,7.63535,Overcast
1477,2019-01-17 07:00:00+00:00,3.0,17.609148,0.0,0.0,0.0,10.516279,Overcast
1478,2019-01-18 07:00:00+00:00,3.0,19.082901,0.0,0.0,0.0,10.7376,Overcast
1479,2019-01-19 07:00:00+00:00,3.0,15.392903,0.0,0.0,0.0,13.401479,Overcast
1480,2019-01-20 07:00:00+00:00,0.0,13.296649,0.0,0.0,0.0,12.207545,Clear sky
1481,2019-01-21 07:00:00+00:00,0.0,17.747896,0.0,0.0,0.0,12.246426,Clear sky
1482,2019-01-22 07:00:00+00:00,0.0,20.916653,0.0,0.0,0.0,7.6451745,Clear sky
1483,2019-01-23 07:00:00+00:00,3.0,25.135399,0.0,0.0,0.0,12.547157,Overcast
1484,2019-01-24 07:00:00+00:00,3.0,21.430403,0.0,0.0,0.0,12.821347,Overcast
1485,2019-01-25 07:00:00+00:00,3.0,21.9104,0.0,0.0,0.0,14.128563,Overcast
1486,2019-01-26 07:00:00+00:00,3.0,23.770401,0.0,0.0,0.0,11.291864,Overcast
1487,2019-01-27 07:00:00+00:00,3.0,17.7704,0.0,0.0,0.0,10.4278755,Overcast
1488,2019-01-28 07:00:00+00:00,3.0,25.454147,0.0,0.0,0.0,15.014586,Overcast
1489,2019-01-29 07:00:00+00:00,3.0,21.04415,0.0,0.0,0.0,15.162174,Overcast
1490,2019-01-30 07:00:00+00:00,3.0,10.671651,0.0,0.0,0.0,16.112612,Overcast
1491,2019-01-31 07:00:00+00:00,0.0,13.907899,0.0,0.0,0.0,16.814743,Clear sky
1492,2019-02-01 07:00:00+00:00,3.0,21.876648,0.0,0.0,0.0,14.436886,Overcast
1493,2019-02-02 07:00:00+00:00,3.0,19.814152,0.0,0.0,0.0,21.919176,Overcast
1494,2019-02-03 07:00:00+00:00,0.0,19.829151,0.0,0.0,0.0,19.788284,Clear sky
1495,2019-02-04 07:00:00+00:00,1.0,27.936651,0.0,0.0,0.0,21.42037,Mainly clear
1496,2019-02-05 07:00:00+00:00,3.0,26.54915,0.0,0.0,0.0,19.456758,Overcast
1497,2019-02-06 07:00:00+00:00,3.0,5.601649,0.0,0.0,0.0,17.073162,Overcast
1498,2019-02-07 07:00:00+00:00,3.0,14.650399,0.0,0.0,0.0,19.301825,Overcast
1499,2019-02-08 07:00:00+00:00,3.0,8.43665,0.0,0.0,0.0,18.365211,Overcast
1500,2019-02-09 07:00:00+00:00,3.0,9.53915,0.0,0.0,0.0,12.338023,Overcast
1501,2019-02-10 07:00:00+00:00,71.0,16.2404,0.05511811,0.007874016,0.0,14.967854,Slight snow fall
1502,2019-02-11 07:00:00+00:00,3.0,19.082901,0.0,0.0,0.0,10.704927,Overcast
1503,2019-02-12 07:00:00+00:00,2.0,17.8304,0.0,0.0,0.0,16.14519,Partly cloudy
1504,2019-02-13 07:00:00+00:00,73.0,23.7554,1.0748032,0.1535433,0.0,22.918062,Moderate snow fall
1505,2019-02-14 07:00:00+00:00,2.0,9.5354,0.0,0.0,0.0,21.368912,Partly cloudy
1506,2019-02-15 07:00:00+00:00,2.0,7.1278996,0.0,0.0,0.0,8.352132,Partly cloudy
1507,2019-02-16 07:00:00+00:00,3.0,13.3079,0.0,0.0,0.0,10.049087,Overcast
1508,2019-02-17 07:00:00+00:00,71.0,20.110403,0.2480315,0.03543307,0.0,5.6103673,Slight snow fall
1509,2019-02-18 07:00:00+00:00,73.0,20.219149,0.4133858,0.05905512,0.0,8.204027,Moderate snow fall
1510,2019-02-19 07:00:00+00:00,0.0,18.857897,0.0,0.0,0.0,7.4361324,Clear sky
1511,2019-02-20 07:00:00+00:00,3.0,23.710398,0.0,0.0,0.0,7.4764,Overcast
1512,2019-02-21 07:00:00+00:00,3.0,29.549154,0.0,0.0,0.0,8.376063,Overcast
1513,2019-02-22 07:00:00+00:00,3.0,32.25665,0.0,0.0,0.0,9.125205,Overcast
1514,2019-02-23 07:00:00+00:00,3.0,33.2054,0.0,0.0,0.0,8.727168,Overcast
1515,2019-02-24 07:00:00+00:00,3.0,33.752903,0.0,0.0,0.0,15.358922,Overcast
1516,2019-02-25 07:00:00+00:00,71.0,31.06415,0.11023622,0.015748031,0.0,9.398062,Slight snow fall
1517,2019-02-26 07:00:00+00:00,3.0,30.8729,0.0,0.0,0.0,11.60656,Overcast
1518,2019-02-27 07:00:00+00:00,0.0,30.10415,0.0,0.0,0.0,8.0532,Clear sky
1519,2019-02-28 07:00:00+00:00,3.0,32.7779,0.0,0.0,0.0,9.461742,Overcast
1520,2019-03-01 07:00:00+00:00,3.0,34.682896,0.0,0.0,0.0,8.396949,Overcast
1521,2019-03-02 07:00:00+00:00,3.0,37.2104,0.0,0.0,0.0,8.503543,Overcast
1522,2019-03-03 07:00:00+00:00,3.0,36.220398,0.0,0.0,0.0,8.385021,Overcast
1523,2019-03-04 07:00:00+00:00,51.0,34.2779,0.0,0.007874016,0.007874016,9.771363,Light drizzle
1524,2019-03-05 07:00:00+00:00,0.0,31.120398,0.0,0.0,0.0,11.305152,Clear sky
1525,2019-03-06 07:00:00+00:00,0.0,30.5279,0.0,0.0,0.0,11.504793,Clear sky
1526,2019-03-07 07:00:00+00:00,3.0,36.520397,0.0,0.0,0.0,13.601623,Overcast
1527,2019-03-08 07:00:00+00:00,73.0,35.1704,1.1299212,0.17716536,0.015748031,10.943024,Moderate snow fall
1528,2019-03-09 07:00:00+00:00,73.0,34.176647,0.35826772,0.07874016,0.027559057,19.284964,Moderate snow fall
1529,2019-03-10 07:00:00+00:00,73.0,31.836647,0.24803151,0.031496063,0.0,20.37513,Moderate snow fall
1530,2019-03-11 07:00:00+00:00,3.0,28.135397,0.0,0.0,0.0,18.306536,Overcast
1531,2019-03-12 07:00:00+00:00,2.0,29.789146,0.0,0.0,0.0,13.129874,Partly cloudy
1532,2019-03-13 07:00:00+00:00,3.0,32.78915,0.0,0.0,0.0,15.047878,Overcast
1533,2019-03-14 07:00:00+00:00,3.0,36.35915,0.0,0.0,0.0,18.572489,Overcast
1534,2019-03-15 07:00:00+00:00,0.0,39.67415,0.0,0.0,0.0,18.28602,Clear sky
1535,2019-03-16 07:00:00+00:00,3.0,39.94415,0.0,0.0,0.0,10.265856,Overcast
1536,2019-03-17 07:00:00+00:00,3.0,44.47415,0.0,0.0,0.0,13.091706,Overcast
1537,2019-03-18 07:00:00+00:00,3.0,47.151653,0.0,0.0,0.0,14.711571,Overcast
1538,2019-03-19 07:00:00+00:00,51.0,46.967907,0.0,0.01968504,0.01968504,20.514643,Light drizzle
1539,2019-03-20 07:00:00+00:00,3.0,28.776651,0.0,0.0,0.0,23.252968,Overcast
1540,2019-03-21 07:00:00+00:00,1.0,28.832901,0.0,0.0,0.0,15.951864,Mainly clear
1541,2019-03-22 07:00:00+00:00,3.0,28.979155,0.0,0.0,0.0,19.391062,Overcast
1542,2019-03-23 07:00:00+00:00,0.0,34.5029,0.0,0.0,0.0,15.66539,Clear sky
1543,2019-03-24 07:00:00+00:00,0.0,38.882904,0.0,0.0,0.0,15.8827,Clear sky
1544,2019-03-25 07:00:00+00:00,3.0,43.66415,0.0,0.0,0.0,18.824059,Overcast
1545,2019-03-26 07:00:00+00:00,3.0,45.610394,0.0,0.0,0.0,19.59004,Overcast
1546,2019-03-27 07:00:00+00:00,51.0,39.381653,0.0,0.0118110245,0.0118110245,17.402653,Light drizzle
1547,2019-03-28 07:00:00+00:00,3.0,35.78915,0.0,0.0,0.0,20.249483,Overcast
1548,2019-03-29 07:00:00+00:00,1.0,28.77665,0.0,0.0,0.0,19.799662,Mainly clear
1549,2019-03-30 07:00:00+00:00,1.0,31.079153,0.0,0.0,0.0,18.255896,Mainly clear
1550,2019-03-31 07:00:00+00:00,2.0,37.1804,0.0,0.0,0.0,16.86526,Partly cloudy
1551,2019-04-01 07:00:00+00:00,3.0,43.277897,0.0,0.0,0.0,12.535187,Overcast
1552,2019-04-02 07:00:00+00:00,1.0,43.979145,0.0,0.0,0.0,12.254596,Mainly clear
1553,2019-04-03 07:00:00+00:00,2.0,50.33165,0.0,0.0,0.0,14.922651,Partly cloudy
1554,2019-04-04 07:00:00+00:00,3.0,52.65666,0.0,0.0,0.0,20.456018,Overcast
1555,2019-04-05 07:00:00+00:00,3.0,52.0004,0.0,0.0,0.0,23.889862,Overcast
1556,2019-04-06 07:00:00+00:00,3.0,49.7579,0.0,0.0,0.0,12.733228,Overcast
1557,2019-04-07 07:00:00+00:00,3.0,53.432896,0.0,0.0,0.0,17.858212,Overcast
1558,2019-04-08 07:00:00+00:00,53.0,48.689148,0.0,0.11811024,0.11811024,20.098173,Moderate drizzle
1559,2019-04-09 07:00:00+00:00,3.0,40.0229,0.0,0.0,0.0,14.179829,Overcast
1560,2019-04-10 07:00:00+00:00,73.0,35.11415,0.8267717,0.18110235,0.062992126,14.04152,Moderate snow fall
1561,2019-04-11 07:00:00+00:00,3.0,43.945393,0.0,0.0,0.0,15.500005,Overcast
1562,2019-04-12 07:00:00+00:00,51.0,45.846653,0.0,0.011811024,0.011811024,15.7450485,Light drizzle
1563,2019-04-13 07:00:00+00:00,2.0,41.069153,0.0,0.0,0.0,19.035543,Partly cloudy
1564,2019-04-14 07:00:00+00:00,3.0,48.524143,0.0,0.0,0.0,12.50521,Overcast
1565,2019-04-15 07:00:00+00:00,3.0,51.2429,0.0,0.0,0.0,14.464587,Overcast
1566,2019-04-16 07:00:00+00:00,3.0,62.601654,0.0,0.0,0.0,24.123325,Overcast
1567,2019-04-17 07:00:00+00:00,3.0,62.526646,0.0,0.0,0.0,19.933163,Overcast
1568,2019-04-18 07:00:00+00:00,63.0,56.642895,0.0,0.43307087,0.43307087,16.925976,Moderate rain
1569,2019-04-19 07:00:00+00:00,63.0,54.437893,0.0,1.1653543,1.1653543,16.05817,Moderate rain
1570,2019-04-20 07:00:00+00:00,3.0,55.199142,0.0,0.0,0.0,11.16933,Overcast
1571,2019-04-21 07:00:00+00:00,3.0,60.71916,0.0,0.0,0.0,10.830407,Overcast
1572,2019-04-22 07:00:00+00:00,3.0,61.9604,0.0,0.0,0.0,11.677483,Overcast
1573,2019-04-23 07:00:00+00:00,63.0,58.49539,0.0,0.23622046,0.23622046,13.782534,Moderate rain
1574,2019-04-24 07:00:00+00:00,53.0,43.765396,0.0,0.027559055,0.027559055,13.24372,Moderate drizzle
1575,2019-04-25 07:00:00+00:00,53.0,45.407898,0.0,0.031496063,0.031496063,14.100201,Moderate drizzle
1576,2019-04-26 07:00:00+00:00,61.0,48.97414,0.0,0.3031496,0.3031496,14.506043,Slight rain
1577,2019-04-27 07:00:00+00:00,3.0,49.229145,0.0,0.0,0.0,10.81191,Overcast
1578,2019-04-28 07:00:00+00:00,53.0,54.854145,0.0,0.059055116,0.059055116,17.621258,Moderate drizzle
1579,2019-04-29 07:00:00+00:00,3.0,51.441647,0.0,0.0,0.0,20.78485,Overcast
1580,2019-04-30 07:00:00+00:00,3.0,48.584152,0.0,0.0,0.0,10.4278755,Overcast
1581,2019-05-01 07:00:00+00:00,3.0,53.3354,0.0,0.0,0.0,12.986165,Overcast
1582,2019-05-02 07:00:00+00:00,3.0,58.11665,0.0,0.0,0.0,13.124157,Overcast
1583,2019-05-03 07:00:00+00:00,53.0,60.86165,0.0,0.039370082,0.039370082,12.156198,Moderate drizzle
1584,2019-05-04 07:00:00+00:00,51.0,55.229153,0.0,0.007874016,0.007874016,17.121454,Light drizzle
1585,2019-05-05 07:00:00+00:00,3.0,49.240402,0.0,0.0,0.0,14.573157,Overcast
1586,2019-05-06 07:00:00+00:00,3.0,52.780407,0.0,0.0,0.0,11.965337,Overcast
1587,2019-05-07 07:00:00+00:00,61.0,54.055405,0.0,0.45275587,0.45275587,11.406507,Slight rain
1588,2019-05-08 07:00:00+00:00,3.0,50.06915,0.0,0.0,0.0,9.976618,Overcast
1589,2019-05-09 07:00:00+00:00,51.0,56.125397,0.0,0.027559055,0.027559055,12.976528,Light drizzle
1590,2019-05-10 07:00:00+00:00,53.0,55.397903,0.0,0.047244094,0.047244094,14.085998,Moderate drizzle
1591,2019-05-11 07:00:00+00:00,71.0,51.126648,0.11023622,0.062992126,0.047244094,23.696367,Slight snow fall
1592,2019-05-12 07:00:00+00:00,3.0,44.57915,0.0,0.0,0.0,21.3654,Overcast
1593,2019-05-13 07:00:00+00:00,3.0,57.374157,0.0,0.0,0.0,14.2765465,Overcast
1594,2019-05-14 07:00:00+00:00,3.0,62.402897,0.0,0.0,0.0,22.399061,Overcast
1595,2019-05-15 07:00:00+00:00,1.0,63.085407,0.0,0.0,0.0,21.171288,Mainly clear
1596,2019-05-16 07:00:00+00:00,3.0,68.50416,0.0,0.0,0.0,19.9093,Overcast
1597,2019-05-17 07:00:00+00:00,55.0,70.21415,0.0,0.055118114,0.055118114,20.895304,Dense drizzle
1598,2019-05-18 07:00:00+00:00,63.0,51.0329,0.0,0.66141737,0.66141737,26.31876,Moderate rain
1599,2019-05-19 07:00:00+00:00,0.0,47.744152,0.0,0.0,0.0,25.565493,Clear sky
1600,2019-05-20 07:00:00+00:00,3.0,57.557896,0.0,0.0,0.0,14.786214,Overcast
1601,2019-05-21 07:00:00+00:00,0.0,64.0379,0.0,0.0,0.0,15.449882,Clear sky
1602,2019-05-22 07:00:00+00:00,3.0,70.6154,0.0,0.0,0.0,15.324675,Overcast
1603,2019-05-23 07:00:00+00:00,3.0,73.1129,0.0,0.0,0.0,13.836889,Overcast
1604,2019-05-24 07:00:00+00:00,51.0,71.500404,0.0,0.003937008,0.003937008,12.976529,Light drizzle
1605,2019-05-25 07:00:00+00:00,51.0,67.24415,0.0,0.007874016,0.007874016,21.927166,Light drizzle
1606,2019-05-26 07:00:00+00:00,51.0,54.929153,0.0,0.0118110245,0.0118110245,22.237625,Light drizzle
1607,2019-05-27 07:00:00+00:00,3.0,58.89665,0.0,0.0,0.0,8.7357645,Overcast
1608,2019-05-28 07:00:00+00:00,3.0,64.19916,0.0,0.0,0.0,8.325127,Overcast
1609,2019-05-29 07:00:00+00:00,3.0,66.9929,0.0,0.0,0.0,15.475772,Overcast
1610,2019-05-30 07:00:00+00:00,3.0,58.465397,0.0,0.0,0.0,15.029576,Overcast
1611,2019-05-31 07:00:00+00:00,53.0,64.51415,0.0,0.051181104,0.051181104,14.747243,Moderate drizzle
1612,2019-06-01 07:00:00+00:00,3.0,69.68165,0.0,0.0,0.0,14.932707,Overcast
1613,2019-06-02 07:00:00+00:00,3.0,66.5579,0.0,0.0,0.0,19.899242,Overcast
1614,2019-06-03 07:00:00+00:00,53.0,75.32165,0.0,0.039370075,0.039370075,17.609894,Moderate drizzle
1615,2019-06-04 07:00:00+00:00,3.0,71.2154,0.0,0.0,0.0,14.07889,Overcast
1616,2019-06-05 07:00:00+00:00,3.0,67.88915,0.0,0.0,0.0,13.205881,Overcast
1617,2019-06-06 07:00:00+00:00,61.0,70.59664,0.0,0.05511811,0.05511811,10.860399,Slight rain
1618,2019-06-07 07:00:00+00:00,3.0,70.54415,0.0,0.0,0.0,17.954624,Overcast
1619,2019-06-08 07:00:00+00:00,0.0,68.3279,0.0,0.0,0.0,21.120409,Clear sky
1620,2019-06-09 07:00:00+00:00,3.0,69.92541,0.0,0.0,0.0,11.839205,Overcast
1621,2019-06-10 07:00:00+00:00,3.0,73.46165,0.0,0.0,0.0,9.812248,Overcast
1622,2019-06-11 07:00:00+00:00,53.0,72.7154,0.0,0.062992126,0.062992126,16.107954,Moderate drizzle
1623,2019-06-12 07:00:00+00:00,61.0,65.646645,0.0,0.23622045,0.23622045,11.666765,Slight rain
1624,2019-06-13 07:00:00+00:00,0.0,70.12415,0.0,0.0,0.0,11.608715,Clear sky
1625,2019-06-14 07:00:00+00:00,3.0,73.98665,0.0,0.0,0.0,14.786215,Overcast
1626,2019-06-15 07:00:00+00:00,63.0,66.5354,0.0,0.62204725,0.62204725,12.752862,Moderate rain
1627,2019-06-16 07:00:00+00:00,51.0,69.40415,0.0,0.015748031,0.015748031,14.8991585,Light drizzle
1628,2019-06-17 07:00:00+00:00,51.0,71.84165,0.0,0.003937008,0.003937008,17.958805,Light drizzle
1629,2019-06-18 07:00:00+00:00,3.0,75.269165,0.0,0.0,0.0,9.83517,Overcast
1630,2019-06-19 07:00:00+00:00,3.0,75.194145,0.0,0.0,0.0,12.219836,Overcast
1631,2019-06-20 07:00:00+00:00,51.0,75.2279,0.0,0.003937008,0.003937008,7.5164537,Light drizzle
1632,2019-06-21 07:00:00+00:00,3.0,76.630394,0.0,0.0,0.0,11.515661,Overcast
1633,2019-06-22 07:00:00+00:00,53.0,71.005394,0.0,0.11417323,0.11417323,14.360425,Moderate drizzle
1634,2019-06-23 07:00:00+00:00,63.0,69.71539,0.0,0.7992126,0.7992126,13.032325,Moderate rain
1635,2019-06-24 07:00:00+00:00,53.0,70.06414,0.0,0.023622047,0.023622047,13.76255,Moderate drizzle
1636,2019-06-25 07:00:00+00:00,51.0,69.8204,0.0,0.023622047,0.023622047,10.482917,Light drizzle
1637,2019-06-26 07:00:00+00:00,61.0,64.787895,0.0,0.35039365,0.35039365,11.393337,Slight rain
1638,2019-06-27 07:00:00+00:00,53.0,62.18915,0.0,0.16929133,0.16929133,13.2965145,Moderate drizzle
1639,2019-06-28 07:00:00+00:00,3.0,65.631645,0.0,0.0,0.0,14.624575,Overcast
1640,2019-06-29 07:00:00+00:00,2.0,63.61041,0.0,0.0,0.0,18.908937,Partly cloudy
1641,2019-06-30 07:00:00+00:00,1.0,66.57291,0.0,0.0,0.0,8.405883,Mainly clear
1642,2019-07-01 07:00:00+00:00,3.0,69.077896,0.0,0.0,0.0,11.364753,Overcast
1643,2019-07-02 07:00:00+00:00,3.0,69.00291,0.0,0.0,0.0,10.399043,Overcast
1644,2019-07-03 07:00:00+00:00,3.0,71.4629,0.0,0.0,0.0,7.5695267,Overcast
1645,2019-07-04 07:00:00+00:00,53.0,73.12791,0.0,0.04330709,0.04330709,21.923742,Moderate drizzle
1646,2019-07-05 07:00:00+00:00,3.0,61.870396,0.0,0.0,0.0,19.71735,Overcast
1647,2019-07-06 07:00:00+00:00,3.0,64.889145,0.0,0.0,0.0,12.285184,Overcast
1648,2019-07-07 07:00:00+00:00,3.0,69.95915,0.0,0.0,0.0,12.924363,Overcast
1649,2019-07-08 07:00:00+00:00,53.0,67.74289,0.0,0.05511811,0.05511811,11.502618,Moderate drizzle
1650,2019-07-09 07:00:00+00:00,61.0,65.1854,0.0,0.15748033,0.15748033,9.017635,Slight rain
1651,2019-07-10 07:00:00+00:00,53.0,66.57291,0.0,0.031496063,0.031496063,11.417469,Moderate drizzle
1652,2019-07-11 07:00:00+00:00,51.0,68.485405,0.0,0.015748031,0.015748031,11.459031,Light drizzle
1653,2019-07-12 07:00:00+00:00,3.0,72.9779,0.0,0.0,0.0,8.8580675,Overcast
1654,2019-07-13 07:00:00+00:00,3.0,71.99165,0.0,0.0,0.0,14.000475,Overcast
1655,2019-07-14 07:00:00+00:00,53.0,74.54165,0.0,0.047244094,0.047244094,9.704559,Moderate drizzle
1656,2019-07-15 07:00:00+00:00,63.0,68.875404,0.0,0.8070866,0.8070866,8.634936,Moderate rain
1657,2019-07-16 07:00:00+00:00,51.0,68.45539,0.0,0.039370082,0.039370082,11.608715,Light drizzle
1658,2019-07-17 07:00:00+00:00,51.0,72.336655,0.0,0.003937008,0.003937008,7.214108,Light drizzle
1659,2019-07-18 07:00:00+00:00,61.0,72.42664,0.0,0.42125982,0.42125982,11.126686,Slight rain
1660,2019-07-19 07:00:00+00:00,55.0,70.99413,0.0,0.11417323,0.11417323,10.1284485,Dense drizzle
1661,2019-07-20 07:00:00+00:00,3.0,74.52665,0.0,0.0,0.0,5.751309,Overcast
1662,2019-07-21 07:00:00+00:00,63.0,72.059135,0.0,1.2559055,1.2559055,12.0258255,Moderate rain
1663,2019-07-22 07:00:00+00:00,3.0,65.6804,0.0,0.0,0.0,8.2799225,Overcast
1664,2019-07-23 07:00:00+00:00,3.0,73.25165,0.0,0.0,0.0,9.619101,Overcast
1665,2019-07-24 07:00:00+00:00,3.0,73.17666,0.0,0.0,0.0,12.658337,Overcast
1666,2019-07-25 07:00:00+00:00,51.0,75.141655,0.0,0.011811024,0.011811024,12.285184,Light drizzle
1667,2019-07-26 07:00:00+00:00,53.0,78.54665,0.0,0.043307085,0.043307085,15.350776,Moderate drizzle
1668,2019-07-27 07:00:00+00:00,61.0,74.9954,0.0,0.12598425,0.12598425,12.402748,Slight rain
1669,2019-07-28 07:00:00+00:00,53.0,72.261665,0.0,0.027559055,0.027559055,11.393337,Moderate drizzle
1670,2019-07-29 07:00:00+00:00,1.0,73.13915,0.0,0.0,0.0,16.45374,Mainly clear
1671,2019-07-30 07:00:00+00:00,0.0,70.08665,0.0,0.0,0.0,14.597175,Clear sky
1672,2019-07-31 07:00:00+00:00,1.0,71.069145,0.0,0.0,0.0,12.065292,Mainly clear
1673,2019-08-01 07:00:00+00:00,51.0,72.90665,0.0,0.003937008,0.003937008,8.322121,Light drizzle
1674,2019-08-02 07:00:00+00:00,51.0,71.4329,0.0,0.01968504,0.01968504,10.51628,Light drizzle
1675,2019-08-03 07:00:00+00:00,63.0,66.8579,0.0,1.031496,1.031496,14.833519,Moderate rain
1676,2019-08-04 07:00:00+00:00,63.0,67.25165,0.0,0.44094485,0.44094485,14.711571,Moderate rain
1677,2019-08-05 07:00:00+00:00,63.0,67.716644,0.0,0.4488189,0.4488189,9.812248,Moderate rain
1678,2019-08-06 07:00:00+00:00,61.0,68.414154,0.0,0.08267716,0.08267716,10.473366,Slight rain
1679,2019-08-07 07:00:00+00:00,51.0,70.649155,0.0,0.01968504,0.01968504,11.463397,Light drizzle
1680,2019-08-08 07:00:00+00:00,63.0,70.911644,0.0,0.8267716,0.8267716,10.798016,Moderate rain
1681,2019-08-09 07:00:00+00:00,55.0,68.192894,0.0,0.1496063,0.1496063,10.599226,Dense drizzle
1682,2019-08-10 07:00:00+00:00,55.0,66.34041,0.0,0.09448817,0.09448817,12.733228,Dense drizzle
1683,2019-08-11 07:00:00+00:00,51.0,68.882904,0.0,0.007874016,0.007874016,13.73343,Light drizzle
1684,2019-08-12 07:00:00+00:00,3.0,67.37915,0.0,0.0,0.0,11.912944,Overcast
1685,2019-08-13 07:00:00+00:00,3.0,70.1129,0.0,0.0,0.0,10.7376,Overcast
1686,2019-08-14 07:00:00+00:00,3.0,70.2254,0.0,0.0,0.0,11.459031,Overcast
1687,2019-08-15 07:00:00+00:00,51.0,62.567898,0.0,0.003937008,0.003937008,22.6479,Light drizzle
1688,2019-08-16 07:00:00+00:00,2.0,61.776653,0.0,0.0,0.0,13.540781,Partly cloudy
1689,2019-08-17 07:00:00+00:00,3.0,64.7129,0.0,0.0,0.0,6.4563713,Overcast
1690,2019-08-18 07:00:00+00:00,3.0,69.32914,0.0,0.0,0.0,6.639784,Overcast
1691,2019-08-19 07:00:00+00:00,63.0,70.9079,0.0,0.74409443,0.74409443,20.828138,Moderate rain
1692,2019-08-20 07:00:00+00:00,51.0,65.43665,0.0,0.011811024,0.011811024,8.084209,Light drizzle
1693,2019-08-21 07:00:00+00:00,3.0,63.707897,0.0,0.0,0.0,7.4361324,Overcast
1694,2019-08-22 07:00:00+00:00,3.0,63.98915,0.0,0.0,0.0,6.945516,Overcast
1695,2019-08-23 07:00:00+00:00,51.0,65.391655,0.0,0.0118110245,0.0118110245,10.31206,Light drizzle
1696,2019-08-24 07:00:00+00:00,3.0,64.4504,0.0,0.0,0.0,10.20229,Overcast
1697,2019-08-25 07:00:00+00:00,51.0,66.561646,0.0,0.015748031,0.015748031,11.364753,Light drizzle
1698,2019-08-26 07:00:00+00:00,3.0,63.4904,0.0,0.0,0.0,10.1284485,Overcast
1699,2019-08-27 07:00:00+00:00,3.0,62.56415,0.0,0.0,0.0,16.05817,Overcast
1700,2019-08-28 07:00:00+00:00,3.0,60.655396,0.0,0.0,0.0,17.178354,Overcast
1701,2019-08-29 07:00:00+00:00,3.0,61.1879,0.0,0.0,0.0,15.951864,Overcast
1702,2019-08-30 07:00:00+00:00,3.0,63.081654,0.0,0.0,0.0,5.5249825,Overcast
1703,2019-08-31 07:00:00+00:00,1.0,65.28666,0.0,0.0,0.0,6.651079,Mainly clear
1704,2019-09-01 07:00:00+00:00,1.0,66.52041,0.0,0.0,0.0,8.204027,Mainly clear
1705,2019-09-02 07:00:00+00:00,3.0,68.162895,0.0,0.0,0.0,11.406507,Overcast
1706,2019-09-03 07:00:00+00:00,3.0,68.376656,0.0,0.0,0.0,13.160331,Overcast
1707,2019-09-04 07:00:00+00:00,3.0,67.649155,0.0,0.0,0.0,10.908672,Overcast
1708,2019-09-05 07:00:00+00:00,3.0,69.06665,0.0,0.0,0.0,5.956472,Overcast
1709,2019-09-06 07:00:00+00:00,3.0,70.70166,0.0,0.0,0.0,9.017635,Overcast
1710,2019-09-07 07:00:00+00:00,3.0,70.80291,0.0,0.0,0.0,12.038303,Overcast
1711,2019-09-08 07:00:00+00:00,63.0,67.5404,0.0,0.6929133,0.6929133,12.811586,Moderate rain
1712,2019-09-09 07:00:00+00:00,61.0,62.691647,0.0,0.5944881,0.5944881,9.182606,Slight rain
1713,2019-09-10 07:00:00+00:00,55.0,62.207897,0.0,0.24015746,0.24015746,12.015418,Dense drizzle
1714,2019-09-11 07:00:00+00:00,61.0,60.092896,0.0,0.2598425,0.2598425,10.908673,Slight rain
1715,2019-09-12 07:00:00+00:00,63.0,60.156643,0.0,1.0866141,1.0866141,13.422,Moderate rain
1716,2019-09-13 07:00:00+00:00,3.0,57.689148,0.0,0.0,0.0,11.7095785,Overcast
1717,2019-09-14 07:00:00+00:00,51.0,59.901646,0.0,0.003937008,0.003937008,12.015418,Light drizzle
1718,2019-09-15 07:00:00+00:00,51.0,58.210403,0.0,0.003937008,0.003937008,9.771363,Light drizzle
1719,2019-09-16 07:00:00+00:00,3.0,61.236652,0.0,0.0,0.0,7.7265606,Overcast
1720,2019-09-17 07:00:00+00:00,2.0,58.1429,0.0,0.0,0.0,13.166033,Partly cloudy
1721,2019-09-18 07:00:00+00:00,51.0,59.826656,0.0,0.039370075,0.039370075,12.189084,Light drizzle
1722,2019-09-19 07:00:00+00:00,61.0,55.949154,0.0,0.24015749,0.24015749,10.573226,Slight rain
1723,2019-09-20 07:00:00+00:00,1.0,56.282898,0.0,0.0,0.0,6.639784,Mainly clear
1724,2019-09-21 07:00:00+00:00,51.0,57.842896,0.0,0.01968504,0.01968504,7.499791,Light drizzle
1725,2019-09-22 07:00:00+00:00,51.0,58.199142,0.0,0.003937008,0.003937008,6.818264,Light drizzle
1726,2019-09-23 07:00:00+00:00,1.0,60.167896,0.0,0.0,0.0,5.0469017,Mainly clear
1727,2019-09-24 07:00:00+00:00,51.0,59.309147,0.0,0.003937008,0.003937008,9.865652,Light drizzle
1728,2019-09-25 07:00:00+00:00,2.0,59.21915,0.0,0.0,0.0,7.327669,Partly cloudy
1729,2019-09-26 07:00:00+00:00,53.0,58.075397,0.0,0.023622047,0.023622047,9.753423,Moderate drizzle
1730,2019-09-27 07:00:00+00:00,1.0,60.621655,0.0,0.0,0.0,9.933892,Mainly clear
1731,2019-09-28 07:00:00+00:00,2.0,62.470398,0.0,0.0,0.0,8.880636,Partly cloudy
1732,2019-09-29 07:00:00+00:00,3.0,63.22041,0.0,0.0,0.0,12.852534,Overcast
1733,2019-09-30 07:00:00+00:00,51.0,64.116646,0.0,0.007874016,0.007874016,14.218595,Light drizzle
1734,2019-10-01 07:00:00+00:00,2.0,65.6354,0.0,0.0,0.0,14.733664,Partly cloudy
1735,2019-10-02 07:00:00+00:00,3.0,63.47165,0.0,0.0,0.0,10.1284485,Overcast
1736,2019-10-03 07:00:00+00:00,61.0,51.745403,0.0,0.27952754,0.27952754,18.740131,Slight rain
1737,2019-10-04 07:00:00+00:00,2.0,44.67665,0.0,0.0,0.0,18.733456,Partly cloudy
1738,2019-10-05 07:00:00+00:00,53.0,49.315403,0.0,0.13779527,0.13779527,6.7703905,Moderate drizzle
1739,2019-10-06 07:00:00+00:00,3.0,45.527905,0.0,0.0,0.0,11.240786,Overcast
1740,2019-10-07 07:00:00+00:00,0.0,48.9254,0.0,0.0,0.0,13.711551,Clear sky
1741,2019-10-08 07:00:00+00:00,3.0,51.932903,0.0,0.0,0.0,9.98915,Overcast
1742,2019-10-09 07:00:00+00:00,3.0,54.636658,0.0,0.0,0.0,10.1284485,Overcast
1743,2019-10-10 07:00:00+00:00,3.0,54.212902,0.0,0.0,0.0,9.127948,Overcast
1744,2019-10-11 07:00:00+00:00,3.0,52.214157,0.0,0.0,0.0,9.408707,Overcast
1745,2019-10-12 07:00:00+00:00,3.0,48.77915,0.0,0.0,0.0,17.625515,Overcast
1746,2019-10-13 07:00:00+00:00,0.0,36.531654,0.0,0.0,0.0,13.876615,Clear sky
1747,2019-10-14 07:00:00+00:00,73.0,41.376648,0.19291338,0.027559055,0.0,12.046613,Moderate snow fall
1748,2019-10-15 07:00:00+00:00,53.0,45.90665,0.0,0.22047246,0.22047246,5.5565925,Moderate drizzle
1749,2019-10-16 07:00:00+00:00,51.0,44.03165,0.0,0.03937008,0.03937008,7.765322,Light drizzle
1750,2019-10-17 07:00:00+00:00,51.0,46.446644,0.0,0.007874016,0.007874016,10.559019,Light drizzle
1751,2019-10-18 07:00:00+00:00,3.0,48.610397,0.0,0.0,0.0,15.441782,Overcast
1752,2019-10-19 07:00:00+00:00,2.0,45.9104,0.0,0.0,0.0,17.237967,Partly cloudy
1753,2019-10-20 07:00:00+00:00,3.0,43.686657,0.0,0.0,0.0,7.4764,Overcast
1754,2019-10-21 07:00:00+00:00,51.0,51.377895,0.0,0.011811024,0.011811024,12.26276,Light drizzle
1755,2019-10-22 07:00:00+00:00,51.0,51.96289,0.0,0.003937008,0.003937008,9.996662,Light drizzle
1756,2019-10-23 07:00:00+00:00,61.0,44.590397,0.0,0.25984251,0.25984251,19.258999,Slight rain
1757,2019-10-24 07:00:00+00:00,2.0,32.9204,0.0,0.0,0.0,13.836889,Partly cloudy
1758,2019-10-25 07:00:00+00:00,3.0,36.0479,0.0,0.0,0.0,14.014765,Overcast
1759,2019-10-26 07:00:00+00:00,0.0,41.279152,0.0,0.0,0.0,17.049696,Clear sky
1760,2019-10-27 07:00:00+00:00,2.0,40.29665,0.0,0.0,0.0,22.683226,Partly cloudy
1761,2019-10-28 07:00:00+00:00,0.0,38.309147,0.0,0.0,0.0,13.935989,Clear sky
1762,2019-10-29 07:00:00+00:00,0.0,44.19665,0.0,0.0,0.0,13.09744,Clear sky
1763,2019-10-30 07:00:00+00:00,0.0,43.8629,0.0,0.0,0.0,12.821347,Clear sky
1764,2019-10-31 07:00:00+00:00,3.0,44.9204,0.0,0.0,0.0,8.252681,Overcast
1765,2019-11-01 07:00:00+00:00,55.0,45.51666,0.0,0.41338578,0.41338578,11.8561,Dense drizzle
1766,2019-11-02 07:00:00+00:00,3.0,41.7554,0.0,0.0,0.0,6.142592,Overcast
1767,2019-11-03 07:00:00+00:00,0.0,41.14415,0.0,0.0,0.0,5.5924997,Clear sky
1768,2019-11-04 07:00:00+00:00,3.0,42.464153,0.0,0.0,0.0,8.405883,Overcast
1769,2019-11-05 07:00:00+00:00,51.0,43.521652,0.0,0.031496063,0.031496063,9.437913,Light drizzle
1770,2019-11-06 07:00:00+00:00,1.0,39.59915,0.0,0.0,0.0,12.32179,Mainly clear
1771,2019-11-07 07:00:00+00:00,3.0,40.064148,0.0,0.0,0.0,10.341136,Overcast
1772,2019-11-08 07:00:00+00:00,53.0,41.90915,0.0,0.027559055,0.027559055,14.752333,Moderate drizzle
1773,2019-11-09 07:00:00+00:00,75.0,35.249146,0.496063,0.22440943,0.1535433,19.914326,Heavy snow fall
1774,2019-11-10 07:00:00+00:00,1.0,36.767902,0.0,0.0,0.0,14.650215,Mainly clear
1775,2019-11-11 07:00:00+00:00,3.0,41.924152,0.0,0.0,0.0,16.587019,Overcast
1776,2019-11-12 07:00:00+00:00,3.0,30.925394,0.0,0.0,0.0,26.60902,Overcast
1777,2019-11-13 07:00:00+00:00,1.0,30.812897,0.0,0.0,0.0,20.90129,Mainly clear
1778,2019-11-14 07:00:00+00:00,2.0,33.591652,0.0,0.0,0.0,16.18234,Partly cloudy
1779,2019-11-15 07:00:00+00:00,3.0,35.455402,0.0,0.0,0.0,11.187237,Overcast
1780,2019-11-16 07:00:00+00:00,3.0,34.754154,0.0,0.0,0.0,24.975382,Overcast
1781,2019-11-17 07:00:00+00:00,2.0,15.73415,0.0,0.0,0.0,23.209887,Partly cloudy
1782,2019-11-18 07:00:00+00:00,0.0,21.617899,0.0,0.0,0.0,17.23071,Clear sky
1783,2019-11-19 07:00:00+00:00,3.0,29.522898,0.0,0.0,0.0,10.559019,Overcast
1784,2019-11-20 07:00:00+00:00,3.0,32.5154,0.0,0.0,0.0,11.16933,Overcast
1785,2019-11-21 07:00:00+00:00,71.0,34.49915,0.027559055,0.007874016,0.003937008,12.968814,Slight snow fall
1786,2019-11-22 07:00:00+00:00,3.0,34.682903,0.0,0.0,0.0,8.441526,Overcast
1787,2019-11-23 07:00:00+00:00,71.0,24.59165,0.027559055,0.003937008,0.0,16.162228,Slight snow fall
1788,2019-11-24 07:00:00+00:00,0.0,17.0129,0.0,0.0,0.0,9.017635,Clear sky
1789,2019-11-25 07:00:00+00:00,3.0,23.37665,0.0,0.0,0.0,8.420753,Overcast
1790,2019-11-26 07:00:00+00:00,3.0,24.7379,0.0,0.0,0.0,12.598898,Overcast
1791,2019-11-27 07:00:00+00:00,3.0,26.537897,0.0,0.0,0.0,9.017635,Overcast
1792,2019-11-28 07:00:00+00:00,73.0,29.087904,0.4133858,0.05905512,0.0,10.551908,Moderate snow fall
1793,2019-11-29 07:00:00+00:00,73.0,25.311647,1.1299212,0.16141732,0.0,12.860319,Moderate snow fall
1794,2019-11-30 07:00:00+00:00,3.0,17.2004,0.0,0.0,0.0,18.01306,Overcast
1795,2019-12-01 07:00:00+00:00,0.0,14.421651,0.0,0.0,0.0,16.985003,Clear sky
1796,2019-12-02 07:00:00+00:00,0.0,19.0079,0.0,0.0,0.0,16.587019,Clear sky
1797,2019-12-03 07:00:00+00:00,0.0,20.8604,0.0,0.0,0.0,12.156198,Clear sky
1798,2019-12-04 07:00:00+00:00,0.0,19.92665,0.0,0.0,0.0,11.530862,Clear sky
1799,2019-12-05 07:00:00+00:00,1.0,19.40165,0.0,0.0,0.0,8.108932,Mainly clear
1800,2019-12-06 07:00:00+00:00,3.0,20.114151,0.0,0.0,0.0,7.8295,Overcast
1801,2019-12-07 07:00:00+00:00,3.0,24.5729,0.0,0.0,0.0,17.42277,Overcast
1802,2019-12-08 07:00:00+00:00,1.0,24.5804,0.0,0.0,0.0,14.107296,Mainly clear
1803,2019-12-09 07:00:00+00:00,2.0,25.896646,0.0,0.0,0.0,13.386534,Partly cloudy
1804,2019-12-10 07:00:00+00:00,0.0,20.1704,0.0,0.0,0.0,13.513036,Clear sky
1805,2019-12-11 07:00:00+00:00,0.0,18.97415,0.0,0.0,0.0,7.203696,Clear sky
1806,2019-12-12 07:00:00+00:00,0.0,24.1229,0.0,0.0,0.0,8.905957,Clear sky
1807,2019-12-13 07:00:00+00:00,71.0,24.299149,0.027559055,0.003937008,0.0,14.021903,Slight snow fall
1808,2019-12-14 07:00:00+00:00,73.0,30.415396,0.1929134,0.027559055,0.0,10.31206,Moderate snow fall
1809,2019-12-15 07:00:00+00:00,75.0,30.947899,2.0393698,0.29133856,0.0,15.237895,Heavy snow fall
1810,2019-12-16 07:00:00+00:00,2.0,19.184149,0.0,0.0,0.0,12.065292,Partly cloudy
1811,2019-12-17 07:00:00+00:00,3.0,16.960402,0.0,0.0,0.0,14.236181,Overcast
1812,2019-12-18 07:00:00+00:00,2.0,14.672901,0.0,0.0,0.0,14.360425,Partly cloudy
1813,2019-12-19 07:00:00+00:00,3.0,13.660401,0.0,0.0,0.0,13.957518,Overcast
1814,2019-12-20 07:00:00+00:00,3.0,15.820399,0.0,0.0,0.0,11.515661,Overcast
1815,2019-12-21 07:00:00+00:00,3.0,18.81665,0.0,0.0,0.0,10.871913,Overcast
1816,2019-12-22 07:00:00+00:00,3.0,15.4829,0.0,0.0,0.0,11.327263,Overcast
1817,2019-12-23 07:00:00+00:00,3.0,19.74665,0.0,0.0,0.0,14.239696,Overcast
1818,2019-12-24 07:00:00+00:00,3.0,16.26665,0.0,0.0,0.0,13.302158,Overcast
1819,2019-12-25 07:00:00+00:00,71.0,13.592902,0.027559055,0.003937008,0.0,18.4793,Slight snow fall
1820,2019-12-26 07:00:00+00:00,0.0,16.634153,0.0,0.0,0.0,17.500149,Clear sky
1821,2019-12-27 07:00:00+00:00,0.0,19.941652,0.0,0.0,0.0,14.3168,Clear sky
1822,2019-12-28 07:00:00+00:00,3.0,23.0654,0.0,0.0,0.0,12.26276,Overcast
1823,2019-12-29 07:00:00+00:00,3.0,4.4503994,0.0,0.0,0.0,10.5139,Overcast
1824,2019-12-30 07:00:00+00:00,0.0,-0.42835227,0.0,0.0,0.0,7.9657307,Clear sky
1825,2019-12-31 07:00:00+00:00,2.0,10.09415,0.0,0.0,0.0,5.538552,Partly cloudy
1826,2020-01-01 07:00:00+00:00,3.0,17.969149,0.0,0.0,0.0,6.0440416,Overcast
1827,2020-01-02 07:00:00+00:00,3.0,16.296652,0.0,0.0,0.0,5.8547893,Overcast
1828,2020-01-03 07:00:00+00:00,3.0,18.6854,0.0,0.0,0.0,5.0020843,Overcast
1829,2020-01-04 07:00:00+00:00,73.0,24.467896,0.16535434,0.023622047,0.0,15.148967,Moderate snow fall
1830,2020-01-05 07:00:00+00:00,73.0,27.68915,1.1299211,0.15748028,0.0,10.885712,Moderate snow fall
1831,2020-01-06 07:00:00+00:00,3.0,18.98165,0.0,0.0,0.0,9.845342,Overcast
1832,2020-01-07 07:00:00+00:00,3.0,15.44915,0.0,0.0,0.0,6.154799,Overcast
1833,2020-01-08 07:00:00+00:00,3.0,13.236651,0.0,0.0,0.0,5.1645155,Overcast
1834,2020-01-09 07:00:00+00:00,3.0,11.70665,0.0,0.0,0.0,4.9264817,Overcast
1835,2020-01-10 07:00:00+00:00,3.0,12.839152,0.0,0.0,0.0,6.4563713,Overcast
1836,2020-01-11 07:00:00+00:00,71.0,14.065402,0.05511811,0.003937008,0.0,5.0617533,Slight snow fall
1837,2020-01-12 07:00:00+00:00,3.0,9.68915,0.0,0.0,0.0,7.8422723,Overcast
1838,2020-01-13 07:00:00+00:00,1.0,5.954149,0.0,0.0,0.0,6.725897,Mainly clear
1839,2020-01-14 07:00:00+00:00,3.0,9.3928995,0.0,0.0,0.0,6.3979764,Overcast
1840,2020-01-15 07:00:00+00:00,3.0,13.20665,0.0,0.0,0.0,6.5219193,Overcast
1841,2020-01-16 07:00:00+00:00,71.0,16.3079,0.08267716,0.015748031,0.003937008,6.9921904,Slight snow fall
1842,2020-01-17 07:00:00+00:00,71.0,15.501651,0.08267716,0.011811024,0.0,18.729448,Slight snow fall
1843,2020-01-18 07:00:00+00:00,0.0,15.115397,0.0,0.0,0.0,17.918356,Clear sky
1844,2020-01-19 07:00:00+00:00,0.0,12.1979,0.0,0.0,0.0,12.758746,Clear sky
1845,2020-01-20 07:00:00+00:00,1.0,16.859148,0.0,0.0,0.0,8.512365,Mainly clear
1846,2020-01-21 07:00:00+00:00,2.0,17.999153,0.0,0.0,0.0,8.249648,Partly cloudy
1847,2020-01-22 07:00:00+00:00,0.0,16.514149,0.0,0.0,0.0,6.5830164,Clear sky
1848,2020-01-23 07:00:00+00:00,3.0,17.06165,0.0,0.0,0.0,5.80328,Overcast
1849,2020-01-24 07:00:00+00:00,1.0,17.30915,0.0,0.0,0.0,8.420753,Mainly clear
1850,2020-01-25 07:00:00+00:00,3.0,15.1379,0.0,0.0,0.0,10.997762,Overcast
1851,2020-01-26 07:00:00+00:00,3.0,19.015402,0.0,0.0,0.0,7.0740147,Overcast
1852,2020-01-27 07:00:00+00:00,3.0,22.43165,0.0,0.0,0.0,5.538552,Overcast
1853,2020-01-28 07:00:00+00:00,3.0,19.4279,0.0,0.0,0.0,6.714727,Overcast
1854,2020-01-29 07:00:00+00:00,1.0,17.759148,0.0,0.0,0.0,8.594274,Mainly clear
1855,2020-01-30 07:00:00+00:00,0.0,20.90915,0.0,0.0,0.0,10.693234,Clear sky
1856,2020-01-31 07:00:00+00:00,3.0,19.026651,0.0,0.0,0.0,11.686049,Overcast
1857,2020-02-01 07:00:00+00:00,71.0,19.502901,0.11023622,0.01968504,0.003937008,12.986166,Slight snow fall
1858,2020-02-02 07:00:00+00:00,0.0,15.1454,0.0,0.0,0.0,11.728794,Clear sky
1859,2020-02-03 07:00:00+00:00,2.0,17.78915,0.0,0.0,0.0,10.473366,Partly cloudy
1860,2020-02-04 07:00:00+00:00,0.0,17.489151,0.0,0.0,0.0,13.907232,Clear sky
1861,2020-02-05 07:00:00+00:00,3.0,24.614151,0.0,0.0,0.0,8.948,Overcast
1862,2020-02-06 07:00:00+00:00,3.0,23.8004,0.0,0.0,0.0,7.5197816,Overcast
1863,2020-02-07 07:00:00+00:00,3.0,21.65915,0.0,0.0,0.0,9.280181,Overcast
1864,2020-02-08 07:00:00+00:00,0.0,26.954153,0.0,0.0,0.0,13.835081,Clear sky
1865,2020-02-09 07:00:00+00:00,0.0,31.461649,0.0,0.0,0.0,13.798864,Clear sky
1866,2020-02-10 07:00:00+00:00,0.0,34.25165,0.0,0.0,0.0,9.083983,Clear sky
1867,2020-02-11 07:00:00+00:00,1.0,36.6629,0.0,0.0,0.0,12.521206,Mainly clear
1868,2020-02-12 07:00:00+00:00,3.0,37.30415,0.0,0.0,0.0,12.174706,Overcast
1869,2020-02-13 07:00:00+00:00,3.0,25.45415,0.0,0.0,0.0,15.237895,Overcast
1870,2020-02-14 07:00:00+00:00,3.0,10.810401,0.0,0.0,0.0,15.375205,Overcast
1871,2020-02-15 07:00:00+00:00,1.0,13.525399,0.0,0.0,0.0,17.558668,Mainly clear
1872,2020-02-16 07:00:00+00:00,0.0,18.070402,0.0,0.0,0.0,13.129874,Clear sky
1873,2020-02-17 07:00:00+00:00,3.0,25.6604,0.0,0.0,0.0,9.678741,Overcast
1874,2020-02-18 07:00:00+00:00,1.0,27.212904,0.0,0.0,0.0,9.390072,Mainly clear
1875,2020-02-19 07:00:00+00:00,71.0,27.81665,0.08267716,0.011811024,0.0,13.514887,Slight snow fall
1876,2020-02-20 07:00:00+00:00,3.0,26.946648,0.0,0.0,0.0,20.526836,Overcast
1877,2020-02-21 07:00:00+00:00,3.0,22.3304,0.0,0.0,0.0,20.977766,Overcast
1878,2020-02-22 07:00:00+00:00,0.0,31.5479,0.0,0.0,0.0,12.50521,Clear sky
1879,2020-02-23 07:00:00+00:00,3.0,37.772903,0.0,0.0,0.0,9.865652,Overcast
1880,2020-02-24 07:00:00+00:00,3.0,35.98415,0.0,0.0,0.0,9.344664,Overcast
1881,2020-02-25 07:00:00+00:00,3.0,35.650394,0.0,0.0,0.0,14.650215,Overcast
1882,2020-02-26 07:00:00+00:00,71.0,37.011654,0.11023622,0.05905512,0.04330709,13.849542,Slight snow fall
1883,2020-02-27 07:00:00+00:00,71.0,35.0879,0.027559055,0.007874016,0.003937008,14.907554,Slight snow fall
1884,2020-02-28 07:00:00+00:00,3.0,38.987904,0.0,0.0,0.0,15.706862,Overcast
1885,2020-02-29 07:00:00+00:00,3.0,30.764147,0.0,0.0,0.0,18.014448,Overcast
1886,2020-03-01 07:00:00+00:00,2.0,30.089148,0.0,0.0,0.0,27.707212,Partly cloudy
1887,2020-03-02 07:00:00+00:00,3.0,24.595398,0.0,0.0,0.0,25.287006,Overcast
1888,2020-03-03 07:00:00+00:00,3.0,23.63165,0.0,0.0,0.0,12.108764,Overcast
1889,2020-03-04 07:00:00+00:00,2.0,29.1704,0.0,0.0,0.0,15.698895,Partly cloudy
1890,2020-03-05 07:00:00+00:00,73.0,39.1754,0.33070868,0.047244094,0.003937008,20.834146,Moderate snow fall
1891,2020-03-06 07:00:00+00:00,71.0,31.960396,0.05511811,0.003937008,0.0,22.212858,Slight snow fall
1892,2020-03-07 07:00:00+00:00,71.0,35.369152,0.13779527,0.03543307,0.015748031,10.6086645,Slight snow fall
1893,2020-03-08 07:00:00+00:00,73.0,31.169153,0.85433066,0.12598425,0.007874014,11.391141,Moderate snow fall
1894,2020-03-09 07:00:00+00:00,2.0,27.9704,0.0,0.0,0.0,15.562833,Partly cloudy
1895,2020-03-10 07:00:00+00:00,0.0,32.7554,0.0,0.0,0.0,17.007086,Clear sky
1896,2020-03-11 07:00:00+00:00,3.0,35.90165,0.0,0.0,0.0,17.454336,Overcast
1897,2020-03-12 07:00:00+00:00,3.0,28.049149,0.0,0.0,0.0,15.029576,Overcast
1898,2020-03-13 07:00:00+00:00,1.0,30.86165,0.0,0.0,0.0,18.507711,Mainly clear
1899,2020-03-14 07:00:00+00:00,0.0,36.17165,0.0,0.0,0.0,13.836889,Clear sky
1900,2020-03-15 07:00:00+00:00,3.0,41.417896,0.0,0.0,0.0,13.907232,Overcast
1901,2020-03-16 07:00:00+00:00,0.0,42.051655,0.0,0.0,0.0,16.767057,Clear sky
1902,2020-03-17 07:00:00+00:00,3.0,46.5554,0.0,0.0,0.0,22.541592,Overcast
1903,2020-03-18 07:00:00+00:00,2.0,35.762897,0.0,0.0,0.0,27.214281,Partly cloudy
1904,2020-03-19 07:00:00+00:00,3.0,48.1454,0.0,0.0,0.0,17.42564,Overcast
1905,2020-03-20 07:00:00+00:00,3.0,47.995407,0.0,0.0,0.0,14.171001,Overcast
1906,2020-03-21 07:00:00+00:00,0.0,40.431652,0.0,0.0,0.0,8.686936,Clear sky
1907,2020-03-22 07:00:00+00:00,3.0,46.765396,0.0,0.0,0.0,12.131472,Overcast
1908,2020-03-23 07:00:00+00:00,53.0,51.6929,0.0,0.10236221,0.10236221,15.198436,Moderate drizzle
1909,2020-03-24 07:00:00+00:00,3.0,48.902905,0.0,0.0,0.0,12.408799,Overcast
1910,2020-03-25 07:00:00+00:00,75.0,37.13915,1.5433071,0.39370078,0.17322834,25.396603,Heavy snow fall
1911,2020-03-26 07:00:00+00:00,3.0,28.757898,0.0,0.0,0.0,13.564781,Overcast
1912,2020-03-27 07:00:00+00:00,3.0,31.997902,0.0,0.0,0.0,9.223387,Overcast
1913,2020-03-28 07:00:00+00:00,73.0,38.42915,0.63385826,0.14566928,0.055118114,15.188555,Moderate snow fall
1914,2020-03-29 07:00:00+00:00,3.0,42.224148,0.0,0.0,0.0,14.416072,Overcast
1915,2020-03-30 07:00:00+00:00,3.0,44.796646,0.0,0.0,0.0,16.956991,Overcast
1916,2020-03-31 07:00:00+00:00,3.0,37.1954,0.0,0.0,0.0,19.035543,Overcast
1917,2020-04-01 07:00:00+00:00,0.0,35.9204,0.0,0.0,0.0,10.224339,Clear sky
1918,2020-04-02 07:00:00+00:00,0.0,40.682896,0.0,0.0,0.0,7.9845543,Clear sky
1919,2020-04-03 07:00:00+00:00,0.0,45.8579,0.0,0.0,0.0,12.881702,Clear sky
1920,2020-04-04 07:00:00+00:00,3.0,47.5454,0.0,0.0,0.0,13.588738,Overcast
1921,2020-04-05 07:00:00+00:00,51.0,47.875397,0.0,0.015748031,0.015748031,7.651717,Light drizzle
1922,2020-04-06 07:00:00+00:00,3.0,52.911648,0.0,0.0,0.0,14.012979,Overcast
1923,2020-04-07 07:00:00+00:00,51.0,50.901646,0.0,0.0118110245,0.0118110245,11.452478,Light drizzle
1924,2020-04-08 07:00:00+00:00,3.0,47.50415,0.0,0.0,0.0,15.538698,Overcast
1925,2020-04-09 07:00:00+00:00,3.0,40.360405,0.0,0.0,0.0,16.549265,Overcast
1926,2020-04-10 07:00:00+00:00,3.0,39.8204,0.0,0.0,0.0,14.6279955,Overcast
1927,2020-04-11 07:00:00+00:00,0.0,44.2904,0.0,0.0,0.0,13.513035,Clear sky
1928,2020-04-12 07:00:00+00:00,3.0,48.19415,0.0,0.0,0.0,9.105991,Overcast
1929,2020-04-13 07:00:00+00:00,3.0,53.196655,0.0,0.0,0.0,11.231878,Overcast
1930,2020-04-14 07:00:00+00:00,3.0,53.459152,0.0,0.0,0.0,12.51521,Overcast
1931,2020-04-15 07:00:00+00:00,51.0,45.18665,0.0,0.003937008,0.003937008,21.836832,Light drizzle
1932,2020-04-16 07:00:00+00:00,2.0,44.462902,0.0,0.0,0.0,22.361048,Partly cloudy
1933,2020-04-17 07:00:00+00:00,3.0,50.30165,0.0,0.0,0.0,15.139054,Overcast
1934,2020-04-18 07:00:00+00:00,53.0,45.887905,0.0,0.14173228,0.14173228,22.470438,Moderate drizzle
1935,2020-04-19 07:00:00+00:00,51.0,38.721653,0.0,0.011811024,0.011811024,24.420212,Light drizzle
1936,2020-04-20 07:00:00+00:00,0.0,34.937897,0.0,0.0,0.0,17.090738,Clear sky
1937,2020-04-21 07:00:00+00:00,0.0,33.284153,0.0,0.0,0.0,22.788872,Clear sky
1938,2020-04-22 07:00:00+00:00,0.0,34.026653,0.0,0.0,0.0,21.712734,Clear sky
1939,2020-04-23 07:00:00+00:00,0.0,44.207897,0.0,0.0,0.0,23.759636,Clear sky
1940,2020-04-24 07:00:00+00:00,0.0,52.266644,0.0,0.0,0.0,23.608566,Clear sky
1941,2020-04-25 07:00:00+00:00,1.0,49.139145,0.0,0.0,0.0,14.311556,Mainly clear
1942,2020-04-26 07:00:00+00:00,3.0,52.356655,0.0,0.0,0.0,12.664266,Overcast
1943,2020-04-27 07:00:00+00:00,0.0,57.715397,0.0,0.0,0.0,11.788374,Clear sky
1944,2020-04-28 07:00:00+00:00,2.0,66.179146,0.0,0.0,0.0,12.098427,Partly cloudy
1945,2020-04-29 07:00:00+00:00,3.0,69.5954,0.0,0.0,0.0,12.529197,Overcast
1946,2020-04-30 07:00:00+00:00,0.0,73.2929,0.0,0.0,0.0,13.423863,Clear sky
1947,2020-05-01 07:00:00+00:00,1.0,75.835396,0.0,0.0,0.0,14.318547,Mainly clear
1948,2020-05-02 07:00:00+00:00,3.0,70.48039,0.0,0.0,0.0,20.708872,Overcast
1949,2020-05-03 07:00:00+00:00,3.0,60.490402,0.0,0.0,0.0,17.036484,Overcast
1950,2020-05-04 07:00:00+00:00,3.0,61.007904,0.0,0.0,0.0,10.046596,Overcast
1951,2020-05-05 07:00:00+00:00,3.0,67.352905,0.0,0.0,0.0,22.571539,Overcast
1952,2020-05-06 07:00:00+00:00,61.0,60.6854,0.0,0.27165353,0.27165353,18.760149,Slight rain
1953,2020-05-07 07:00:00+00:00,51.0,64.1729,0.0,0.003937008,0.003937008,10.68387,Light drizzle
1954,2020-05-08 07:00:00+00:00,51.0,55.949146,0.0,0.03543307,0.03543307,18.653145,Light drizzle
1955,2020-05-09 07:00:00+00:00,3.0,54.846638,0.0,0.0,0.0,16.874159,Overcast
1956,2020-05-10 07:00:00+00:00,3.0,50.80415,0.0,0.0,0.0,21.702358,Overcast
1957,2020-05-11 07:00:00+00:00,3.0,60.081654,0.0,0.0,0.0,23.032412,Overcast
1958,2020-05-12 07:00:00+00:00,3.0,63.91415,0.0,0.0,0.0,16.16223,Overcast
1959,2020-05-13 07:00:00+00:00,3.0,66.5129,0.0,0.0,0.0,16.014482,Overcast
1960,2020-05-14 07:00:00+00:00,3.0,67.9529,0.0,0.0,0.0,18.992117,Overcast
1961,2020-05-15 07:00:00+00:00,51.0,63.83164,0.0,0.007874016,0.007874016,22.2365,Light drizzle
1962,2020-05-16 07:00:00+00:00,51.0,52.990402,0.0,0.019685041,0.019685041,17.155033,Light drizzle
1963,2020-05-17 07:00:00+00:00,3.0,52.574146,0.0,0.0,0.0,19.49145,Overcast
1964,2020-05-18 07:00:00+00:00,3.0,61.08665,0.0,0.0,0.0,14.121478,Overcast
1965,2020-05-19 07:00:00+00:00,3.0,65.076645,0.0,0.0,0.0,9.933892,Overcast
1966,2020-05-20 07:00:00+00:00,51.0,68.68414,0.0,0.015748031,0.015748031,23.015022,Light drizzle
1967,2020-05-21 07:00:00+00:00,2.0,62.890396,0.0,0.0,0.0,22.253372,Partly cloudy
1968,2020-05-22 07:00:00+00:00,51.0,58.476654,0.0,0.007874016,0.007874016,20.946732,Light drizzle
1969,2020-05-23 07:00:00+00:00,51.0,55.821644,0.0,0.011811024,0.011811024,18.568449,Light drizzle
1970,2020-05-24 07:00:00+00:00,51.0,58.4129,0.0,0.047244094,0.047244094,10.076437,Light drizzle
1971,2020-05-25 07:00:00+00:00,51.0,55.480404,0.0,0.015748031,0.015748031,13.24372,Light drizzle
1972,2020-05-26 07:00:00+00:00,51.0,58.09415,0.0,0.003937008,0.003937008,17.558668,Light drizzle
1973,2020-05-27 07:00:00+00:00,2.0,66.70789,0.0,0.0,0.0,13.607141,Partly cloudy
1974,2020-05-28 07:00:00+00:00,3.0,71.942894,0.0,0.0,0.0,18.129364,Overcast
1975,2020-05-29 07:00:00+00:00,51.0,64.4654,0.0,0.059055116,0.059055116,19.542727,Light drizzle
1976,2020-05-30 07:00:00+00:00,55.0,57.7079,0.0,0.08661418,0.08661418,10.299921,Dense drizzle
1977,2020-05-31 07:00:00+00:00,3.0,63.71165,0.0,0.0,0.0,24.062054,Overcast
1978,2020-06-01 07:00:00+00:00,2.0,66.3704,0.0,0.0,0.0,26.311152,Partly cloudy
1979,2020-06-02 07:00:00+00:00,2.0,71.85664,0.0,0.0,0.0,19.467041,Partly cloudy
1980,2020-06-03 07:00:00+00:00,2.0,74.11039,0.0,0.0,0.0,16.574947,Partly cloudy
1981,2020-06-04 07:00:00+00:00,3.0,76.255394,0.0,0.0,0.0,16.931889,Overcast
1982,2020-06-05 07:00:00+00:00,3.0,79.694145,0.0,0.0,0.0,17.156492,Overcast
1983,2020-06-06 07:00:00+00:00,51.0,80.64665,0.0,0.003937008,0.003937008,18.749475,Light drizzle
1984,2020-06-07 07:00:00+00:00,55.0,73.881645,0.0,0.098425195,0.098425195,18.931417,Dense drizzle
1985,2020-06-08 07:00:00+00:00,53.0,58.979153,0.0,0.06692914,0.06692914,6.23156,Moderate drizzle
1986,2020-06-09 07:00:00+00:00,2.0,69.56165,0.0,0.0,0.0,16.872675,Partly cloudy
1987,2020-06-10 07:00:00+00:00,61.0,67.04914,0.0,0.3110236,0.3110236,12.50521,Slight rain
1988,2020-06-11 07:00:00+00:00,3.0,61.97914,0.0,0.0,0.0,11.912944,Overcast
1989,2020-06-12 07:00:00+00:00,53.0,69.41915,0.0,0.059055116,0.059055116,15.6174,Moderate drizzle
1990,2020-06-13 07:00:00+00:00,2.0,65.06541,0.0,0.0,0.0,15.427194,Partly cloudy
1991,2020-06-14 07:00:00+00:00,3.0,71.459145,0.0,0.0,0.0,8.724299,Overcast
1992,2020-06-15 07:00:00+00:00,3.0,75.1754,0.0,0.0,0.0,10.908672,Overcast
1993,2020-06-16 07:00:00+00:00,51.0,71.8454,0.0,0.015748031,0.015748031,18.568447,Light drizzle
1994,2020-06-17 07:00:00+00:00,3.0,67.69041,0.0,0.0,0.0,10.758552,Overcast
1995,2020-06-18 07:00:00+00:00,3.0,73.345406,0.0,0.0,0.0,13.20588,Overcast
1996,2020-06-19 07:00:00+00:00,3.0,79.49915,0.0,0.0,0.0,16.841505,Overcast
1997,2020-06-20 07:00:00+00:00,3.0,77.9204,0.0,0.0,0.0,16.937798,Overcast
1998,2020-06-21 07:00:00+00:00,53.0,75.310394,0.0,0.10629921,0.10629921,12.098428,Moderate drizzle
1999,2020-06-22 07:00:00+00:00,51.0,67.7654,0.0,0.015748031,0.015748031,6.23156,Light drizzle
2000,2020-06-23 07:00:00+00:00,51.0,75.21665,0.0,0.003937008,0.003937008,15.7688675,Light drizzle
2001,2020-06-24 07:00:00+00:00,3.0,71.06164,0.0,0.0,0.0,18.808104,Overcast
2002,2020-06-25 07:00:00+00:00,3.0,70.93415,0.0,0.0,0.0,14.934384,Overcast
2003,2020-06-26 07:00:00+00:00,3.0,72.944145,0.0,0.0,0.0,10.9613,Overcast
2004,2020-06-27 07:00:00+00:00,63.0,73.1354,0.0,0.49999994,0.49999994,15.350776,Moderate rain
2005,2020-06-28 07:00:00+00:00,63.0,65.189156,0.0,1.7244095,1.7244095,13.09744,Moderate rain
2006,2020-06-29 07:00:00+00:00,53.0,65.8679,0.0,0.039370075,0.039370075,9.606085,Moderate drizzle
2007,2020-06-30 07:00:00+00:00,3.0,69.014145,0.0,0.0,0.0,7.6090894,Overcast
2008,2020-07-01 07:00:00+00:00,53.0,68.890396,0.0,0.1496063,0.1496063,9.933893,Moderate drizzle
2009,2020-07-02 07:00:00+00:00,3.0,66.33665,0.0,0.0,0.0,7.203696,Overcast
2010,2020-07-03 07:00:00+00:00,51.0,69.396645,0.0,0.015748031,0.015748031,15.318142,Light drizzle
2011,2020-07-04 07:00:00+00:00,55.0,66.6029,0.0,0.047244098,0.047244098,11.788374,Dense drizzle
2012,2020-07-05 07:00:00+00:00,2.0,69.49415,0.0,0.0,0.0,7.1897893,Partly cloudy
2013,2020-07-06 07:00:00+00:00,51.0,73.0079,0.0,0.007874016,0.007874016,14.052206,Light drizzle
2014,2020-07-07 07:00:00+00:00,3.0,74.87915,0.0,0.0,0.0,10.756226,Overcast
2015,2020-07-08 07:00:00+00:00,63.0,69.359146,0.0,0.6811023,0.6811023,18.740131,Moderate rain
2016,2020-07-09 07:00:00+00:00,51.0,73.9304,0.0,0.011811024,0.011811024,17.42564,Light drizzle
2017,2020-07-10 07:00:00+00:00,51.0,73.847885,0.0,0.0118110245,0.0118110245,17.269873,Light drizzle
2018,2020-07-11 07:00:00+00:00,53.0,66.47915,0.0,0.4133857,0.4133857,9.174427,Moderate drizzle
2019,2020-07-12 07:00:00+00:00,51.0,66.35914,0.0,0.027559055,0.027559055,7.02076,Light drizzle
2020,2020-07-13 07:00:00+00:00,3.0,72.4604,0.0,0.0,0.0,6.7703905,Overcast
2021,2020-07-14 07:00:00+00:00,3.0,73.83289,0.0,0.0,0.0,8.863716,Overcast
2022,2020-07-15 07:00:00+00:00,53.0,74.77414,0.0,0.023622047,0.023622047,9.496058,Moderate drizzle
2023,2020-07-16 07:00:00+00:00,63.0,70.00039,0.0,0.527559,0.527559,10.362889,Moderate rain
2024,2020-07-17 07:00:00+00:00,63.0,64.964134,0.0,0.37007874,0.37007874,7.765322,Moderate rain
2025,2020-07-18 07:00:00+00:00,1.0,66.59165,0.0,0.0,0.0,7.9153137,Mainly clear
2026,2020-07-19 07:00:00+00:00,3.0,71.24165,0.0,0.0,0.0,12.125282,Overcast
2027,2020-07-20 07:00:00+00:00,3.0,75.15664,0.0,0.0,0.0,13.022723,Overcast
2028,2020-07-21 07:00:00+00:00,3.0,72.381645,0.0,0.0,0.0,13.124157,Overcast
2029,2020-07-22 07:00:00+00:00,3.0,71.2079,0.0,0.0,0.0,9.36606,Overcast
2030,2020-07-23 07:00:00+00:00,3.0,74.23791,0.0,0.0,0.0,9.127947,Overcast
2031,2020-07-24 07:00:00+00:00,53.0,73.71664,0.0,0.14960629,0.14960629,12.83695,Moderate drizzle
2032,2020-07-25 07:00:00+00:00,63.0,66.76414,0.0,0.51968503,0.51968503,11.015947,Moderate rain
2033,2020-07-26 07:00:00+00:00,63.0,68.061646,0.0,0.32283464,0.32283464,9.524998,Moderate rain
2034,2020-07-27 07:00:00+00:00,51.0,71.36165,0.0,0.0118110245,0.0118110245,11.739455,Light drizzle
2035,2020-07-28 07:00:00+00:00,2.0,72.591644,0.0,0.0,0.0,7.436133,Partly cloudy
2036,2020-07-29 07:00:00+00:00,51.0,76.356636,0.0,0.011811024,0.011811024,14.5405,Light drizzle
2037,2020-07-30 07:00:00+00:00,61.0,70.86291,0.0,0.48425195,0.48425195,13.320954,Slight rain
2038,2020-07-31 07:00:00+00:00,51.0,74.710396,0.0,0.047244094,0.047244094,10.672153,Light drizzle
2039,2020-08-01 07:00:00+00:00,63.0,71.23789,0.0,0.53149605,0.53149605,12.285184,Moderate rain
2040,2020-08-02 07:00:00+00:00,0.0,70.01914,0.0,0.0,0.0,13.891032,Clear sky
2041,2020-08-03 07:00:00+00:00,3.0,70.58915,0.0,0.0,0.0,9.408707,Overcast
2042,2020-08-04 07:00:00+00:00,3.0,73.71665,0.0,0.0,0.0,13.907232,Overcast
2043,2020-08-05 07:00:00+00:00,3.0,71.500404,0.0,0.0,0.0,13.266372,Overcast
2044,2020-08-06 07:00:00+00:00,3.0,71.25665,0.0,0.0,0.0,11.813817,Overcast
2045,2020-08-07 07:00:00+00:00,53.0,74.25289,0.0,0.07480315,0.07480315,8.423723,Moderate drizzle
2046,2020-08-08 07:00:00+00:00,3.0,72.0254,0.0,0.0,0.0,12.752862,Overcast
2047,2020-08-09 07:00:00+00:00,2.0,70.105415,0.0,0.0,0.0,13.793423,Partly cloudy
2048,2020-08-10 07:00:00+00:00,3.0,71.1179,0.0,0.0,0.0,11.391141,Overcast
2049,2020-08-11 07:00:00+00:00,51.0,73.64915,0.0,0.059055123,0.059055123,16.45374,Light drizzle
2050,2020-08-12 07:00:00+00:00,61.0,67.56666,0.0,0.17322834,0.17322834,14.770977,Slight rain
2051,2020-08-13 07:00:00+00:00,3.0,71.79289,0.0,0.0,0.0,14.390015,Overcast
2052,2020-08-14 07:00:00+00:00,51.0,71.99539,0.0,0.011811024,0.011811024,17.408401,Light drizzle
2053,2020-08-15 07:00:00+00:00,3.0,70.562904,0.0,0.0,0.0,7.1618943,Overcast
2054,2020-08-16 07:00:00+00:00,61.0,68.57915,0.0,0.36220467,0.36220467,13.219137,Slight rain
2055,2020-08-17 07:00:00+00:00,55.0,60.41165,0.0,0.27165353,0.27165353,9.658037,Dense drizzle
2056,2020-08-18 07:00:00+00:00,3.0,63.272903,0.0,0.0,0.0,5.3781123,Overcast
2057,2020-08-19 07:00:00+00:00,51.0,66.7979,0.0,0.007874016,0.007874016,10.1284485,Light drizzle
2058,2020-08-20 07:00:00+00:00,51.0,66.38915,0.0,0.015748031,0.015748031,9.304415,Light drizzle
2059,2020-08-21 07:00:00+00:00,53.0,67.99415,0.0,0.047244094,0.047244094,15.582114,Moderate drizzle
2060,2020-08-22 07:00:00+00:00,63.0,67.90789,0.0,0.72834647,0.72834647,13.152723,Moderate rain
2061,2020-08-23 07:00:00+00:00,63.0,60.869156,0.0,0.65354323,0.65354323,15.787896,Moderate rain
2062,2020-08-24 07:00:00+00:00,0.0,68.29415,0.0,0.0,0.0,8.488818,Clear sky
2063,2020-08-25 07:00:00+00:00,61.0,65.196655,0.0,0.11023622,0.11023622,11.906642,Slight rain
2064,2020-08-26 07:00:00+00:00,3.0,67.506645,0.0,0.0,0.0,6.023307,Overcast
2065,2020-08-27 07:00:00+00:00,51.0,68.6654,0.0,0.03543307,0.03543307,10.1284485,Light drizzle
2066,2020-08-28 07:00:00+00:00,3.0,68.64289,0.0,0.0,0.0,6.6057816,Overcast
2067,2020-08-29 07:00:00+00:00,53.0,67.735405,0.0,0.08661417,0.08661417,14.407392,Moderate drizzle
2068,2020-08-30 07:00:00+00:00,61.0,59.432896,0.0,0.43307084,0.43307084,10.970427,Slight rain
2069,2020-08-31 07:00:00+00:00,2.0,62.620403,0.0,0.0,0.0,13.169832,Partly cloudy
2070,2020-09-01 07:00:00+00:00,51.0,58.461655,0.0,0.007874016,0.007874016,12.098428,Light drizzle
2071,2020-09-02 07:00:00+00:00,51.0,56.635403,0.0,0.011811024,0.011811024,10.970427,Light drizzle
2072,2020-09-03 07:00:00+00:00,3.0,58.705402,0.0,0.0,0.0,10.167897,Overcast
2073,2020-09-04 07:00:00+00:00,3.0,62.875397,0.0,0.0,0.0,11.358147,Overcast
2074,2020-09-05 07:00:00+00:00,3.0,68.8454,0.0,0.0,0.0,13.513036,Overcast
2075,2020-09-06 07:00:00+00:00,51.0,63.685413,0.0,0.003937008,0.003937008,13.091706,Light drizzle
2076,2020-09-07 07:00:00+00:00,51.0,63.19415,0.0,0.015748031,0.015748031,11.548207,Light drizzle
2077,2020-09-08 07:00:00+00:00,3.0,62.999146,0.0,0.0,0.0,14.583455,Overcast
2078,2020-09-09 07:00:00+00:00,3.0,59.965397,0.0,0.0,0.0,8.863716,Overcast
2079,2020-09-10 07:00:00+00:00,0.0,59.781647,0.0,0.0,0.0,13.952138,Clear sky
2080,2020-09-11 07:00:00+00:00,2.0,62.55666,0.0,0.0,0.0,12.309598,Partly cloudy
2081,2020-09-12 07:00:00+00:00,61.0,63.4454,0.0,0.37007874,0.37007874,12.46312,Slight rain
2082,2020-09-13 07:00:00+00:00,63.0,57.419147,0.0,0.34645668,0.34645668,11.340508,Moderate rain
2083,2020-09-14 07:00:00+00:00,53.0,59.31665,0.0,0.059055112,0.059055112,18.952553,Moderate drizzle
2084,2020-09-15 07:00:00+00:00,3.0,52.952896,0.0,0.0,0.0,17.450033,Overcast
2085,2020-09-16 07:00:00+00:00,2.0,51.47165,0.0,0.0,0.0,11.548208,Partly cloudy
2086,2020-09-17 07:00:00+00:00,1.0,55.4279,0.0,0.0,0.0,8.815597,Mainly clear
2087,2020-09-18 07:00:00+00:00,0.0,56.8979,0.0,0.0,0.0,7.024322,Clear sky
2088,2020-09-19 07:00:00+00:00,3.0,60.996647,0.0,0.0,0.0,12.608824,Overcast
2089,2020-09-20 07:00:00+00:00,51.0,62.62415,0.0,0.003937008,0.003937008,12.311632,Light drizzle
2090,2020-09-21 07:00:00+00:00,51.0,57.475403,0.0,0.059055116,0.059055116,12.877817,Light drizzle
2091,2020-09-22 07:00:00+00:00,63.0,54.9779,0.0,0.7401574,0.7401574,5.956472,Moderate rain
2092,2020-09-23 07:00:00+00:00,2.0,53.114155,0.0,0.0,0.0,5.7032533,Partly cloudy
2093,2020-09-24 07:00:00+00:00,3.0,57.239147,0.0,0.0,0.0,6.8035703,Overcast
2094,2020-09-25 07:00:00+00:00,2.0,59.6579,0.0,0.0,0.0,11.608715,Partly cloudy
2095,2020-09-26 07:00:00+00:00,51.0,59.8979,0.0,0.04330709,0.04330709,11.515662,Light drizzle
2096,2020-09-27 07:00:00+00:00,51.0,59.102894,0.0,0.01968504,0.01968504,8.352132,Light drizzle
2097,2020-09-28 07:00:00+00:00,61.0,54.520405,0.0,0.40551174,0.40551174,8.790015,Slight rain
2098,2020-09-29 07:00:00+00:00,53.0,54.32915,0.0,0.035433073,0.035433073,11.090649,Moderate drizzle
2099,2020-09-30 07:00:00+00:00,63.0,51.775394,0.0,0.33464563,0.33464563,16.897867,Moderate rain
2100,2020-10-01 07:00:00+00:00,0.0,45.347897,0.0,0.0,0.0,18.130743,Clear sky
2101,2020-10-02 07:00:00+00:00,3.0,46.7204,0.0,0.0,0.0,20.489014,Overcast
2102,2020-10-03 07:00:00+00:00,0.0,36.01415,0.0,0.0,0.0,20.596199,Clear sky
2103,2020-10-04 07:00:00+00:00,1.0,37.07165,0.0,0.0,0.0,8.081114,Mainly clear
2104,2020-10-05 07:00:00+00:00,3.0,42.4304,0.0,0.0,0.0,7.6189475,Overcast
2105,2020-10-06 07:00:00+00:00,3.0,49.5029,0.0,0.0,0.0,8.0656185,Overcast
2106,2020-10-07 07:00:00+00:00,3.0,53.07665,0.0,0.0,0.0,18.717422,Overcast
2107,2020-10-08 07:00:00+00:00,51.0,51.4979,0.0,0.023622049,0.023622049,17.699179,Light drizzle
2108,2020-10-09 07:00:00+00:00,3.0,51.54665,0.0,0.0,0.0,9.440564,Overcast
2109,2020-10-10 07:00:00+00:00,55.0,49.371655,0.0,0.19291338,0.19291338,13.653033,Dense drizzle
2110,2020-10-11 07:00:00+00:00,3.0,40.5779,0.0,0.0,0.0,14.583455,Overcast
2111,2020-10-12 07:00:00+00:00,3.0,42.179153,0.0,0.0,0.0,14.79129,Overcast
2112,2020-10-13 07:00:00+00:00,3.0,43.135403,0.0,0.0,0.0,18.453554,Overcast
2113,2020-10-14 07:00:00+00:00,3.0,43.184155,0.0,0.0,0.0,18.908937,Overcast
2114,2020-10-15 07:00:00+00:00,51.0,41.620396,0.0,0.007874016,0.007874016,13.341599,Light drizzle
2115,2020-10-16 07:00:00+00:00,0.0,41.526646,0.0,0.0,0.0,13.675006,Clear sky
2116,2020-10-17 07:00:00+00:00,2.0,41.279152,0.0,0.0,0.0,8.2799225,Partly cloudy
2117,2020-10-18 07:00:00+00:00,0.0,42.74915,0.0,0.0,0.0,9.908673,Clear sky
2118,2020-10-19 07:00:00+00:00,3.0,49.15791,0.0,0.0,0.0,19.533762,Overcast
2119,2020-10-20 07:00:00+00:00,3.0,38.75915,0.0,0.0,0.0,24.608017,Overcast
2120,2020-10-21 07:00:00+00:00,3.0,35.669147,0.0,0.0,0.0,14.989568,Overcast
2121,2020-10-22 07:00:00+00:00,0.0,34.784153,0.0,0.0,0.0,6.8035703,Clear sky
2122,2020-10-23 07:00:00+00:00,3.0,39.0179,0.0,0.0,0.0,9.223387,Overcast
2123,2020-10-24 07:00:00+00:00,51.0,49.1879,0.0,0.023622047,0.023622047,9.196219,Light drizzle
2124,2020-10-25 07:00:00+00:00,3.0,48.3329,0.0,0.0,0.0,9.804595,Overcast
2125,2020-10-26 07:00:00+00:00,3.0,37.855396,0.0,0.0,0.0,11.615179,Overcast
2126,2020-10-27 07:00:00+00:00,3.0,36.737904,0.0,0.0,0.0,6.109918,Overcast
2127,2020-10-28 07:00:00+00:00,3.0,40.611652,0.0,0.0,0.0,7.405788,Overcast
2128,2020-10-29 07:00:00+00:00,3.0,40.37165,0.0,0.0,0.0,12.3035,Overcast
2129,2020-10-30 07:00:00+00:00,53.0,43.251648,0.0,0.07480315,0.07480315,17.56437,Moderate drizzle
2130,2020-10-31 07:00:00+00:00,3.0,37.559155,0.0,0.0,0.0,16.36836,Overcast
2131,2020-11-01 07:00:00+00:00,2.0,34.487896,0.0,0.0,0.0,17.178354,Partly cloudy
2132,2020-11-02 07:00:00+00:00,0.0,31.686653,0.0,0.0,0.0,12.908866,Clear sky
2133,2020-11-03 07:00:00+00:00,0.0,36.059155,0.0,0.0,0.0,12.924363,Clear sky
2134,2020-11-04 07:00:00+00:00,2.0,38.537903,0.0,0.0,0.0,12.467135,Partly cloudy
2135,2020-11-05 07:00:00+00:00,3.0,39.90665,0.0,0.0,0.0,22.926794,Overcast
2136,2020-11-06 07:00:00+00:00,0.0,37.94165,0.0,0.0,0.0,22.014854,Clear sky
2137,2020-11-07 07:00:00+00:00,0.0,32.3279,0.0,0.0,0.0,14.107296,Clear sky
2138,2020-11-08 07:00:00+00:00,0.0,33.392902,0.0,0.0,0.0,8.468161,Clear sky
2139,2020-11-09 07:00:00+00:00,3.0,36.76415,0.0,0.0,0.0,8.701326,Overcast
2140,2020-11-10 07:00:00+00:00,2.0,42.419147,0.0,0.0,0.0,13.76982,Partly cloudy
2141,2020-11-11 07:00:00+00:00,3.0,43.056652,0.0,0.0,0.0,14.250235,Overcast
2142,2020-11-12 07:00:00+00:00,3.0,39.2504,0.0,0.0,0.0,13.950345,Overcast
2143,2020-11-13 07:00:00+00:00,51.0,46.480404,0.0,0.023622047,0.023622047,8.396949,Light drizzle
2144,2020-11-14 07:00:00+00:00,3.0,43.746647,0.0,0.0,0.0,7.405788,Overcast
2145,2020-11-15 07:00:00+00:00,2.0,47.1329,0.0,0.0,0.0,13.513035,Partly cloudy
2146,2020-11-16 07:00:00+00:00,51.0,46.746647,0.0,0.027559055,0.027559055,15.976941,Light drizzle
2147,2020-11-17 07:00:00+00:00,73.0,42.580395,0.08267717,0.3228346,0.3110236,11.6324005,Moderate snow fall
2148,2020-11-18 07:00:00+00:00,73.0,28.896654,0.5787401,0.098425195,0.015748031,10.6086645,Moderate snow fall
2149,2020-11-19 07:00:00+00:00,3.0,25.34915,0.0,0.0,0.0,9.344664,Overcast
2150,2020-11-20 07:00:00+00:00,73.0,27.5204,0.96456707,0.13779528,0.0,14.932707,Moderate snow fall
2151,2020-11-21 07:00:00+00:00,3.0,16.61165,0.0,0.0,0.0,13.266372,Overcast
2152,2020-11-22 07:00:00+00:00,0.0,14.25665,0.0,0.0,0.0,6.044041,Clear sky
2153,2020-11-23 07:00:00+00:00,3.0,17.06915,0.0,0.0,0.0,4.8856816,Overcast
2154,2020-11-24 07:00:00+00:00,3.0,23.4554,0.0,0.0,0.0,5.188683,Overcast
2155,2020-11-25 07:00:00+00:00,3.0,20.94665,0.0,0.0,0.0,8.7357645,Overcast
2156,2020-11-26 07:00:00+00:00,0.0,18.88415,0.0,0.0,0.0,9.00653,Clear sky
2157,2020-11-27 07:00:00+00:00,3.0,17.55665,0.0,0.0,0.0,6.891267,Overcast
2158,2020-11-28 07:00:00+00:00,71.0,19.6979,0.08267716,0.007874016,0.0,7.4361324,Slight snow fall
2159,2020-11-29 07:00:00+00:00,3.0,14.89415,0.0,0.0,0.0,6.729616,Overcast
2160,2020-11-30 07:00:00+00:00,3.0,19.13915,0.0,0.0,0.0,5.0020843,Overcast
2161,2020-12-01 07:00:00+00:00,3.0,17.9279,0.0,0.0,0.0,9.683911,Overcast
2162,2020-12-02 07:00:00+00:00,0.0,11.8004,0.0,0.0,0.0,9.212529,Clear sky
2163,2020-12-03 07:00:00+00:00,0.0,11.29415,0.0,0.0,0.0,6.9670963,Clear sky
2164,2020-12-04 07:00:00+00:00,3.0,11.279151,0.0,0.0,0.0,7.409166,Overcast
2165,2020-12-05 07:00:00+00:00,71.0,18.44915,0.027559055,0.003937008,0.0,11.990403,Slight snow fall
2166,2020-12-06 07:00:00+00:00,0.0,9.831651,0.0,0.0,0.0,13.762549,Clear sky
2167,2020-12-07 07:00:00+00:00,3.0,8.7929,0.0,0.0,0.0,5.833382,Overcast
2168,2020-12-08 07:00:00+00:00,3.0,18.872902,0.0,0.0,0.0,15.706862,Overcast
2169,2020-12-09 07:00:00+00:00,0.0,17.691652,0.0,0.0,0.0,15.047878,Clear sky
2170,2020-12-10 07:00:00+00:00,1.0,19.18415,0.0,0.0,0.0,16.261005,Mainly clear
2171,2020-12-11 07:00:00+00:00,3.0,21.370401,0.0,0.0,0.0,22.926794,Overcast
2172,2020-12-12 07:00:00+00:00,3.0,9.26165,0.0,0.0,0.0,23.4885,Overcast
2173,2020-12-13 07:00:00+00:00,0.0,4.829149,0.0,0.0,0.0,10.924716,Clear sky
2174,2020-12-14 07:00:00+00:00,0.0,5.2829,0.0,0.0,0.0,10.749245,Clear sky
2175,2020-12-15 07:00:00+00:00,0.0,6.7753997,0.0,0.0,0.0,9.637291,Clear sky
2176,2020-12-16 07:00:00+00:00,3.0,9.257899,0.0,0.0,0.0,9.556468,Overcast
2177,2020-12-17 07:00:00+00:00,0.0,9.9329,0.0,0.0,0.0,8.527049,Clear sky
2178,2020-12-18 07:00:00+00:00,2.0,10.6904,0.0,0.0,0.0,9.125205,Partly cloudy
2179,2020-12-19 07:00:00+00:00,1.0,10.95665,0.0,0.0,0.0,9.048105,Mainly clear
2180,2020-12-20 07:00:00+00:00,0.0,13.026649,0.0,0.0,0.0,8.7357645,Clear sky
2181,2020-12-21 07:00:00+00:00,3.0,17.6504,0.0,0.0,0.0,11.320634,Overcast
2182,2020-12-22 07:00:00+00:00,3.0,18.15665,0.0,0.0,0.0,17.054098,Overcast
2183,2020-12-23 07:00:00+00:00,0.0,13.319152,0.0,0.0,0.0,16.331633,Clear sky
2184,2020-12-24 07:00:00+00:00,0.0,16.960402,0.0,0.0,0.0,14.624575,Clear sky
2185,2020-12-25 07:00:00+00:00,0.0,20.51915,0.0,0.0,0.0,13.129874,Clear sky
2186,2020-12-26 07:00:00+00:00,1.0,20.519152,0.0,0.0,0.0,12.592939,Mainly clear
2187,2020-12-27 07:00:00+00:00,71.0,21.317904,0.05511811,0.007874016,0.0,8.71282,Slight snow fall
2188,2020-12-28 07:00:00+00:00,3.0,1.131648,0.0,0.0,0.0,17.178354,Overcast
2189,2020-12-29 07:00:00+00:00,0.0,-4.339602,0.0,0.0,0.0,12.782258,Clear sky
2190,2020-12-30 07:00:00+00:00,0.0,0.7416484,0.0,0.0,0.0,14.720072,Clear sky
2191,2020-12-31 07:00:00+00:00,0.0,9.074149,0.0,0.0,0.0,18.620926,Clear sky
2192,2021-01-01 07:00:00+00:00,2.0,13.236649,0.0,0.0,0.0,17.591413,Partly cloudy
2193,2021-01-02 07:00:00+00:00,3.0,11.087902,0.0,0.0,0.0,8.108932,Overcast
2194,2021-01-03 07:00:00+00:00,71.0,10.645399,0.08267716,0.011811024,0.0,10.304778,Slight snow fall
2195,2021-01-04 07:00:00+00:00,3.0,3.9066486,0.0,0.0,0.0,16.36683,Overcast
2196,2021-01-05 07:00:00+00:00,3.0,-2.2771018,0.0,0.0,0.0,17.119993,Overcast
2197,2021-01-06 07:00:00+00:00,0.0,-8.944602,0.0,0.0,0.0,16.555311,Clear sky
2198,2021-01-07 07:00:00+00:00,2.0,-0.30835238,0.0,0.0,0.0,16.162228,Partly cloudy
2199,2021-01-08 07:00:00+00:00,0.0,4.232899,0.0,0.0,0.0,16.120375,Clear sky
2200,2021-01-09 07:00:00+00:00,3.0,7.1804004,0.0,0.0,0.0,11.240786,Overcast
2201,2021-01-10 07:00:00+00:00,3.0,8.9279,0.0,0.0,0.0,17.10976,Overcast
2202,2021-01-11 07:00:00+00:00,3.0,16.3304,0.0,0.0,0.0,19.329027,Overcast
2203,2021-01-12 07:00:00+00:00,2.0,23.470398,0.0,0.0,0.0,19.698307,Partly cloudy
2204,2021-01-13 07:00:00+00:00,3.0,26.331652,0.0,0.0,0.0,16.914145,Overcast
2205,2021-01-14 07:00:00+00:00,3.0,20.65415,0.0,0.0,0.0,18.568449,Overcast
2206,2021-01-15 07:00:00+00:00,3.0,11.410399,0.0,0.0,0.0,14.514666,Overcast
2207,2021-01-16 07:00:00+00:00,0.0,10.63415,0.0,0.0,0.0,19.171755,Clear sky
2208,2021-01-17 07:00:00+00:00,0.0,16.210398,0.0,0.0,0.0,18.351583,Clear sky
2209,2021-01-18 07:00:00+00:00,0.0,22.469152,0.0,0.0,0.0,9.7225895,Clear sky
2210,2021-01-19 07:00:00+00:00,2.0,25.63415,0.0,0.0,0.0,11.504793,Partly cloudy
2211,2021-01-20 07:00:00+00:00,3.0,22.37165,0.0,0.0,0.0,8.130503,Overcast
2212,2021-01-21 07:00:00+00:00,0.0,22.780397,0.0,0.0,0.0,8.249648,Clear sky
2213,2021-01-22 07:00:00+00:00,3.0,26.710403,0.0,0.0,0.0,8.518242,Overcast
2214,2021-01-23 07:00:00+00:00,1.0,28.859152,0.0,0.0,0.0,9.323219,Mainly clear
2215,2021-01-24 07:00:00+00:00,73.0,26.8604,0.22047244,0.031496063,0.0,14.126792,Moderate snow fall
2216,2021-01-25 07:00:00+00:00,1.0,21.284151,0.0,0.0,0.0,14.547381,Mainly clear
2217,2021-01-26 07:00:00+00:00,2.0,20.579153,0.0,0.0,0.0,22.818497,Partly cloudy
2218,2021-01-27 07:00:00+00:00,3.0,12.280399,0.0,0.0,0.0,29.872955,Overcast
2219,2021-01-28 07:00:00+00:00,0.0,18.5804,0.0,0.0,0.0,17.119993,Clear sky
2220,2021-01-29 07:00:00+00:00,0.0,23.924149,0.0,0.0,0.0,16.801344,Clear sky
2221,2021-01-30 07:00:00+00:00,0.0,27.126656,0.0,0.0,0.0,24.090113,Clear sky
2222,2021-01-31 07:00:00+00:00,3.0,21.80165,0.0,0.0,0.0,23.839537,Overcast
2223,2021-02-01 07:00:00+00:00,0.0,9.15665,0.0,0.0,0.0,16.293285,Clear sky
2224,2021-02-02 07:00:00+00:00,3.0,17.312899,0.0,0.0,0.0,13.73343,Overcast
2225,2021-02-03 07:00:00+00:00,0.0,20.871649,0.0,0.0,0.0,15.122518,Clear sky
2226,2021-02-04 07:00:00+00:00,2.0,29.849152,0.0,0.0,0.0,21.280914,Partly cloudy
2227,2021-02-05 07:00:00+00:00,0.0,31.150404,0.0,0.0,0.0,21.532215,Clear sky
2228,2021-02-06 07:00:00+00:00,0.0,25.611649,0.0,0.0,0.0,14.79129,Clear sky
2229,2021-02-07 07:00:00+00:00,3.0,23.320398,0.0,0.0,0.0,5.1060476,Overcast
2230,2021-02-08 07:00:00+00:00,1.0,26.48165,0.0,0.0,0.0,8.385021,Mainly clear
2231,2021-02-09 07:00:00+00:00,0.0,29.282898,0.0,0.0,0.0,9.048105,Clear sky
2232,2021-02-10 07:00:00+00:00,3.0,37.49165,0.0,0.0,0.0,17.121454,Overcast
2233,2021-02-11 07:00:00+00:00,3.0,32.84915,0.0,0.0,0.0,12.156198,Overcast
2234,2021-02-12 07:00:00+00:00,3.0,34.469154,0.0,0.0,0.0,6.9921904,Overcast
2235,2021-02-13 07:00:00+00:00,3.0,31.8854,0.0,0.0,0.0,14.818332,Overcast
2236,2021-02-14 07:00:00+00:00,3.0,19.296652,0.0,0.0,0.0,17.988039,Overcast
2237,2021-02-15 07:00:00+00:00,3.0,23.2154,0.0,0.0,0.0,17.36955,Overcast
2238,2021-02-16 07:00:00+00:00,3.0,23.260399,0.0,0.0,0.0,16.735691,Overcast
2239,2021-02-17 07:00:00+00:00,1.0,30.062902,0.0,0.0,0.0,14.657044,Mainly clear
2240,2021-02-18 07:00:00+00:00,3.0,37.38665,0.0,0.0,0.0,19.524794,Overcast
2241,2021-02-19 07:00:00+00:00,3.0,39.145397,0.0,0.0,0.0,18.03527,Overcast
2242,2021-02-20 07:00:00+00:00,2.0,44.354156,0.0,0.0,0.0,16.574947,Partly cloudy
2243,2021-02-21 07:00:00+00:00,3.0,38.54165,0.0,0.0,0.0,13.200195,Overcast
2244,2021-02-22 07:00:00+00:00,3.0,35.417904,0.0,0.0,0.0,14.457667,Overcast
2245,2021-02-23 07:00:00+00:00,3.0,35.14415,0.0,0.0,0.0,8.313096,Overcast
2246,2021-02-24 07:00:00+00:00,3.0,35.55665,0.0,0.0,0.0,8.130503,Overcast
2247,2021-02-25 07:00:00+00:00,3.0,35.410397,0.0,0.0,0.0,10.282903,Overcast
2248,2021-02-26 07:00:00+00:00,3.0,34.66415,0.0,0.0,0.0,17.411278,Overcast
2249,2021-02-27 07:00:00+00:00,75.0,35.26415,2.03937,0.30314958,0.011811025,16.735691,Heavy snow fall
2250,2021-02-28 07:00:00+00:00,71.0,29.061651,0.19291338,0.027559055,0.0,14.786214,Slight snow fall
2251,2021-03-01 07:00:00+00:00,0.0,30.50915,0.0,0.0,0.0,15.931461,Clear sky
2252,2021-03-02 07:00:00+00:00,0.0,36.786648,0.0,0.0,0.0,16.383638,Clear sky
2253,2021-03-03 07:00:00+00:00,2.0,39.126648,0.0,0.0,0.0,13.675006,Partly cloudy
2254,2021-03-04 07:00:00+00:00,3.0,38.507904,0.0,0.0,0.0,13.20588,Overcast
2255,2021-03-05 07:00:00+00:00,3.0,31.6904,0.0,0.0,0.0,10.478142,Overcast
2256,2021-03-06 07:00:00+00:00,2.0,31.679148,0.0,0.0,0.0,8.43263,Partly cloudy
2257,2021-03-07 07:00:00+00:00,3.0,40.01915,0.0,0.0,0.0,11.743717,Overcast
2258,2021-03-08 07:00:00+00:00,51.0,39.78665,0.0,0.01968504,0.01968504,8.87218,Light drizzle
2259,2021-03-09 07:00:00+00:00,3.0,45.4154,0.0,0.0,0.0,10.606305,Overcast
2260,2021-03-10 07:00:00+00:00,71.0,44.50415,0.027559055,0.007874016,0.003937008,10.435072,Slight snow fall
2261,2021-03-11 07:00:00+00:00,55.0,44.1029,0.0,0.14173228,0.14173228,8.322121,Dense drizzle
2262,2021-03-12 07:00:00+00:00,3.0,41.95791,0.0,0.0,0.0,10.329031,Overcast
2263,2021-03-13 07:00:00+00:00,3.0,46.349148,0.0,0.0,0.0,15.945589,Overcast
2264,2021-03-14 07:00:00+00:00,3.0,38.55665,0.0,0.0,0.0,20.946732,Overcast
2265,2021-03-15 07:00:00+00:00,3.0,33.152905,0.0,0.0,0.0,17.727432,Overcast
2266,2021-03-16 07:00:00+00:00,53.0,36.3929,0.0,0.070866145,0.070866145,15.706862,Moderate drizzle
2267,2021-03-17 07:00:00+00:00,73.0,37.51415,0.41338584,0.42125985,0.36220473,14.428216,Moderate snow fall
2268,2021-03-18 07:00:00+00:00,61.0,39.76415,0.0,0.17322835,0.17322835,11.2652445,Slight rain
2269,2021-03-19 07:00:00+00:00,73.0,30.764145,0.35826772,0.22047243,0.16929133,19.993324,Moderate snow fall
2270,2021-03-20 07:00:00+00:00,0.0,26.489151,0.0,0.0,0.0,18.992117,Clear sky
2271,2021-03-21 07:00:00+00:00,0.0,32.616653,0.0,0.0,0.0,15.148967,Clear sky
2272,2021-03-22 07:00:00+00:00,3.0,41.03165,0.0,0.0,0.0,14.464588,Overcast
2273,2021-03-23 07:00:00+00:00,3.0,42.827896,0.0,0.0,0.0,11.530862,Overcast
2274,2021-03-24 07:00:00+00:00,3.0,45.269146,0.0,0.0,0.0,15.394721,Overcast
2275,2021-03-25 07:00:00+00:00,53.0,50.039154,0.0,0.11023621,0.11023621,16.669777,Moderate drizzle
2276,2021-03-26 07:00:00+00:00,0.0,45.839153,0.0,0.0,0.0,16.51294,Clear sky
2277,2021-03-27 07:00:00+00:00,3.0,44.496655,0.0,0.0,0.0,17.32917,Overcast
2278,2021-03-28 07:00:00+00:00,3.0,38.9804,0.0,0.0,0.0,11.113185,Overcast
2279,2021-03-29 07:00:00+00:00,3.0,42.467903,0.0,0.0,0.0,8.142803,Overcast
2280,2021-03-30 07:00:00+00:00,3.0,49.45039,0.0,0.0,0.0,12.8135395,Overcast
2281,2021-03-31 07:00:00+00:00,61.0,48.554153,0.0,0.2992126,0.2992126,12.93017,Slight rain
2282,2021-04-01 07:00:00+00:00,61.0,42.175396,0.0,0.14173228,0.14173228,10.798016,Slight rain
2283,2021-04-02 07:00:00+00:00,3.0,40.61165,0.0,0.0,0.0,14.704766,Overcast
2284,2021-04-03 07:00:00+00:00,3.0,40.401646,0.0,0.0,0.0,11.743717,Overcast
2285,2021-04-04 07:00:00+00:00,53.0,43.15415,0.0,0.09448819,0.09448819,6.949117,Moderate drizzle
2286,2021-04-05 07:00:00+00:00,55.0,39.40415,0.0,0.19291338,0.19291338,5.9100847,Dense drizzle
2287,2021-04-06 07:00:00+00:00,3.0,42.426647,0.0,0.0,0.0,8.0656185,Overcast
2288,2021-04-07 07:00:00+00:00,3.0,45.640396,0.0,0.0,0.0,7.8294992,Overcast
2289,2021-04-08 07:00:00+00:00,3.0,48.61415,0.0,0.0,0.0,12.319758,Overcast
2290,2021-04-09 07:00:00+00:00,51.0,49.53665,0.0,0.015748031,0.015748031,15.12748,Light drizzle
2291,2021-04-10 07:00:00+00:00,53.0,49.195393,0.0,0.059055116,0.059055116,13.607141,Moderate drizzle
2292,2021-04-11 07:00:00+00:00,71.0,44.361652,0.11023622,0.14173228,0.12598425,20.193804,Slight snow fall
2293,2021-04-12 07:00:00+00:00,3.0,32.7704,0.0,0.0,0.0,15.538698,Overcast
2294,2021-04-13 07:00:00+00:00,0.0,39.5579,0.0,0.0,0.0,14.747243,Clear sky
2295,2021-04-14 07:00:00+00:00,73.0,46.506653,0.08267717,0.015748031,0.003937008,31.77485,Moderate snow fall
2296,2021-04-15 07:00:00+00:00,2.0,36.68915,0.0,0.0,0.0,26.671946,Partly cloudy
2297,2021-04-16 07:00:00+00:00,3.0,36.017902,0.0,0.0,0.0,15.303434,Overcast
2298,2021-04-17 07:00:00+00:00,0.0,45.662903,0.0,0.0,0.0,10.795698,Clear sky
2299,2021-04-18 07:00:00+00:00,3.0,52.454147,0.0,0.0,0.0,9.812248,Overcast
2300,2021-04-19 07:00:00+00:00,3.0,57.75665,0.0,0.0,0.0,7.0740147,Overcast
2301,2021-04-20 07:00:00+00:00,51.0,59.10289,0.0,0.003937008,0.003937008,11.144661,Light drizzle
2302,2021-04-21 07:00:00+00:00,51.0,55.874146,0.0,0.062992126,0.062992126,11.106429,Light drizzle
2303,2021-04-22 07:00:00+00:00,3.0,56.807896,0.0,0.0,0.0,16.831102,Overcast
2304,2021-04-23 07:00:00+00:00,3.0,59.3729,0.0,0.0,0.0,15.7688675,Overcast
2305,2021-04-24 07:00:00+00:00,3.0,56.185394,0.0,0.0,0.0,13.923416,Overcast
2306,2021-04-25 07:00:00+00:00,53.0,51.070404,0.0,0.06692913,0.06692913,21.481026,Moderate drizzle
2307,2021-04-26 07:00:00+00:00,3.0,44.766647,0.0,0.0,0.0,22.949701,Overcast
2308,2021-04-27 07:00:00+00:00,51.0,43.8779,0.0,0.015748031,0.015748031,21.014706,Light drizzle
2309,2021-04-28 07:00:00+00:00,51.0,46.701645,0.0,0.003937008,0.003937008,23.120237,Light drizzle
2310,2021-04-29 07:00:00+00:00,51.0,48.257904,0.0,0.023622047,0.023622047,20.312403,Light drizzle
2311,2021-04-30 07:00:00+00:00,3.0,46.997894,0.0,0.0,0.0,21.368912,Overcast
2312,2021-05-01 07:00:00+00:00,3.0,52.319153,0.0,0.0,0.0,16.704264,Overcast
2313,2021-05-02 07:00:00+00:00,3.0,60.494152,0.0,0.0,0.0,21.671207,Overcast
2314,2021-05-03 07:00:00+00:00,51.0,48.025406,0.0,0.01968504,0.01968504,27.913244,Light drizzle
2315,2021-05-04 07:00:00+00:00,0.0,50.36165,0.0,0.0,0.0,25.640743,Clear sky
2316,2021-05-05 07:00:00+00:00,3.0,54.5054,0.0,0.0,0.0,30.45115,Overcast
2317,2021-05-06 07:00:00+00:00,2.0,47.230404,0.0,0.0,0.0,29.826014,Partly cloudy
2318,2021-05-07 07:00:00+00:00,3.0,58.637897,0.0,0.0,0.0,19.989569,Overcast
2319,2021-05-08 07:00:00+00:00,3.0,60.002895,0.0,0.0,0.0,13.835081,Overcast
2320,2021-05-09 07:00:00+00:00,3.0,61.19165,0.0,0.0,0.0,24.262943,Overcast
2321,2021-05-10 07:00:00+00:00,3.0,62.1404,0.0,0.0,0.0,18.10174,Overcast
2322,2021-05-11 07:00:00+00:00,3.0,65.18165,0.0,0.0,0.0,18.620926,Overcast
2323,2021-05-12 07:00:00+00:00,51.0,69.2204,0.0,0.007874016,0.007874016,15.36381,Light drizzle
2324,2021-05-13 07:00:00+00:00,53.0,69.7154,0.0,0.043307085,0.043307085,15.290349,Moderate drizzle
2325,2021-05-14 07:00:00+00:00,61.0,52.649155,0.0,0.7952755,0.7952755,18.908937,Slight rain
2326,2021-05-15 07:00:00+00:00,61.0,45.340397,0.0,0.20472442,0.20472442,12.021664,Slight rain
2327,2021-05-16 07:00:00+00:00,3.0,55.31914,0.0,0.0,0.0,11.220735,Overcast
2328,2021-05-17 07:00:00+00:00,51.0,60.340393,0.0,0.003937008,0.003937008,16.421774,Light drizzle
2329,2021-05-18 07:00:00+00:00,3.0,62.470394,0.0,0.0,0.0,16.16223,Overcast
2330,2021-05-19 07:00:00+00:00,51.0,58.3004,0.0,0.055118114,0.055118114,15.122517,Light drizzle
2331,2021-05-20 07:00:00+00:00,51.0,62.91289,0.0,0.003937008,0.003937008,16.245611,Light drizzle
2332,2021-05-21 07:00:00+00:00,3.0,69.100395,0.0,0.0,0.0,15.931461,Overcast
2333,2021-05-22 07:00:00+00:00,51.0,54.846653,0.0,0.04330709,0.04330709,22.885288,Light drizzle
2334,2021-05-23 07:00:00+00:00,51.0,51.276653,0.0,0.003937008,0.003937008,25.215664,Light drizzle
2335,2021-05-24 07:00:00+00:00,2.0,55.540394,0.0,0.0,0.0,26.971392,Partly cloudy
2336,2021-05-25 07:00:00+00:00,51.0,64.3679,0.0,0.023622047,0.023622047,26.188192,Light drizzle
2337,2021-05-26 07:00:00+00:00,51.0,60.2504,0.0,0.023622047,0.023622047,24.858898,Light drizzle
2338,2021-05-27 07:00:00+00:00,0.0,58.5779,0.0,0.0,0.0,23.204494,Clear sky
2339,2021-05-28 07:00:00+00:00,2.0,71.35415,0.0,0.0,0.0,17.342161,Partly cloudy
2340,2021-05-29 07:00:00+00:00,3.0,70.532906,0.0,0.0,0.0,13.907232,Overcast
2341,2021-05-30 07:00:00+00:00,51.0,71.669136,0.0,0.011811024,0.011811024,21.919176,Light drizzle
2342,2021-05-31 07:00:00+00:00,51.0,64.26664,0.0,0.015748031,0.015748031,21.911182,Light drizzle
2343,2021-06-01 07:00:00+00:00,2.0,61.975403,0.0,0.0,0.0,19.67797,Partly cloudy
2344,2021-06-02 07:00:00+00:00,2.0,55.311646,0.0,0.0,0.0,18.207863,Partly cloudy
2345,2021-06-03 07:00:00+00:00,3.0,64.694145,0.0,0.0,0.0,16.627697,Overcast
2346,2021-06-04 07:00:00+00:00,1.0,64.6829,0.0,0.0,0.0,17.319061,Mainly clear
2347,2021-06-05 07:00:00+00:00,3.0,72.490395,0.0,0.0,0.0,17.434254,Overcast
2348,2021-06-06 07:00:00+00:00,3.0,73.31165,0.0,0.0,0.0,16.441568,Overcast
2349,2021-06-07 07:00:00+00:00,61.0,70.6979,0.0,0.12992126,0.12992126,15.959705,Slight rain
2350,2021-06-08 07:00:00+00:00,53.0,63.377888,0.0,0.070866145,0.070866145,12.131473,Moderate drizzle
2351,2021-06-09 07:00:00+00:00,53.0,59.03165,0.0,0.023622047,0.023622047,9.908673,Moderate drizzle
2352,2021-06-10 07:00:00+00:00,3.0,68.12164,0.0,0.0,0.0,13.408945,Overcast
2353,2021-06-11 07:00:00+00:00,53.0,69.38541,0.0,0.070866145,0.070866145,14.318547,Moderate drizzle
2354,2021-06-12 07:00:00+00:00,63.0,69.569145,0.0,0.93700784,0.93700784,11.864539,Moderate rain
2355,2021-06-13 07:00:00+00:00,63.0,69.381645,0.0,0.32677165,0.32677165,9.059159,Moderate rain
2356,2021-06-14 07:00:00+00:00,51.0,72.1379,0.0,0.007874016,0.007874016,9.875792,Light drizzle
2357,2021-06-15 07:00:00+00:00,61.0,70.026665,0.0,0.39763778,0.39763778,13.557402,Slight rain
2358,2021-06-16 07:00:00+00:00,51.0,62.590397,0.0,0.007874016,0.007874016,15.4498825,Light drizzle
2359,2021-06-17 07:00:00+00:00,3.0,64.0754,0.0,0.0,0.0,15.306704,Overcast
2360,2021-06-18 07:00:00+00:00,0.0,66.40039,0.0,0.0,0.0,12.125282,Clear sky
2361,2021-06-19 07:00:00+00:00,3.0,67.6679,0.0,0.0,0.0,15.514527,Overcast
2362,2021-06-20 07:00:00+00:00,61.0,73.0154,0.0,0.14173228,0.14173228,16.506876,Slight rain
2363,2021-06-21 07:00:00+00:00,3.0,71.06164,0.0,0.0,0.0,10.704927,Overcast
2364,2021-06-22 07:00:00+00:00,61.0,74.3504,0.0,0.09055118,0.09055118,11.364753,Slight rain
2365,2021-06-23 07:00:00+00:00,63.0,64.7729,0.0,0.36220467,0.36220467,12.125282,Moderate rain
2366,2021-06-24 07:00:00+00:00,63.0,67.47665,0.0,0.35039368,0.35039368,11.285216,Moderate rain
2367,2021-06-25 07:00:00+00:00,0.0,73.79914,0.0,0.0,0.0,14.770977,Clear sky
2368,2021-06-26 07:00:00+00:00,3.0,75.49415,0.0,0.0,0.0,11.205114,Overcast
2369,2021-06-27 07:00:00+00:00,3.0,74.52664,0.0,0.0,0.0,10.106191,Overcast
2370,2021-06-28 07:00:00+00:00,3.0,73.967896,0.0,0.0,0.0,16.650253,Overcast
2371,2021-06-29 07:00:00+00:00,1.0,73.03416,0.0,0.0,0.0,17.786612,Mainly clear
2372,2021-06-30 07:00:00+00:00,3.0,73.772896,0.0,0.0,0.0,13.525991,Overcast
2373,2021-07-01 07:00:00+00:00,61.0,68.545395,0.0,0.35826772,0.35826772,19.243402,Slight rain
2374,2021-07-02 07:00:00+00:00,61.0,63.640408,0.0,0.1023622,0.1023622,12.664266,Slight rain
2375,2021-07-03 07:00:00+00:00,1.0,69.11166,0.0,0.0,0.0,8.108932,Mainly clear
2376,2021-07-04 07:00:00+00:00,61.0,72.2354,0.0,0.13385826,0.13385826,15.139053,Slight rain
2377,2021-07-05 07:00:00+00:00,51.0,67.26665,0.0,0.023622049,0.023622049,13.030404,Light drizzle
2378,2021-07-06 07:00:00+00:00,2.0,72.35914,0.0,0.0,0.0,11.294082,Partly cloudy
2379,2021-07-07 07:00:00+00:00,2.0,72.9479,0.0,0.0,0.0,10.485304,Partly cloudy
2380,2021-07-08 07:00:00+00:00,3.0,74.22665,0.0,0.0,0.0,12.521207,Overcast
2381,2021-07-09 07:00:00+00:00,3.0,80.05041,0.0,0.0,0.0,11.63455,Overcast
2382,2021-07-10 07:00:00+00:00,51.0,79.79915,0.0,0.003937008,0.003937008,12.32179,Light drizzle
2383,2021-07-11 07:00:00+00:00,53.0,73.7354,0.0,0.074803144,0.074803144,10.795698,Moderate drizzle
2384,2021-07-12 07:00:00+00:00,3.0,72.7154,0.0,0.0,0.0,10.5139,Overcast
2385,2021-07-13 07:00:00+00:00,1.0,79.15789,0.0,0.0,0.0,9.323219,Mainly clear
2386,2021-07-14 07:00:00+00:00,2.0,82.2629,0.0,0.0,0.0,9.865652,Partly cloudy
2387,2021-07-15 07:00:00+00:00,51.0,76.38665,0.0,0.015748031,0.015748031,13.675006,Light drizzle
2388,2021-07-16 07:00:00+00:00,55.0,74.9579,0.0,0.13385826,0.13385826,7.791057,Dense drizzle
2389,2021-07-17 07:00:00+00:00,3.0,72.9179,0.0,0.0,0.0,6.673612,Overcast
2390,2021-07-18 07:00:00+00:00,51.0,75.06665,0.0,0.011811024,0.011811024,7.8550243,Light drizzle
2391,2021-07-19 07:00:00+00:00,2.0,75.60665,0.0,0.0,0.0,10.821161,Partly cloudy
2392,2021-07-20 07:00:00+00:00,51.0,74.474144,0.0,0.007874016,0.007874016,15.039562,Light drizzle
2393,2021-07-21 07:00:00+00:00,51.0,73.30039,0.0,0.039370082,0.039370082,16.231743,Light drizzle
2394,2021-07-22 07:00:00+00:00,63.0,73.1954,0.0,0.27559054,0.27559054,14.100199,Moderate rain
2395,2021-07-23 07:00:00+00:00,51.0,75.6329,0.0,0.003937008,0.003937008,9.408707,Light drizzle
2396,2021-07-24 07:00:00+00:00,53.0,77.26415,0.0,0.04330709,0.04330709,17.730253,Moderate drizzle
2397,2021-07-25 07:00:00+00:00,61.0,72.235405,0.0,0.20866139,0.20866139,15.889001,Slight rain
2398,2021-07-26 07:00:00+00:00,51.0,70.06414,0.0,0.023622047,0.023622047,11.908744,Light drizzle
2399,2021-07-27 07:00:00+00:00,51.0,70.56289,0.0,0.027559057,0.027559057,12.046613,Light drizzle
2400,2021-07-28 07:00:00+00:00,51.0,69.599144,0.0,0.007874016,0.007874016,7.713597,Light drizzle
2401,2021-07-29 07:00:00+00:00,1.0,74.5754,0.0,0.0,0.0,8.643624,Mainly clear
2402,2021-07-30 07:00:00+00:00,1.0,76.91914,0.0,0.0,0.0,11.889818,Mainly clear
2403,2021-07-31 07:00:00+00:00,2.0,70.592896,0.0,0.0,0.0,15.951864,Partly cloudy
2404,2021-08-01 07:00:00+00:00,3.0,68.97289,0.0,0.0,0.0,13.468523,Overcast
2405,2021-08-02 07:00:00+00:00,63.0,71.21164,0.0,0.4606299,0.4606299,13.016956,Moderate rain
2406,2021-08-03 07:00:00+00:00,53.0,65.67666,0.0,0.035433073,0.035433073,11.908742,Moderate drizzle
2407,2021-08-04 07:00:00+00:00,3.0,68.9729,0.0,0.0,0.0,9.906147,Overcast
2408,2021-08-05 07:00:00+00:00,2.0,68.125404,0.0,0.0,0.0,7.8135056,Partly cloudy
2409,2021-08-06 07:00:00+00:00,3.0,71.6204,0.0,0.0,0.0,7.5197816,Overcast
2410,2021-08-07 07:00:00+00:00,61.0,72.72665,0.0,0.2559055,0.2559055,11.666765,Slight rain
2411,2021-08-08 07:00:00+00:00,51.0,67.3904,0.0,0.007874016,0.007874016,8.948,Light drizzle
2412,2021-08-09 07:00:00+00:00,51.0,69.0554,0.0,0.003937008,0.003937008,9.196219,Light drizzle
2413,2021-08-10 07:00:00+00:00,3.0,68.63165,0.0,0.0,0.0,12.451071,Overcast
2414,2021-08-11 07:00:00+00:00,3.0,70.73916,0.0,0.0,0.0,9.304415,Overcast
2415,2021-08-12 07:00:00+00:00,1.0,72.07789,0.0,0.0,0.0,9.344664,Mainly clear
2416,2021-08-13 07:00:00+00:00,51.0,71.1179,0.0,0.007874016,0.007874016,10.981824,Light drizzle
2417,2021-08-14 07:00:00+00:00,61.0,66.314156,0.0,0.26771653,0.26771653,11.915043,Slight rain
2418,2021-08-15 07:00:00+00:00,2.0,69.850395,0.0,0.0,0.0,7.074015,Partly cloudy
2419,2021-08-16 07:00:00+00:00,3.0,73.2554,0.0,0.0,0.0,7.147907,Overcast
2420,2021-08-17 07:00:00+00:00,63.0,73.98664,0.0,0.44094485,0.44094485,13.380925,Moderate rain
2421,2021-08-18 07:00:00+00:00,65.0,68.515396,0.0,2.3622046,2.3622046,8.905957,Heavy rain
2422,2021-08-19 07:00:00+00:00,61.0,67.75415,0.0,0.15748031,0.15748031,7.4125414,Slight rain
2423,2021-08-20 07:00:00+00:00,51.0,66.78665,0.0,0.003937008,0.003937008,8.701326,Light drizzle
2424,2021-08-21 07:00:00+00:00,51.0,70.9679,0.0,0.003937008,0.003937008,20.308708,Light drizzle
2425,2021-08-22 07:00:00+00:00,51.0,65.48539,0.0,0.019685041,0.019685041,16.383638,Light drizzle
2426,2021-08-23 07:00:00+00:00,51.0,57.947903,0.0,0.003937008,0.003937008,15.59656,Light drizzle
2427,2021-08-24 07:00:00+00:00,53.0,57.4379,0.0,0.074803144,0.074803144,18.257265,Moderate drizzle
2428,2021-08-25 07:00:00+00:00,2.0,58.67915,0.0,0.0,0.0,14.588602,Partly cloudy
2429,2021-08-26 07:00:00+00:00,3.0,59.5154,0.0,0.0,0.0,13.350974,Overcast
2430,2021-08-27 07:00:00+00:00,61.0,59.582905,0.0,0.26771653,0.26771653,9.976619,Slight rain
2431,2021-08-28 07:00:00+00:00,51.0,62.260403,0.0,0.011811024,0.011811024,11.956968,Light drizzle
2432,2021-08-29 07:00:00+00:00,63.0,62.48541,0.0,0.23622048,0.23622048,10.749245,Moderate rain
2433,2021-08-30 07:00:00+00:00,3.0,64.45415,0.0,0.0,0.0,5.5249825,Overcast
2434,2021-08-31 07:00:00+00:00,51.0,64.51791,0.0,0.007874016,0.007874016,7.618947,Light drizzle
2435,2021-09-01 07:00:00+00:00,51.0,66.68166,0.0,0.007874016,0.007874016,11.406507,Light drizzle
2436,2021-09-02 07:00:00+00:00,51.0,70.09416,0.0,0.007874016,0.007874016,11.126686,Light drizzle
2437,2021-09-03 07:00:00+00:00,51.0,65.8754,0.0,0.055118114,0.055118114,11.049964,Light drizzle
2438,2021-09-04 07:00:00+00:00,51.0,58.949142,0.0,0.011811024,0.011811024,11.7564945,Light drizzle
2439,2021-09-05 07:00:00+00:00,51.0,56.811657,0.0,0.043307085,0.043307085,9.875792,Light drizzle
2440,2021-09-06 07:00:00+00:00,1.0,59.8754,0.0,0.0,0.0,16.793898,Mainly clear
2441,2021-09-07 07:00:00+00:00,1.0,66.00665,0.0,0.0,0.0,20.909668,Mainly clear
2442,2021-09-08 07:00:00+00:00,2.0,66.19415,0.0,0.0,0.0,15.232968,Partly cloudy
2443,2021-09-09 07:00:00+00:00,2.0,63.239147,0.0,0.0,0.0,7.6058,Partly cloudy
2444,2021-09-10 07:00:00+00:00,1.0,68.477905,0.0,0.0,0.0,9.398062,Mainly clear
2445,2021-09-11 07:00:00+00:00,3.0,72.7229,0.0,0.0,0.0,14.348224,Overcast
2446,2021-09-12 07:00:00+00:00,3.0,70.742905,0.0,0.0,0.0,14.165704,Overcast
2447,2021-09-13 07:00:00+00:00,3.0,70.56666,0.0,0.0,0.0,14.643382,Overcast
2448,2021-09-14 07:00:00+00:00,53.0,65.98789,0.0,0.098425195,0.098425195,13.066837,Moderate drizzle
2449,2021-09-15 07:00:00+00:00,61.0,60.115402,0.0,0.39763778,0.39763778,7.9089894,Slight rain
2450,2021-09-16 07:00:00+00:00,3.0,59.5304,0.0,0.0,0.0,10.4278755,Overcast
2451,2021-09-17 07:00:00+00:00,3.0,60.906647,0.0,0.0,0.0,7.2036953,Overcast
2452,2021-09-18 07:00:00+00:00,51.0,61.30789,0.0,0.070866145,0.070866145,10.504376,Light drizzle
2453,2021-09-19 07:00:00+00:00,51.0,57.35915,0.0,0.055118106,0.055118106,6.5334187,Light drizzle
2454,2021-09-20 07:00:00+00:00,63.0,57.53165,0.0,0.1496063,0.1496063,9.606085,Moderate rain
2455,2021-09-21 07:00:00+00:00,51.0,61.1279,0.0,0.003937008,0.003937008,10.116089,Light drizzle
2456,2021-09-22 07:00:00+00:00,3.0,65.77039,0.0,0.0,0.0,9.875792,Overcast
2457,2021-09-23 07:00:00+00:00,51.0,62.7329,0.0,0.023622047,0.023622047,14.416072,Light drizzle
2458,2021-09-24 07:00:00+00:00,3.0,61.776653,0.0,0.0,0.0,11.285216,Overcast
2459,2021-09-25 07:00:00+00:00,51.0,60.8954,0.0,0.015748031,0.015748031,12.545163,Light drizzle
2460,2021-09-26 07:00:00+00:00,51.0,57.557896,0.0,0.019685041,0.019685041,7.8550243,Light drizzle
2461,2021-09-27 07:00:00+00:00,3.0,61.960403,0.0,0.0,0.0,14.779444,Overcast
2462,2021-09-28 07:00:00+00:00,51.0,60.704144,0.0,0.011811024,0.011811024,14.428216,Light drizzle
2463,2021-09-29 07:00:00+00:00,2.0,62.35039,0.0,0.0,0.0,10.841952,Partly cloudy
2464,2021-09-30 07:00:00+00:00,51.0,56.462902,0.0,0.007874016,0.007874016,14.165704,Light drizzle
2465,2021-10-01 07:00:00+00:00,51.0,60.261654,0.0,0.007874016,0.007874016,16.343884,Light drizzle
2466,2021-10-02 07:00:00+00:00,61.0,61.262897,0.0,0.13385826,0.13385826,18.796124,Slight rain
2467,2021-10-03 07:00:00+00:00,51.0,51.782898,0.0,0.011811024,0.011811024,13.205881,Light drizzle
2468,2021-10-04 07:00:00+00:00,53.0,45.95915,0.0,0.08661417,0.08661417,13.350974,Moderate drizzle
2469,2021-10-05 07:00:00+00:00,53.0,46.784153,0.0,0.2519685,0.2519685,13.564781,Moderate drizzle
2470,2021-10-06 07:00:00+00:00,51.0,49.060394,0.0,0.003937008,0.003937008,6.0191517,Light drizzle
2471,2021-10-07 07:00:00+00:00,3.0,48.715397,0.0,0.0,0.0,7.3037276,Overcast
2472,2021-10-08 07:00:00+00:00,55.0,51.550404,0.0,0.08661416,0.08661416,19.655071,Dense drizzle
2473,2021-10-09 07:00:00+00:00,3.0,40.472897,0.0,0.0,0.0,16.587019,Overcast
2474,2021-10-10 07:00:00+00:00,0.0,40.214153,0.0,0.0,0.0,8.8127575,Clear sky
2475,2021-10-11 07:00:00+00:00,3.0,43.607895,0.0,0.0,0.0,9.347342,Overcast
2476,2021-10-12 07:00:00+00:00,53.0,49.7054,0.0,0.1535433,0.1535433,12.821347,Moderate drizzle
2477,2021-10-13 07:00:00+00:00,61.0,49.169147,0.0,0.3110236,0.3110236,11.908744,Slight rain
2478,2021-10-14 07:00:00+00:00,3.0,45.2054,0.0,0.0,0.0,12.811586,Overcast
2479,2021-10-15 07:00:00+00:00,0.0,35.2679,0.0,0.0,0.0,11.249686,Clear sky
2480,2021-10-16 07:00:00+00:00,0.0,32.462894,0.0,0.0,0.0,6.142592,Clear sky
2481,2021-10-17 07:00:00+00:00,61.0,43.225403,0.0,0.13385826,0.13385826,11.7564945,Slight rain
2482,2021-10-18 07:00:00+00:00,3.0,38.3654,0.0,0.0,0.0,12.766588,Overcast
2483,2021-10-19 07:00:00+00:00,51.0,40.8929,0.0,0.003937008,0.003937008,9.028728,Light drizzle
2484,2021-10-20 07:00:00+00:00,0.0,39.047897,0.0,0.0,0.0,11.184999,Clear sky
2485,2021-10-21 07:00:00+00:00,0.0,38.350407,0.0,0.0,0.0,9.637291,Clear sky
2486,2021-10-22 07:00:00+00:00,3.0,40.81415,0.0,0.0,0.0,9.704559,Overcast
2487,2021-10-23 07:00:00+00:00,51.0,45.914154,0.0,0.007874016,0.007874016,9.784158,Light drizzle
2488,2021-10-24 07:00:00+00:00,3.0,45.55415,0.0,0.0,0.0,12.0258255,Overcast
2489,2021-10-25 07:00:00+00:00,3.0,45.9779,0.0,0.0,0.0,11.072585,Overcast
2490,2021-10-26 07:00:00+00:00,3.0,41.1479,0.0,0.0,0.0,7.8038926,Overcast
2491,2021-10-27 07:00:00+00:00,51.0,44.7704,0.0,0.003937008,0.003937008,6.945516,Light drizzle
2492,2021-10-28 07:00:00+00:00,51.0,45.040394,0.0,0.003937008,0.003937008,12.986165,Light drizzle
2493,2021-10-29 07:00:00+00:00,3.0,42.227905,0.0,0.0,0.0,13.647533,Overcast
2494,2021-10-30 07:00:00+00:00,3.0,37.84415,0.0,0.0,0.0,11.773507,Overcast
2495,2021-10-31 07:00:00+00:00,0.0,35.76665,0.0,0.0,0.0,5.956472,Clear sky
2496,2021-11-01 07:00:00+00:00,61.0,42.2354,0.0,0.078740165,0.078740165,14.344735,Slight rain
2497,2021-11-02 07:00:00+00:00,2.0,43.079147,0.0,0.0,0.0,18.71876,Partly cloudy
2498,2021-11-03 07:00:00+00:00,51.0,44.0204,0.0,0.003937008,0.003937008,16.627697,Light drizzle
2499,2021-11-04 07:00:00+00:00,51.0,45.794155,0.0,0.019685041,0.019685041,11.548207,Light drizzle
2500,2021-11-05 07:00:00+00:00,75.0,37.420406,1.8464568,0.41338575,0.14960629,21.00637,Heavy snow fall
2501,2021-11-06 07:00:00+00:00,73.0,17.4554,0.7992125,0.11023621,0.0,14.967854,Moderate snow fall
2502,2021-11-07 07:00:00+00:00,3.0,18.6779,0.0,0.0,0.0,14.9528,Overcast
2503,2021-11-08 07:00:00+00:00,3.0,22.844149,0.0,0.0,0.0,13.876615,Overcast
2504,2021-11-09 07:00:00+00:00,3.0,28.5104,0.0,0.0,0.0,14.679221,Overcast
2505,2021-11-10 07:00:00+00:00,1.0,28.1729,0.0,0.0,0.0,9.875792,Mainly clear
2506,2021-11-11 07:00:00+00:00,0.0,28.6604,0.0,0.0,0.0,11.187237,Clear sky
2507,2021-11-12 07:00:00+00:00,0.0,29.751654,0.0,0.0,0.0,10.68387,Clear sky
2508,2021-11-13 07:00:00+00:00,0.0,31.0529,0.0,0.0,0.0,11.773507,Clear sky
2509,2021-11-14 07:00:00+00:00,3.0,28.465399,0.0,0.0,0.0,8.948,Overcast
2510,2021-11-15 07:00:00+00:00,0.0,29.882902,0.0,0.0,0.0,9.496058,Clear sky
2511,2021-11-16 07:00:00+00:00,3.0,33.816654,0.0,0.0,0.0,12.846691,Overcast
2512,2021-11-17 07:00:00+00:00,3.0,34.199146,0.0,0.0,0.0,13.129875,Overcast
2513,2021-11-18 07:00:00+00:00,3.0,32.4704,0.0,0.0,0.0,15.987901,Overcast
2514,2021-11-19 07:00:00+00:00,3.0,31.1204,0.0,0.0,0.0,6.405793,Overcast
2515,2021-11-20 07:00:00+00:00,3.0,26.815405,0.0,0.0,0.0,25.643671,Overcast
2516,2021-11-21 07:00:00+00:00,2.0,16.780397,0.0,0.0,0.0,24.073486,Partly cloudy
2517,2021-11-22 07:00:00+00:00,0.0,21.20915,0.0,0.0,0.0,14.847008,Clear sky
2518,2021-11-23 07:00:00+00:00,0.0,26.766653,0.0,0.0,0.0,14.269535,Clear sky
2519,2021-11-24 07:00:00+00:00,0.0,28.214148,0.0,0.0,0.0,12.424918,Clear sky
2520,2021-11-25 07:00:00+00:00,0.0,29.234152,0.0,0.0,0.0,7.1618943,Clear sky
2521,2021-11-26 07:00:00+00:00,3.0,31.461649,0.0,0.0,0.0,9.347342,Overcast
2522,2021-11-27 07:00:00+00:00,3.0,37.536644,0.0,0.0,0.0,11.13343,Overcast
2523,2021-11-28 07:00:00+00:00,71.0,29.65415,0.11023622,0.015748031,0.0,16.009796,Slight snow fall
2524,2021-11-29 07:00:00+00:00,3.0,21.929148,0.0,0.0,0.0,16.482607,Overcast
2525,2021-11-30 07:00:00+00:00,0.0,20.8379,0.0,0.0,0.0,11.63455,Clear sky
2526,2021-12-01 07:00:00+00:00,0.0,23.57165,0.0,0.0,0.0,15.889001,Clear sky
2527,2021-12-02 07:00:00+00:00,0.0,25.780401,0.0,0.0,0.0,16.354597,Clear sky
2528,2021-12-03 07:00:00+00:00,0.0,26.87165,0.0,0.0,0.0,10.054064,Clear sky
2529,2021-12-04 07:00:00+00:00,1.0,27.906652,0.0,0.0,0.0,11.205114,Mainly clear
2530,2021-12-05 07:00:00+00:00,2.0,27.730402,0.0,0.0,0.0,10.049087,Partly cloudy
2531,2021-12-06 07:00:00+00:00,3.0,27.205399,0.0,0.0,0.0,9.804596,Overcast
2532,2021-12-07 07:00:00+00:00,71.0,31.217901,0.05511811,0.007874016,0.0,10.749245,Slight snow fall
2533,2021-12-08 07:00:00+00:00,3.0,28.510399,0.0,0.0,0.0,12.624689,Overcast
2534,2021-12-09 07:00:00+00:00,3.0,26.181648,0.0,0.0,0.0,11.7095785,Overcast
2535,2021-12-10 07:00:00+00:00,3.0,25.517899,0.0,0.0,0.0,10.473366,Overcast
2536,2021-12-11 07:00:00+00:00,1.0,18.02915,0.0,0.0,0.0,13.200195,Mainly clear
2537,2021-12-12 07:00:00+00:00,0.0,16.6454,0.0,0.0,0.0,9.556468,Clear sky
2538,2021-12-13 07:00:00+00:00,1.0,22.304152,0.0,0.0,0.0,13.459231,Mainly clear
2539,2021-12-14 07:00:00+00:00,3.0,24.13415,0.0,0.0,0.0,14.436886,Overcast
2540,2021-12-15 07:00:00+00:00,3.0,22.611647,0.0,0.0,0.0,17.762682,Overcast
2541,2021-12-16 07:00:00+00:00,3.0,9.27665,0.0,0.0,0.0,19.483744,Overcast
2542,2021-12-17 07:00:00+00:00,3.0,15.722901,0.0,0.0,0.0,18.231207,Overcast
2543,2021-12-18 07:00:00+00:00,0.0,21.891653,0.0,0.0,0.0,17.653885,Clear sky
2544,2021-12-19 07:00:00+00:00,1.0,27.0404,0.0,0.0,0.0,15.737101,Mainly clear
2545,2021-12-20 07:00:00+00:00,0.0,26.792902,0.0,0.0,0.0,13.24372,Clear sky
2546,2021-12-21 07:00:00+00:00,2.0,25.529152,0.0,0.0,0.0,9.903621,Partly cloudy
2547,2021-12-22 07:00:00+00:00,3.0,25.1054,0.0,0.0,0.0,11.864539,Overcast
2548,2021-12-23 07:00:00+00:00,3.0,13.22165,0.0,0.0,0.0,16.207062,Overcast
2549,2021-12-24 07:00:00+00:00,0.0,3.2203996,0.0,0.0,0.0,9.933893,Clear sky
2550,2021-12-25 07:00:00+00:00,0.0,-0.023350954,0.0,0.0,0.0,8.959178,Clear sky
2551,2021-12-26 07:00:00+00:00,0.0,4.6678996,0.0,0.0,0.0,7.519781,Clear sky
2552,2021-12-27 07:00:00+00:00,0.0,9.445401,0.0,0.0,0.0,9.083983,Clear sky
2553,2021-12-28 07:00:00+00:00,0.0,10.915401,0.0,0.0,0.0,13.885627,Clear sky
2554,2021-12-29 07:00:00+00:00,0.0,14.60915,0.0,0.0,0.0,15.787896,Clear sky
2555,2021-12-30 07:00:00+00:00,3.0,17.0204,0.0,0.0,0.0,10.665118,Overcast
2556,2021-12-31 07:00:00+00:00,1.0,17.822899,0.0,0.0,0.0,12.535187,Mainly clear
2557,2022-01-01 07:00:00+00:00,3.0,13.454151,0.0,0.0,0.0,7.024322,Overcast
2558,2022-01-02 07:00:00+00:00,3.0,15.8879,0.0,0.0,0.0,6.711,Overcast
2559,2022-01-03 07:00:00+00:00,0.0,16.4729,0.0,0.0,0.0,6.23156,Clear sky
2560,2022-01-04 07:00:00+00:00,3.0,18.01415,0.0,0.0,0.0,8.2769,Overcast
2561,2022-01-05 07:00:00+00:00,3.0,22.424149,0.0,0.0,0.0,10.263418,Overcast
2562,2022-01-06 07:00:00+00:00,73.0,27.021652,0.22047246,0.031496063,0.0,8.562188,Moderate snow fall
2563,2022-01-07 07:00:00+00:00,3.0,22.187902,0.0,0.0,0.0,7.9437127,Overcast
2564,2022-01-08 07:00:00+00:00,3.0,20.93165,0.0,0.0,0.0,4.6116934,Overcast
2565,2022-01-09 07:00:00+00:00,3.0,17.822899,0.0,0.0,0.0,9.660629,Overcast
2566,2022-01-10 07:00:00+00:00,0.0,17.9954,0.0,0.0,0.0,15.237895,Clear sky
2567,2022-01-11 07:00:00+00:00,71.0,17.001652,0.05511811,0.007874016,0.0,15.2526655,Slight snow fall
2568,2022-01-12 07:00:00+00:00,1.0,10.967899,0.0,0.0,0.0,13.588738,Mainly clear
2569,2022-01-13 07:00:00+00:00,3.0,14.8004,0.0,0.0,0.0,10.924716,Overcast
2570,2022-01-14 07:00:00+00:00,2.0,16.39415,0.0,0.0,0.0,10.629869,Partly cloudy
2571,2022-01-15 07:00:00+00:00,3.0,15.52415,0.0,0.0,0.0,10.299921,Overcast
2572,2022-01-16 07:00:00+00:00,2.0,14.1329,0.0,0.0,0.0,10.108666,Partly cloudy
2573,2022-01-17 07:00:00+00:00,3.0,15.497902,0.0,0.0,0.0,9.71229,Overcast
2574,2022-01-18 07:00:00+00:00,3.0,20.121649,0.0,0.0,0.0,9.556468,Overcast
2575,2022-01-19 07:00:00+00:00,0.0,25.277899,0.0,0.0,0.0,13.653033,Clear sky
2576,2022-01-20 07:00:00+00:00,73.0,25.89665,0.9645669,0.13779527,0.0,12.338023,Moderate snow fall
2577,2022-01-21 07:00:00+00:00,71.0,26.672903,0.33070862,0.047244087,0.0,8.518242,Slight snow fall
2578,2022-01-22 07:00:00+00:00,3.0,23.680399,0.0,0.0,0.0,6.2994494,Overcast
2579,2022-01-23 07:00:00+00:00,3.0,25.600403,0.0,0.0,0.0,10.535296,Overcast
2580,2022-01-24 07:00:00+00:00,1.0,18.831648,0.0,0.0,0.0,10.629869,Mainly clear
2581,2022-01-25 07:00:00+00:00,3.0,16.615398,0.0,0.0,0.0,7.214108,Overcast
2582,2022-01-26 07:00:00+00:00,3.0,15.38165,0.0,0.0,0.0,5.7295156,Overcast
2583,2022-01-27 07:00:00+00:00,3.0,14.87915,0.0,0.0,0.0,6.219504,Overcast
2584,2022-01-28 07:00:00+00:00,3.0,16.0679,0.0,0.0,0.0,5.9438567,Overcast
2585,2022-01-29 07:00:00+00:00,73.0,19.660398,0.19291338,0.027559055,0.0,22.150818,Moderate snow fall
2586,2022-01-30 07:00:00+00:00,0.0,10.056651,0.0,0.0,0.0,23.058468,Clear sky
2587,2022-01-31 07:00:00+00:00,0.0,9.422899,0.0,0.0,0.0,9.933892,Clear sky
2588,2022-02-01 07:00:00+00:00,0.0,10.3303995,0.0,0.0,0.0,8.0656185,Clear sky
2589,2022-02-02 07:00:00+00:00,3.0,12.370399,0.0,0.0,0.0,9.064682,Overcast
2590,2022-02-03 07:00:00+00:00,3.0,10.120399,0.0,0.0,0.0,12.205495,Overcast
2591,2022-02-04 07:00:00+00:00,2.0,10.9304,0.0,0.0,0.0,8.701326,Partly cloudy
2592,2022-02-05 07:00:00+00:00,3.0,13.896649,0.0,0.0,0.0,6.1058216,Overcast
2593,2022-02-06 07:00:00+00:00,3.0,18.625399,0.0,0.0,0.0,8.056306,Overcast
2594,2022-02-07 07:00:00+00:00,3.0,17.522902,0.0,0.0,0.0,8.7357645,Overcast
2595,2022-02-08 07:00:00+00:00,71.0,21.17915,0.027559055,0.003937008,0.0,9.745725,Slight snow fall
2596,2022-02-09 07:00:00+00:00,3.0,22.049149,0.0,0.0,0.0,12.211643,Overcast
2597,2022-02-10 07:00:00+00:00,3.0,24.899149,0.0,0.0,0.0,11.615179,Overcast
2598,2022-02-11 07:00:00+00:00,71.0,27.752901,0.027559055,0.003937008,0.0,13.091706,Slight snow fall
2599,2022-02-12 07:00:00+00:00,73.0,24.8504,0.60629916,0.08661417,0.0,20.585262,Moderate snow fall
2600,2022-02-13 07:00:00+00:00,3.0,9.6404,0.0,0.0,0.0,21.995523,Overcast
2601,2022-02-14 07:00:00+00:00,3.0,11.279149,0.0,0.0,0.0,8.634936,Overcast
2602,2022-02-15 07:00:00+00:00,3.0,11.612901,0.0,0.0,0.0,7.7265606,Overcast
2603,2022-02-16 07:00:00+00:00,73.0,20.12165,0.90944886,0.12992126,0.0,13.777086,Moderate snow fall
2604,2022-02-17 07:00:00+00:00,73.0,22.499151,0.63385814,0.09055118,0.0,15.344255,Moderate snow fall
2605,2022-02-18 07:00:00+00:00,3.0,10.060399,0.0,0.0,0.0,14.220354,Overcast
2606,2022-02-19 07:00:00+00:00,3.0,12.610401,0.0,0.0,0.0,16.778992,Overcast
2607,2022-02-20 07:00:00+00:00,1.0,13.112903,0.0,0.0,0.0,16.405006,Mainly clear
2608,2022-02-21 07:00:00+00:00,3.0,13.6379,0.0,0.0,0.0,11.925539,Overcast
2609,2022-02-22 07:00:00+00:00,0.0,13.877899,0.0,0.0,0.0,8.191819,Clear sky
2610,2022-02-23 07:00:00+00:00,0.0,20.9504,0.0,0.0,0.0,11.03637,Clear sky
2611,2022-02-24 07:00:00+00:00,3.0,27.246649,0.0,0.0,0.0,16.331633,Overcast
2612,2022-02-25 07:00:00+00:00,3.0,26.53415,0.0,0.0,0.0,18.579224,Overcast
2613,2022-02-26 07:00:00+00:00,3.0,30.86915,0.0,0.0,0.0,15.907886,Overcast
2614,2022-02-27 07:00:00+00:00,51.0,36.4679,0.0,0.011811024,0.011811024,20.725779,Light drizzle
2615,2022-02-28 07:00:00+00:00,3.0,25.671648,0.0,0.0,0.0,19.799662,Overcast
2616,2022-03-01 07:00:00+00:00,0.0,27.98165,0.0,0.0,0.0,13.762549,Clear sky
2617,2022-03-02 07:00:00+00:00,0.0,32.3279,0.0,0.0,0.0,18.09621,Clear sky
2618,2022-03-03 07:00:00+00:00,2.0,34.431652,0.0,0.0,0.0,18.960472,Partly cloudy
2619,2022-03-04 07:00:00+00:00,0.0,27.411652,0.0,0.0,0.0,17.421333,Clear sky
2620,2022-03-05 07:00:00+00:00,3.0,33.407894,0.0,0.0,0.0,12.813539,Overcast
2621,2022-03-06 07:00:00+00:00,3.0,35.51915,0.0,0.0,0.0,14.583455,Overcast
2622,2022-03-07 07:00:00+00:00,3.0,37.529156,0.0,0.0,0.0,9.017635,Overcast
2623,2022-03-08 07:00:00+00:00,3.0,44.7404,0.0,0.0,0.0,15.582114,Overcast
2624,2022-03-09 07:00:00+00:00,3.0,46.229153,0.0,0.0,0.0,13.76982,Overcast
2625,2022-03-10 07:00:00+00:00,65.0,47.976654,0.0,0.511811,0.511811,18.110031,Heavy rain
2626,2022-03-11 07:00:00+00:00,63.0,47.63165,0.0,0.35826772,0.35826772,16.695276,Moderate rain
2627,2022-03-12 07:00:00+00:00,3.0,44.81165,0.0,0.0,0.0,14.220354,Overcast
2628,2022-03-13 07:00:00+00:00,3.0,46.1729,0.0,0.0,0.0,24.482635,Overcast
2629,2022-03-14 07:00:00+00:00,3.0,51.0629,0.0,0.0,0.0,20.256897,Overcast
2630,2022-03-15 07:00:00+00:00,3.0,45.4679,0.0,0.0,0.0,19.829966,Overcast
2631,2022-03-16 07:00:00+00:00,75.0,38.777897,3.7755907,0.5748032,0.035433076,18.749475,Heavy snow fall
2632,2022-03-17 07:00:00+00:00,75.0,34.9679,0.88188976,0.18897638,0.062992126,18.514471,Heavy snow fall
2633,2022-03-18 07:00:00+00:00,71.0,27.50165,0.08267716,0.015748031,0.003937008,19.229094,Slight snow fall
2634,2022-03-19 07:00:00+00:00,3.0,30.86915,0.0,0.0,0.0,7.137398,Overcast
2635,2022-03-20 07:00:00+00:00,3.0,31.210402,0.0,0.0,0.0,9.8833885,Overcast
2636,2022-03-21 07:00:00+00:00,75.0,30.430405,3.0866141,0.44094488,0.0,15.627011,Heavy snow fall
2637,2022-03-22 07:00:00+00:00,71.0,33.100403,0.027559055,0.003937008,0.0,17.689281,Slight snow fall
2638,2022-03-23 07:00:00+00:00,3.0,42.089146,0.0,0.0,0.0,10.292631,Overcast
2639,2022-03-24 07:00:00+00:00,3.0,41.346653,0.0,0.0,0.0,14.907554,Overcast
2640,2022-03-25 07:00:00+00:00,3.0,37.6229,0.0,0.0,0.0,26.759045,Overcast
2641,2022-03-26 07:00:00+00:00,3.0,32.222904,0.0,0.0,0.0,24.510214,Overcast
2642,2022-03-27 07:00:00+00:00,3.0,39.940403,0.0,0.0,0.0,18.829374,Overcast
2643,2022-03-28 07:00:00+00:00,3.0,50.882904,0.0,0.0,0.0,24.813564,Overcast
2644,2022-03-29 07:00:00+00:00,51.0,41.99165,0.0,0.01968504,0.01968504,19.980804,Light drizzle
2645,2022-03-30 07:00:00+00:00,1.0,37.7729,0.0,0.0,0.0,18.306536,Mainly clear
2646,2022-03-31 07:00:00+00:00,51.0,39.156654,0.0,0.003937008,0.003937008,20.249483,Light drizzle
2647,2022-04-01 07:00:00+00:00,51.0,36.914154,0.0,0.003937008,0.003937008,21.442554,Light drizzle
2648,2022-04-02 07:00:00+00:00,0.0,40.93415,0.0,0.0,0.0,11.077104,Clear sky
2649,2022-04-03 07:00:00+00:00,3.0,50.530396,0.0,0.0,0.0,14.121478,Overcast
2650,2022-04-04 07:00:00+00:00,3.0,52.1129,0.0,0.0,0.0,19.933163,Overcast
2651,2022-04-05 07:00:00+00:00,3.0,49.652893,0.0,0.0,0.0,11.124436,Overcast
2652,2022-04-06 07:00:00+00:00,1.0,51.494144,0.0,0.0,0.0,14.514666,Mainly clear
2653,2022-04-07 07:00:00+00:00,0.0,58.705402,0.0,0.0,0.0,14.5405,Clear sky
2654,2022-04-08 07:00:00+00:00,1.0,62.099148,0.0,0.0,0.0,17.707659,Mainly clear
2655,2022-04-09 07:00:00+00:00,3.0,65.74415,0.0,0.0,0.0,19.312191,Overcast
2656,2022-04-10 07:00:00+00:00,3.0,60.557896,0.0,0.0,0.0,17.454336,Overcast
2657,2022-04-11 07:00:00+00:00,3.0,42.246647,0.0,0.0,0.0,12.156198,Overcast
2658,2022-04-12 07:00:00+00:00,71.0,45.647903,0.05511811,0.015748031,0.007874016,17.908579,Slight snow fall
2659,2022-04-13 07:00:00+00:00,3.0,42.6329,0.0,0.0,0.0,11.294082,Overcast
2660,2022-04-14 07:00:00+00:00,2.0,42.696644,0.0,0.0,0.0,15.844847,Partly cloudy
2661,2022-04-15 07:00:00+00:00,1.0,45.306644,0.0,0.0,0.0,11.049965,Mainly clear
2662,2022-04-16 07:00:00+00:00,51.0,51.209152,0.0,0.031496063,0.031496063,13.490798,Light drizzle
2663,2022-04-17 07:00:00+00:00,55.0,43.176647,0.0,0.18897639,0.18897639,12.342079,Dense drizzle
2664,2022-04-18 07:00:00+00:00,0.0,48.419147,0.0,0.0,0.0,13.429455,Clear sky
2665,2022-04-19 07:00:00+00:00,3.0,53.7329,0.0,0.0,0.0,22.154207,Overcast
2666,2022-04-20 07:00:00+00:00,3.0,58.07916,0.0,0.0,0.0,22.001211,Overcast
2667,2022-04-21 07:00:00+00:00,2.0,46.131653,0.0,0.0,0.0,19.610468,Partly cloudy
2668,2022-04-22 07:00:00+00:00,3.0,59.58665,0.0,0.0,0.0,22.717394,Overcast
2669,2022-04-23 07:00:00+00:00,3.0,62.695393,0.0,0.0,0.0,18.79213,Overcast
2670,2022-04-24 07:00:00+00:00,3.0,65.594154,0.0,0.0,0.0,18.427776,Overcast
2671,2022-04-25 07:00:00+00:00,3.0,53.9279,0.0,0.0,0.0,20.228466,Overcast
2672,2022-04-26 07:00:00+00:00,75.0,45.512897,0.63385826,0.21653542,0.12598425,16.949612,Heavy snow fall
2673,2022-04-27 07:00:00+00:00,55.0,41.9579,0.0,0.1614173,0.1614173,11.839205,Dense drizzle
2674,2022-04-28 07:00:00+00:00,3.0,50.275402,0.0,0.0,0.0,13.451794,Overcast
2675,2022-04-29 07:00:00+00:00,3.0,45.104153,0.0,0.0,0.0,17.540134,Overcast
2676,2022-04-30 07:00:00+00:00,3.0,50.09915,0.0,0.0,0.0,16.70726,Overcast
2677,2022-05-01 07:00:00+00:00,3.0,57.34415,0.0,0.0,0.0,17.381071,Overcast
2678,2022-05-02 07:00:00+00:00,3.0,62.324154,0.0,0.0,0.0,14.248478,Overcast
2679,2022-05-03 07:00:00+00:00,3.0,66.610405,0.0,0.0,0.0,20.44623,Overcast
2680,2022-05-04 07:00:00+00:00,3.0,70.09789,0.0,0.0,0.0,21.940853,Overcast
2681,2022-05-05 07:00:00+00:00,51.0,58.011646,0.0,0.011811024,0.011811024,21.19019,Light drizzle
2682,2022-05-06 07:00:00+00:00,61.0,52.945404,0.0,0.06692913,0.06692913,20.836546,Slight rain
2683,2022-05-07 07:00:00+00:00,55.0,47.22665,0.0,0.38188976,0.38188976,15.749814,Dense drizzle
2684,2022-05-08 07:00:00+00:00,3.0,55.49915,0.0,0.0,0.0,10.860399,Overcast
2685,2022-05-09 07:00:00+00:00,55.0,56.1329,0.0,0.12204724,0.12204724,17.908579,Dense drizzle
2686,2022-05-10 07:00:00+00:00,3.0,49.821644,0.0,0.0,0.0,14.607457,Overcast
2687,2022-05-11 07:00:00+00:00,3.0,48.666653,0.0,0.0,0.0,11.743717,Overcast
2688,2022-05-12 07:00:00+00:00,3.0,47.234158,0.0,0.0,0.0,15.868515,Overcast
2689,2022-05-13 07:00:00+00:00,3.0,50.1704,0.0,0.0,0.0,17.501577,Overcast
2690,2022-05-14 07:00:00+00:00,3.0,51.996655,0.0,0.0,0.0,13.108896,Overcast
2691,2022-05-15 07:00:00+00:00,3.0,57.01415,0.0,0.0,0.0,15.409343,Overcast
2692,2022-05-16 07:00:00+00:00,3.0,63.880398,0.0,0.0,0.0,16.985003,Overcast
2693,2022-05-17 07:00:00+00:00,3.0,65.2904,0.0,0.0,0.0,19.067062,Overcast
2694,2022-05-18 07:00:00+00:00,3.0,68.9504,0.0,0.0,0.0,11.285216,Overcast
2695,2022-05-19 07:00:00+00:00,3.0,66.59165,0.0,0.0,0.0,13.865791,Overcast
2696,2022-05-20 07:00:00+00:00,51.0,70.3304,0.0,0.007874016,0.007874016,12.529197,Light drizzle
2697,2022-05-21 07:00:00+00:00,53.0,68.36164,0.0,0.04724409,0.04724409,13.735253,Moderate drizzle
2698,2022-05-22 07:00:00+00:00,55.0,64.727905,0.0,0.08267717,0.08267717,15.679758,Dense drizzle
2699,2022-05-23 07:00:00+00:00,3.0,68.85665,0.0,0.0,0.0,10.123507,Overcast
2700,2022-05-24 07:00:00+00:00,3.0,64.87414,0.0,0.0,0.0,21.813904,Overcast
2701,2022-05-25 07:00:00+00:00,3.0,62.714153,0.0,0.0,0.0,13.249387,Overcast
2702,2022-05-26 07:00:00+00:00,3.0,65.1779,0.0,0.0,0.0,16.499296,Overcast
2703,2022-05-27 07:00:00+00:00,3.0,74.54915,0.0,0.0,0.0,19.410406,Overcast
2704,2022-05-28 07:00:00+00:00,53.0,69.49415,0.0,0.051181104,0.051181104,21.309114,Moderate drizzle
2705,2022-05-29 07:00:00+00:00,0.0,59.594147,0.0,0.0,0.0,18.11832,Clear sky
2706,2022-05-30 07:00:00+00:00,3.0,66.7304,0.0,0.0,0.0,19.491447,Overcast
2707,2022-05-31 07:00:00+00:00,1.0,65.406654,0.0,0.0,0.0,17.862413,Mainly clear
2708,2022-06-01 07:00:00+00:00,3.0,72.936646,0.0,0.0,0.0,14.2765465,Overcast
2709,2022-06-02 07:00:00+00:00,3.0,79.63415,0.0,0.0,0.0,16.783464,Overcast
2710,2022-06-03 07:00:00+00:00,61.0,64.491646,0.0,0.39370078,0.39370078,13.429454,Slight rain
2711,2022-06-04 07:00:00+00:00,0.0,66.96665,0.0,0.0,0.0,19.778168,Clear sky
2712,2022-06-05 07:00:00+00:00,3.0,65.3054,0.0,0.0,0.0,21.800137,Overcast
2713,2022-06-06 07:00:00+00:00,3.0,68.10665,0.0,0.0,0.0,14.602317,Overcast
2714,2022-06-07 07:00:00+00:00,3.0,70.859146,0.0,0.0,0.0,19.308304,Overcast
2715,2022-06-08 07:00:00+00:00,3.0,71.942894,0.0,0.0,0.0,15.698895,Overcast
2716,2022-06-09 07:00:00+00:00,2.0,72.790405,0.0,0.0,0.0,16.293285,Partly cloudy
2717,2022-06-10 07:00:00+00:00,55.0,72.14914,0.0,0.09448819,0.09448819,29.376335,Dense drizzle
2718,2022-06-11 07:00:00+00:00,3.0,65.87915,0.0,0.0,0.0,18.952553,Overcast
2719,2022-06-12 07:00:00+00:00,53.0,65.6354,0.0,0.027559055,0.027559055,19.544006,Moderate drizzle
2720,2022-06-13 07:00:00+00:00,53.0,63.28415,0.0,0.043307085,0.043307085,20.605917,Moderate drizzle
2721,2022-06-14 07:00:00+00:00,3.0,69.41165,0.0,0.0,0.0,15.566049,Overcast
2722,2022-06-15 07:00:00+00:00,3.0,75.29915,0.0,0.0,0.0,11.388945,Overcast
2723,2022-06-16 07:00:00+00:00,3.0,81.23165,0.0,0.0,0.0,17.471529,Overcast
2724,2022-06-17 07:00:00+00:00,3.0,83.897896,0.0,0.0,0.0,13.091706,Overcast
2725,2022-06-18 07:00:00+00:00,3.0,82.1429,0.0,0.0,0.0,13.718848,Overcast
2726,2022-06-19 07:00:00+00:00,3.0,82.56664,0.0,0.0,0.0,13.3715725,Overcast
2727,2022-06-20 07:00:00+00:00,61.0,77.7929,0.0,0.122047246,0.122047246,11.820169,Slight rain
2728,2022-06-21 07:00:00+00:00,63.0,68.2604,0.0,1.0748031,1.0748031,9.556468,Moderate rain
2729,2022-06-22 07:00:00+00:00,2.0,70.5254,0.0,0.0,0.0,11.406507,Partly cloudy
2730,2022-06-23 07:00:00+00:00,1.0,75.531654,0.0,0.0,0.0,16.841505,Mainly clear
2731,2022-06-24 07:00:00+00:00,3.0,78.9254,0.0,0.0,0.0,14.711572,Overcast
2732,2022-06-25 07:00:00+00:00,3.0,81.8354,0.0,0.0,0.0,17.699179,Overcast
2733,2022-06-26 07:00:00+00:00,53.0,70.72415,0.0,0.1023622,0.1023622,8.503543,Moderate drizzle
2734,2022-06-27 07:00:00+00:00,61.0,66.00666,0.0,0.14173228,0.14173228,12.664266,Slight rain
2735,2022-06-28 07:00:00+00:00,61.0,65.819145,0.0,0.09055118,0.09055118,9.608688,Slight rain
2736,2022-06-29 07:00:00+00:00,61.0,67.6079,0.0,0.05905512,0.05905512,9.766241,Slight rain
2737,2022-06-30 07:00:00+00:00,51.0,70.5404,0.0,0.003937008,0.003937008,10.968146,Light drizzle
2738,2022-07-01 07:00:00+00:00,3.0,74.684135,0.0,0.0,0.0,11.452478,Overcast
2739,2022-07-02 07:00:00+00:00,63.0,70.02665,0.0,0.7125983,0.7125983,15.530644,Moderate rain
2740,2022-07-03 07:00:00+00:00,63.0,72.29165,0.0,0.16929135,0.16929135,13.106987,Moderate rain
2741,2022-07-04 07:00:00+00:00,61.0,68.37665,0.0,0.6141732,0.6141732,13.446212,Slight rain
2742,2022-07-05 07:00:00+00:00,3.0,65.5304,0.0,0.0,0.0,8.541709,Overcast
2743,2022-07-06 07:00:00+00:00,0.0,73.12415,0.0,0.0,0.0,14.094874,Clear sky
2744,2022-07-07 07:00:00+00:00,51.0,76.6754,0.0,0.007874016,0.007874016,15.109274,Light drizzle
2745,2022-07-08 07:00:00+00:00,3.0,73.58539,0.0,0.0,0.0,12.547157,Overcast
2746,2022-07-09 07:00:00+00:00,51.0,68.40665,0.0,0.007874016,0.007874016,13.04384,Light drizzle
2747,2022-07-10 07:00:00+00:00,61.0,68.97289,0.0,0.38188976,0.38188976,15.622206,Slight rain
2748,2022-07-11 07:00:00+00:00,53.0,65.594154,0.0,0.027559057,0.027559057,14.663872,Moderate drizzle
2749,2022-07-12 07:00:00+00:00,3.0,71.20039,0.0,0.0,0.0,7.7653227,Overcast
2750,2022-07-13 07:00:00+00:00,3.0,74.4629,0.0,0.0,0.0,12.32179,Overcast
2751,2022-07-14 07:00:00+00:00,3.0,76.46165,0.0,0.0,0.0,10.473366,Overcast
2752,2022-07-15 07:00:00+00:00,3.0,78.01039,0.0,0.0,0.0,11.584982,Overcast
2753,2022-07-16 07:00:00+00:00,3.0,74.9504,0.0,0.0,0.0,12.088083,Overcast
2754,2022-07-17 07:00:00+00:00,3.0,73.3154,0.0,0.0,0.0,12.535187,Overcast
2755,2022-07-18 07:00:00+00:00,3.0,75.34039,0.0,0.0,0.0,11.463397,Overcast
2756,2022-07-19 07:00:00+00:00,3.0,72.4904,0.0,0.0,0.0,12.782258,Overcast
2757,2022-07-20 07:00:00+00:00,51.0,75.00665,0.0,0.003937008,0.003937008,10.054064,Light drizzle
2758,2022-07-21 07:00:00+00:00,61.0,73.60415,0.0,0.21653545,0.21653545,12.976529,Slight rain
2759,2022-07-22 07:00:00+00:00,3.0,65.7779,0.0,0.0,0.0,10.821161,Overcast
2760,2022-07-23 07:00:00+00:00,2.0,74.68414,0.0,0.0,0.0,15.855896,Partly cloudy
2761,2022-07-24 07:00:00+00:00,3.0,74.80039,0.0,0.0,0.0,19.124716,Overcast
2762,2022-07-25 07:00:00+00:00,61.0,71.1254,0.0,0.1614173,0.1614173,12.384578,Slight rain
2763,2022-07-26 07:00:00+00:00,51.0,70.8104,0.0,0.003937008,0.003937008,10.693234,Light drizzle
2764,2022-07-27 07:00:00+00:00,53.0,67.8029,0.0,0.031496063,0.031496063,10.263418,Moderate drizzle
2765,2022-07-28 07:00:00+00:00,3.0,73.4804,0.0,0.0,0.0,15.087731,Overcast
2766,2022-07-29 07:00:00+00:00,3.0,74.6204,0.0,0.0,0.0,15.896872,Overcast
2767,2022-07-30 07:00:00+00:00,51.0,74.6429,0.0,0.007874016,0.007874016,10.14326,Light drizzle
2768,2022-07-31 07:00:00+00:00,3.0,78.18665,0.0,0.0,0.0,9.125205,Overcast
2769,2022-08-01 07:00:00+00:00,3.0,80.327896,0.0,0.0,0.0,14.818332,Overcast
2770,2022-08-02 07:00:00+00:00,3.0,81.08165,0.0,0.0,0.0,13.542628,Overcast
2771,2022-08-03 07:00:00+00:00,51.0,82.3229,0.0,0.007874016,0.007874016,12.521206,Light drizzle
2772,2022-08-04 07:00:00+00:00,63.0,75.0704,0.0,0.5629921,0.5629921,15.939312,Moderate rain
2773,2022-08-05 07:00:00+00:00,51.0,80.485405,0.0,0.003937008,0.003937008,11.231878,Light drizzle
2774,2022-08-06 07:00:00+00:00,65.0,75.2804,0.0,0.81496054,0.81496054,13.249387,Heavy rain
2775,2022-08-07 07:00:00+00:00,53.0,77.4179,0.0,0.03543307,0.03543307,13.438767,Moderate drizzle
2776,2022-08-08 07:00:00+00:00,61.0,68.8979,0.0,0.27165353,0.27165353,14.597175,Slight rain
2777,2022-08-09 07:00:00+00:00,3.0,68.41415,0.0,0.0,0.0,13.907232,Overcast
2778,2022-08-10 07:00:00+00:00,3.0,71.2079,0.0,0.0,0.0,6.9670963,Overcast
2779,2022-08-11 07:00:00+00:00,63.0,76.12415,0.0,0.22440946,0.22440946,10.046596,Moderate rain
2780,2022-08-12 07:00:00+00:00,63.0,74.44039,0.0,0.48425198,0.48425198,9.966581,Moderate rain
2781,2022-08-13 07:00:00+00:00,65.0,74.41791,0.0,3.7440944,3.7440944,13.311561,Heavy rain
2782,2022-08-14 07:00:00+00:00,51.0,74.4404,0.0,0.003937008,0.003937008,11.720257,Light drizzle
2783,2022-08-15 07:00:00+00:00,1.0,69.756645,0.0,0.0,0.0,11.406507,Mainly clear
2784,2022-08-16 07:00:00+00:00,53.0,71.4554,0.0,0.027559055,0.027559055,11.504793,Moderate drizzle
2785,2022-08-17 07:00:00+00:00,65.0,71.34664,0.0,6.6259847,6.6259847,13.806114,Heavy rain
2786,2022-08-18 07:00:00+00:00,3.0,69.54665,0.0,0.0,0.0,10.418273,Overcast
2787,2022-08-19 07:00:00+00:00,2.0,66.966644,0.0,0.0,0.0,12.66229,Partly cloudy
2788,2022-08-20 07:00:00+00:00,63.0,72.13415,0.0,0.5826772,0.5826772,14.833519,Moderate rain
2789,2022-08-21 07:00:00+00:00,63.0,67.1204,0.0,0.33070862,0.33070862,13.3715725,Moderate rain
2790,2022-08-22 07:00:00+00:00,3.0,63.3929,0.0,0.0,0.0,13.618169,Overcast
2791,2022-08-23 07:00:00+00:00,61.0,58.2704,0.0,0.16535433,0.16535433,14.9544735,Slight rain
2792,2022-08-24 07:00:00+00:00,3.0,61.990387,0.0,0.0,0.0,7.5031257,Overcast
2793,2022-08-25 07:00:00+00:00,3.0,62.042896,0.0,0.0,0.0,14.04152,Overcast
2794,2022-08-26 07:00:00+00:00,3.0,56.85664,0.0,0.0,0.0,14.597175,Overcast
2795,2022-08-27 07:00:00+00:00,53.0,57.332897,0.0,0.1023622,0.1023622,12.813539,Moderate drizzle
2796,2022-08-28 07:00:00+00:00,51.0,56.792896,0.0,0.031496063,0.031496063,14.704766,Light drizzle
2797,2022-08-29 07:00:00+00:00,3.0,60.006653,0.0,0.0,0.0,10.65573,Overcast
2798,2022-08-30 07:00:00+00:00,1.0,60.580402,0.0,0.0,0.0,9.745725,Mainly clear
2799,2022-08-31 07:00:00+00:00,0.0,61.31165,0.0,0.0,0.0,10.504376,Clear sky
2800,2022-09-01 07:00:00+00:00,3.0,61.874157,0.0,0.0,0.0,7.7265606,Overcast
2801,2022-09-02 07:00:00+00:00,63.0,60.726654,0.0,0.39370078,0.39370078,12.354236,Moderate rain
2802,2022-09-03 07:00:00+00:00,61.0,60.812897,0.0,0.09055118,0.09055118,14.04152,Slight rain
2803,2022-09-04 07:00:00+00:00,3.0,58.487896,0.0,0.0,0.0,15.566049,Overcast
2804,2022-09-05 07:00:00+00:00,0.0,57.126648,0.0,0.0,0.0,15.446643,Clear sky
2805,2022-09-06 07:00:00+00:00,0.0,58.904156,0.0,0.0,0.0,10.265856,Clear sky
2806,2022-09-07 07:00:00+00:00,0.0,63.197895,0.0,0.0,0.0,6.3979764,Clear sky
2807,2022-09-08 07:00:00+00:00,3.0,65.26415,0.0,0.0,0.0,7.6973605,Overcast
2808,2022-09-09 07:00:00+00:00,3.0,65.00915,0.0,0.0,0.0,7.8135056,Overcast
2809,2022-09-10 07:00:00+00:00,3.0,63.57289,0.0,0.0,0.0,9.496058,Overcast
2810,2022-09-11 07:00:00+00:00,1.0,64.896645,0.0,0.0,0.0,8.8127575,Mainly clear
2811,2022-09-12 07:00:00+00:00,3.0,65.87916,0.0,0.0,0.0,12.098427,Overcast
2812,2022-09-13 07:00:00+00:00,1.0,65.57539,0.0,0.0,0.0,14.506043,Mainly clear
2813,2022-09-14 07:00:00+00:00,3.0,63.344147,0.0,0.0,0.0,9.3687315,Overcast
2814,2022-09-15 07:00:00+00:00,3.0,62.80415,0.0,0.0,0.0,7.119848,Overcast
2815,2022-09-16 07:00:00+00:00,3.0,65.4179,0.0,0.0,0.0,11.55687,Overcast
2816,2022-09-17 07:00:00+00:00,0.0,63.179142,0.0,0.0,0.0,12.467135,Clear sky
2817,2022-09-18 07:00:00+00:00,55.0,59.736652,0.0,0.2913386,0.2913386,12.098428,Dense drizzle
2818,2022-09-19 07:00:00+00:00,53.0,47.935394,0.0,0.07480315,0.07480315,5.605906,Moderate drizzle
2819,2022-09-20 07:00:00+00:00,3.0,54.22414,0.0,0.0,0.0,16.151388,Overcast
2820,2022-09-21 07:00:00+00:00,51.0,54.700405,0.0,0.003937008,0.003937008,19.823658,Light drizzle
2821,2022-09-22 07:00:00+00:00,0.0,44.552902,0.0,0.0,0.0,21.423872,Clear sky
2822,2022-09-23 07:00:00+00:00,3.0,48.486652,0.0,0.0,0.0,9.812248,Overcast
2823,2022-09-24 07:00:00+00:00,3.0,56.012897,0.0,0.0,0.0,12.881702,Overcast
2824,2022-09-25 07:00:00+00:00,1.0,60.370403,0.0,0.0,0.0,9.511855,Mainly clear
2825,2022-09-26 07:00:00+00:00,3.0,60.9929,0.0,0.0,0.0,10.14326,Overcast
2826,2022-09-27 07:00:00+00:00,3.0,62.372894,0.0,0.0,0.0,11.106429,Overcast
2827,2022-09-28 07:00:00+00:00,2.0,63.932896,0.0,0.0,0.0,12.881702,Partly cloudy
2828,2022-09-29 07:00:00+00:00,51.0,66.0254,0.0,0.011811024,0.011811024,14.085998,Light drizzle
2829,2022-09-30 07:00:00+00:00,3.0,66.89915,0.0,0.0,0.0,8.704201,Overcast
2830,2022-10-01 07:00:00+00:00,53.0,63.745403,0.0,0.055118106,0.055118106,12.025825,Moderate drizzle
2831,2022-10-02 07:00:00+00:00,61.0,54.6179,0.0,0.32677162,0.32677162,19.145636,Slight rain
2832,2022-10-03 07:00:00+00:00,0.0,37.80665,0.0,0.0,0.0,15.627011,Clear sky
2833,2022-10-04 07:00:00+00:00,3.0,39.39665,0.0,0.0,0.0,9.845342,Overcast
2834,2022-10-05 07:00:00+00:00,3.0,43.67915,0.0,0.0,0.0,8.640729,Overcast
2835,2022-10-06 07:00:00+00:00,3.0,45.5354,0.0,0.0,0.0,14.772672,Overcast
2836,2022-10-07 07:00:00+00:00,51.0,49.2179,0.0,0.0118110245,0.0118110245,21.923742,Light drizzle
2837,2022-10-08 07:00:00+00:00,71.0,35.781654,0.05511811,0.007874016,0.003937008,22.289322,Slight snow fall
2838,2022-10-09 07:00:00+00:00,1.0,34.69415,0.0,0.0,0.0,15.449882,Mainly clear
2839,2022-10-10 07:00:00+00:00,0.0,39.872894,0.0,0.0,0.0,7.4125414,Clear sky
2840,2022-10-11 07:00:00+00:00,3.0,45.03665,0.0,0.0,0.0,10.22189,Overcast
2841,2022-10-12 07:00:00+00:00,3.0,49.457905,0.0,0.0,0.0,8.23143,Overcast
2842,2022-10-13 07:00:00+00:00,3.0,52.011654,0.0,0.0,0.0,11.428421,Overcast
2843,2022-10-14 07:00:00+00:00,3.0,50.39165,0.0,0.0,0.0,11.959063,Overcast
2844,2022-10-15 07:00:00+00:00,3.0,44.03165,0.0,0.0,0.0,14.052206,Overcast
2845,2022-10-16 07:00:00+00:00,0.0,35.612904,0.0,0.0,0.0,9.511855,Clear sky
2846,2022-10-17 07:00:00+00:00,0.0,36.644154,0.0,0.0,0.0,9.650264,Clear sky
2847,2022-10-18 07:00:00+00:00,0.0,45.9929,0.0,0.0,0.0,12.408799,Clear sky
2848,2022-10-19 07:00:00+00:00,51.0,53.58665,0.0,0.011811024,0.011811024,13.572158,Light drizzle
2849,2022-10-20 07:00:00+00:00,3.0,52.172897,0.0,0.0,0.0,14.490512,Overcast
2850,2022-10-21 07:00:00+00:00,0.0,46.945404,0.0,0.0,0.0,16.735691,Clear sky
2851,2022-10-22 07:00:00+00:00,0.0,44.950394,0.0,0.0,0.0,10.573226,Clear sky
2852,2022-10-23 07:00:00+00:00,0.0,46.416653,0.0,0.0,0.0,10.444659,Clear sky
2853,2022-10-24 07:00:00+00:00,3.0,53.8154,0.0,0.0,0.0,14.747243,Overcast
2854,2022-10-25 07:00:00+00:00,63.0,51.906647,0.0,0.20078741,0.20078741,13.513035,Moderate rain
2855,2022-10-26 07:00:00+00:00,3.0,46.7954,0.0,0.0,0.0,15.087731,Overcast
2856,2022-10-27 07:00:00+00:00,3.0,50.605404,0.0,0.0,0.0,10.933873,Overcast
2857,2022-10-28 07:00:00+00:00,55.0,49.810406,0.0,0.39370072,0.39370072,14.922651,Dense drizzle
2858,2022-10-29 07:00:00+00:00,53.0,47.545406,0.0,0.16929132,0.16929132,15.407718,Moderate drizzle
2859,2022-10-30 07:00:00+00:00,55.0,38.766647,0.0,0.070866145,0.070866145,15.218178,Dense drizzle
2860,2022-10-31 07:00:00+00:00,3.0,36.32165,0.0,0.0,0.0,10.362889,Overcast
2861,2022-11-01 07:00:00+00:00,51.0,46.547897,0.0,0.003937008,0.003937008,10.1284485,Light drizzle
2862,2022-11-02 07:00:00+00:00,3.0,37.064144,0.0,0.0,0.0,11.305152,Overcast
2863,2022-11-03 07:00:00+00:00,0.0,33.5804,0.0,0.0,0.0,8.790015,Clear sky
2864,2022-11-04 07:00:00+00:00,0.0,35.035404,0.0,0.0,0.0,6.3979764,Clear sky
2865,2022-11-05 07:00:00+00:00,75.0,40.150402,0.63385826,0.18110235,0.09055118,8.301048,Heavy snow fall
2866,2022-11-06 07:00:00+00:00,3.0,36.190403,0.0,0.0,0.0,7.4495792,Overcast
2867,2022-11-07 07:00:00+00:00,3.0,35.492897,0.0,0.0,0.0,6.5027094,Overcast
2868,2022-11-08 07:00:00+00:00,55.0,44.432896,0.0,0.11417322,0.11417322,12.205495,Dense drizzle
2869,2022-11-09 07:00:00+00:00,53.0,46.930405,0.0,0.07874015,0.07874015,11.705304,Moderate drizzle
2870,2022-11-10 07:00:00+00:00,63.0,48.835403,0.0,0.33070865,0.33070865,8.358121,Moderate rain
2871,2022-11-11 07:00:00+00:00,73.0,34.9154,0.496063,0.4370078,0.3661417,15.067818,Moderate snow fall
2872,2022-11-12 07:00:00+00:00,1.0,28.2704,0.0,0.0,0.0,10.343555,Mainly clear
2873,2022-11-13 07:00:00+00:00,3.0,32.45165,0.0,0.0,0.0,15.775212,Overcast
2874,2022-11-14 07:00:00+00:00,0.0,32.849155,0.0,0.0,0.0,15.487085,Clear sky
2875,2022-11-15 07:00:00+00:00,3.0,34.097897,0.0,0.0,0.0,11.113185,Overcast
2876,2022-11-16 07:00:00+00:00,0.0,36.0854,0.0,0.0,0.0,10.016665,Clear sky
2877,2022-11-17 07:00:00+00:00,53.0,38.672897,0.0,0.08661418,0.08661418,13.016956,Moderate drizzle
2878,2022-11-18 07:00:00+00:00,61.0,36.111652,0.0,0.09055118,0.09055118,13.459231,Slight rain
2879,2022-11-19 07:00:00+00:00,3.0,34.979153,0.0,0.0,0.0,8.518242,Overcast
2880,2022-11-20 07:00:00+00:00,3.0,31.476648,0.0,0.0,0.0,8.352132,Overcast
2881,2022-11-21 07:00:00+00:00,3.0,32.23415,0.0,0.0,0.0,12.813539,Overcast
2882,2022-11-22 07:00:00+00:00,3.0,34.487904,0.0,0.0,0.0,11.8117,Overcast
2883,2022-11-23 07:00:00+00:00,51.0,38.3129,0.0,0.003937008,0.003937008,18.110033,Light drizzle
2884,2022-11-24 07:00:00+00:00,3.0,34.64915,0.0,0.0,0.0,19.524794,Overcast
2885,2022-11-25 07:00:00+00:00,3.0,23.14415,0.0,0.0,0.0,17.248125,Overcast
2886,2022-11-26 07:00:00+00:00,71.0,35.702896,0.05511811,0.007874016,0.0,17.689281,Slight snow fall
2887,2022-11-27 07:00:00+00:00,71.0,29.185402,0.08267716,0.011811024,0.0,21.755327,Slight snow fall
2888,2022-11-28 07:00:00+00:00,3.0,6.8654003,0.0,0.0,0.0,19.524794,Overcast
2889,2022-11-29 07:00:00+00:00,0.0,2.5716486,0.0,0.0,0.0,15.029576,Clear sky
2890,2022-11-30 07:00:00+00:00,0.0,7.58915,0.0,0.0,0.0,14.344735,Clear sky
2891,2022-12-01 07:00:00+00:00,3.0,14.170399,0.0,0.0,0.0,16.549265,Overcast
2892,2022-12-02 07:00:00+00:00,3.0,15.377898,0.0,0.0,0.0,16.280996,Overcast
2893,2022-12-03 07:00:00+00:00,1.0,15.032901,0.0,0.0,0.0,9.406046,Mainly clear
2894,2022-12-04 07:00:00+00:00,0.0,15.201652,0.0,0.0,0.0,10.088845,Clear sky
2895,2022-12-05 07:00:00+00:00,0.0,16.547901,0.0,0.0,0.0,8.468161,Clear sky
2896,2022-12-06 07:00:00+00:00,3.0,18.5204,0.0,0.0,0.0,8.863716,Overcast
2897,2022-12-07 07:00:00+00:00,3.0,20.01665,0.0,0.0,0.0,7.3037286,Overcast
2898,2022-12-08 07:00:00+00:00,3.0,20.7329,0.0,0.0,0.0,9.408707,Overcast
2899,2022-12-09 07:00:00+00:00,3.0,13.7991495,0.0,0.0,0.0,15.461214,Overcast
2900,2022-12-10 07:00:00+00:00,3.0,11.06915,0.0,0.0,0.0,11.872971,Overcast
2901,2022-12-11 07:00:00+00:00,71.0,14.80415,0.11023622,0.015748031,0.0,22.949701,Slight snow fall
2902,2022-12-12 07:00:00+00:00,3.0,9.347899,0.0,0.0,0.0,22.380062,Overcast
2903,2022-12-13 07:00:00+00:00,3.0,8.657901,0.0,0.0,0.0,16.280996,Overcast
2904,2022-12-14 07:00:00+00:00,3.0,13.750401,0.0,0.0,0.0,11.666764,Overcast
2905,2022-12-15 07:00:00+00:00,3.0,6.81665,0.0,0.0,0.0,20.187607,Overcast
2906,2022-12-16 07:00:00+00:00,3.0,1.7128992,0.0,0.0,0.0,23.058468,Overcast
2907,2022-12-17 07:00:00+00:00,3.0,11.076652,0.0,0.0,0.0,20.543896,Overcast
2908,2022-12-18 07:00:00+00:00,0.0,15.115399,0.0,0.0,0.0,13.735253,Clear sky
2909,2022-12-19 07:00:00+00:00,3.0,16.99415,0.0,0.0,0.0,20.164045,Overcast
2910,2022-12-20 07:00:00+00:00,3.0,13.2104,0.0,0.0,0.0,21.717342,Overcast
2911,2022-12-21 07:00:00+00:00,3.0,8.995399,0.0,0.0,0.0,21.453053,Overcast
2912,2022-12-22 07:00:00+00:00,2.0,15.029151,0.0,0.0,0.0,7.499791,Partly cloudy
2913,2022-12-23 07:00:00+00:00,0.0,17.492899,0.0,0.0,0.0,10.749245,Clear sky
2914,2022-12-24 07:00:00+00:00,3.0,19.184153,0.0,0.0,0.0,15.577296,Overcast
2915,2022-12-25 07:00:00+00:00,2.0,13.075401,0.0,0.0,0.0,15.092706,Partly cloudy
2916,2022-12-26 07:00:00+00:00,1.0,9.41915,0.0,0.0,0.0,11.875079,Mainly clear
2917,2022-12-27 07:00:00+00:00,3.0,8.841649,0.0,0.0,0.0,11.106429,Overcast
2918,2022-12-28 07:00:00+00:00,3.0,8.6729,0.0,0.0,0.0,11.2652445,Overcast
2919,2022-12-29 07:00:00+00:00,0.0,9.850399,0.0,0.0,0.0,6.891267,Clear sky
2920,2022-12-30 07:00:00+00:00,1.0,14.027901,0.0,0.0,0.0,7.651717,Mainly clear
2921,2022-12-31 07:00:00+00:00,3.0,16.866652,0.0,0.0,0.0,7.063396,Overcast
2922,2023-01-01 07:00:00+00:00,3.0,14.6879,0.0,0.0,0.0,5.922771,Overcast
2923,2023-01-02 07:00:00+00:00,2.0,16.63415,0.0,0.0,0.0,7.8804655,Partly cloudy
2924,2023-01-03 07:00:00+00:00,0.0,15.771648,0.0,0.0,0.0,9.606085,Clear sky
2925,2023-01-04 07:00:00+00:00,0.0,21.689154,0.0,0.0,0.0,11.788374,Clear sky
2926,2023-01-05 07:00:00+00:00,3.0,24.257902,0.0,0.0,0.0,16.790916,Overcast
2927,2023-01-06 07:00:00+00:00,3.0,25.131647,0.0,0.0,0.0,16.331633,Overcast
2928,2023-01-07 07:00:00+00:00,3.0,27.719147,0.0,0.0,0.0,7.44622,Overcast
2929,2023-01-08 07:00:00+00:00,0.0,27.396646,0.0,0.0,0.0,8.914382,Clear sky
2930,2023-01-09 07:00:00+00:00,0.0,28.3379,0.0,0.0,0.0,9.621701,Clear sky
2931,2023-01-10 07:00:00+00:00,3.0,30.179146,0.0,0.0,0.0,7.6973605,Overcast
2932,2023-01-11 07:00:00+00:00,71.0,31.56665,0.27559054,0.11023622,0.07086614,7.5164537,Slight snow fall
2933,2023-01-12 07:00:00+00:00,73.0,29.249147,0.46850392,0.06692913,0.0,18.875824,Moderate snow fall
2934,2023-01-13 07:00:00+00:00,73.0,8.879149,0.3582677,0.051181093,0.0,17.421333,Moderate snow fall
2935,2023-01-14 07:00:00+00:00,3.0,5.3766494,0.0,0.0,0.0,14.014765,Overcast
2936,2023-01-15 07:00:00+00:00,2.0,6.6179004,0.0,0.0,0.0,17.10976,Partly cloudy
2937,2023-01-16 07:00:00+00:00,1.0,10.5704,0.0,0.0,0.0,16.36683,Mainly clear
2938,2023-01-17 07:00:00+00:00,0.0,11.58665,0.0,0.0,0.0,19.646158,Clear sky
2939,2023-01-18 07:00:00+00:00,3.0,15.10415,0.0,0.0,0.0,20.596199,Overcast
2940,2023-01-19 07:00:00+00:00,1.0,6.3103986,0.0,0.0,0.0,17.54584,Mainly clear
2941,2023-01-20 07:00:00+00:00,1.0,15.032901,0.0,0.0,0.0,15.945589,Mainly clear
2942,2023-01-21 07:00:00+00:00,3.0,16.45415,0.0,0.0,0.0,18.793463,Overcast
2943,2023-01-22 07:00:00+00:00,3.0,9.6029005,0.0,0.0,0.0,20.880932,Overcast
2944,2023-01-23 07:00:00+00:00,3.0,-6.0196013,0.0,0.0,0.0,17.621256,Overcast
2945,2023-01-24 07:00:00+00:00,3.0,2.5566492,0.0,0.0,0.0,14.14803,Overcast
2946,2023-01-25 07:00:00+00:00,3.0,8.54165,0.0,0.0,0.0,16.062843,Overcast
2947,2023-01-26 07:00:00+00:00,2.0,8.286651,0.0,0.0,0.0,17.897398,Partly cloudy
2948,2023-01-27 07:00:00+00:00,0.0,11.410399,0.0,0.0,0.0,17.707659,Clear sky
2949,2023-01-28 07:00:00+00:00,0.0,18.370401,0.0,0.0,0.0,16.070631,Clear sky
2950,2023-01-29 07:00:00+00:00,0.0,22.386652,0.0,0.0,0.0,13.016956,Clear sky
2951,2023-01-30 07:00:00+00:00,3.0,24.707901,0.0,0.0,0.0,12.131472,Overcast
2952,2023-01-31 07:00:00+00:00,3.0,19.109148,0.0,0.0,0.0,14.597175,Overcast
2953,2023-02-01 07:00:00+00:00,3.0,18.56915,0.0,0.0,0.0,8.8127575,Overcast
2954,2023-02-02 07:00:00+00:00,3.0,20.117903,0.0,0.0,0.0,7.5197816,Overcast
2955,2023-02-03 07:00:00+00:00,1.0,20.999147,0.0,0.0,0.0,8.01895,Mainly clear
2956,2023-02-04 07:00:00+00:00,71.0,25.866652,0.05511811,0.007874016,0.0,9.408707,Slight snow fall
2957,2023-02-05 07:00:00+00:00,3.0,26.642904,0.0,0.0,0.0,7.37871,Overcast
2958,2023-02-06 07:00:00+00:00,3.0,28.206652,0.0,0.0,0.0,9.511855,Overcast
2959,2023-02-07 07:00:00+00:00,3.0,26.564148,0.0,0.0,0.0,15.2707,Overcast
2960,2023-02-08 07:00:00+00:00,73.0,31.21415,1.0472441,0.14960629,0.0,16.86526,Moderate snow fall
2961,2023-02-09 07:00:00+00:00,3.0,26.916649,0.0,0.0,0.0,16.343884,Overcast
2962,2023-02-10 07:00:00+00:00,3.0,31.217901,0.0,0.0,0.0,12.354236,Overcast
2963,2023-02-11 07:00:00+00:00,73.0,31.750399,0.7440945,0.10629921,0.0,12.904989,Moderate snow fall
2964,2023-02-12 07:00:00+00:00,3.0,18.970402,0.0,0.0,0.0,15.409343,Overcast
2965,2023-02-13 07:00:00+00:00,3.0,20.684149,0.0,0.0,0.0,10.693234,Overcast
2966,2023-02-14 07:00:00+00:00,3.0,24.05165,0.0,0.0,0.0,12.66229,Overcast
2967,2023-02-15 07:00:00+00:00,3.0,26.672903,0.0,0.0,0.0,13.966478,Overcast
2968,2023-02-16 07:00:00+00:00,73.0,28.412897,0.4133858,0.05905512,0.0,13.279568,Moderate snow fall
2969,2023-02-17 07:00:00+00:00,73.0,29.09915,0.77165353,0.11023621,0.0,19.766777,Moderate snow fall
2970,2023-02-18 07:00:00+00:00,0.0,20.999151,0.0,0.0,0.0,16.615656,Clear sky
2971,2023-02-19 07:00:00+00:00,3.0,25.06415,0.0,0.0,0.0,14.15687,Overcast
2972,2023-02-20 07:00:00+00:00,3.0,29.66915,0.0,0.0,0.0,16.317839,Overcast
2973,2023-02-21 07:00:00+00:00,71.0,32.9579,0.11023622,0.015748031,0.0,15.427194,Slight snow fall
2974,2023-02-22 07:00:00+00:00,3.0,32.436653,0.0,0.0,0.0,7.6090894,Overcast
2975,2023-02-23 07:00:00+00:00,3.0,31.911652,0.0,0.0,0.0,9.928853,Overcast
2976,2023-02-24 07:00:00+00:00,0.0,26.744148,0.0,0.0,0.0,11.677483,Clear sky
2977,2023-02-25 07:00:00+00:00,3.0,32.36915,0.0,0.0,0.0,13.215351,Overcast
2978,2023-02-26 07:00:00+00:00,3.0,37.0229,0.0,0.0,0.0,14.583455,Overcast
2979,2023-02-27 07:00:00+00:00,3.0,35.1779,0.0,0.0,0.0,15.2116,Overcast
2980,2023-02-28 07:00:00+00:00,3.0,27.865402,0.0,0.0,0.0,10.076437,Overcast
2981,2023-03-01 07:00:00+00:00,0.0,31.071648,0.0,0.0,0.0,13.022723,Clear sky
2982,2023-03-02 07:00:00+00:00,3.0,33.944153,0.0,0.0,0.0,14.344735,Overcast
2983,2023-03-03 07:00:00+00:00,3.0,35.8529,0.0,0.0,0.0,13.438767,Overcast
2984,2023-03-04 07:00:00+00:00,2.0,38.327896,0.0,0.0,0.0,13.934193,Partly cloudy
2985,2023-03-05 07:00:00+00:00,3.0,39.65165,0.0,0.0,0.0,14.3325205,Overcast
2986,2023-03-06 07:00:00+00:00,0.0,43.799152,0.0,0.0,0.0,14.165704,Clear sky
2987,2023-03-07 07:00:00+00:00,3.0,41.64665,0.0,0.0,0.0,16.072187,Overcast
2988,2023-03-08 07:00:00+00:00,2.0,45.11165,0.0,0.0,0.0,18.35567,Partly cloudy
2989,2023-03-09 07:00:00+00:00,0.0,46.58165,0.0,0.0,0.0,15.737101,Clear sky
2990,2023-03-10 07:00:00+00:00,3.0,37.660397,0.0,0.0,0.0,19.243402,Overcast
2991,2023-03-11 07:00:00+00:00,3.0,26.057901,0.0,0.0,0.0,23.08016,Overcast
2992,2023-03-12 07:00:00+00:00,3.0,33.95915,0.0,0.0,0.0,18.633015,Overcast
2993,2023-03-13 07:00:00+00:00,3.0,38.85665,0.0,0.0,0.0,18.207863,Overcast
2994,2023-03-14 07:00:00+00:00,3.0,27.07415,0.0,0.0,0.0,16.783464,Overcast
2995,2023-03-15 07:00:00+00:00,3.0,31.892899,0.0,0.0,0.0,14.506043,Overcast
2996,2023-03-16 07:00:00+00:00,3.0,36.516647,0.0,0.0,0.0,23.25189,Overcast
2997,2023-03-17 07:00:00+00:00,3.0,32.200405,0.0,0.0,0.0,11.068065,Overcast
2998,2023-03-18 07:00:00+00:00,3.0,36.85415,0.0,0.0,0.0,11.072585,Overcast
2999,2023-03-19 07:00:00+00:00,73.0,42.419147,0.41338584,0.2086614,0.14960629,10.804965,Moderate snow fall
3000,2023-03-20 07:00:00+00:00,63.0,46.169147,0.0,0.25984251,0.25984251,16.514454,Moderate rain
3001,2023-03-21 07:00:00+00:00,3.0,36.370396,0.0,0.0,0.0,16.233284,Overcast
3002,2023-03-22 07:00:00+00:00,3.0,34.7054,0.0,0.0,0.0,9.196219,Overcast
3003,2023-03-23 07:00:00+00:00,51.0,34.034153,0.0,0.027559057,0.027559057,14.318547,Light drizzle
3004,2023-03-24 07:00:00+00:00,75.0,30.235395,2.425197,0.36614174,0.019685036,10.970427,Heavy snow fall
3005,2023-03-25 07:00:00+00:00,3.0,33.081654,0.0,0.0,0.0,13.572158,Overcast
3006,2023-03-26 07:00:00+00:00,2.0,38.5154,0.0,0.0,0.0,15.889001,Partly cloudy
3007,2023-03-27 07:00:00+00:00,3.0,44.5229,0.0,0.0,0.0,10.924716,Overcast
3008,2023-03-28 07:00:00+00:00,3.0,45.39665,0.0,0.0,0.0,7.9089894,Overcast
3009,2023-03-29 07:00:00+00:00,3.0,48.689148,0.0,0.0,0.0,10.804965,Overcast
3010,2023-03-30 07:00:00+00:00,3.0,52.637905,0.0,0.0,0.0,16.908228,Overcast
3011,2023-03-31 07:00:00+00:00,3.0,51.865402,0.0,0.0,0.0,14.811576,Overcast
3012,2023-04-01 07:00:00+00:00,63.0,54.077896,0.0,0.27165353,0.27165353,18.540129,Moderate rain
3013,2023-04-02 07:00:00+00:00,75.0,33.876644,5.098425,1.4015746,0.6732284,20.233414,Heavy snow fall
3014,2023-04-03 07:00:00+00:00,73.0,34.487896,1.7362201,0.33858263,0.09055118,9.704559,Moderate snow fall
3015,2023-04-04 07:00:00+00:00,71.0,33.53165,0.11023622,0.027559055,0.011811024,6.5334187,Slight snow fall
3016,2023-04-05 07:00:00+00:00,75.0,34.48415,1.7362204,0.27559054,0.027559055,16.225576,Heavy snow fall
3017,2023-04-06 07:00:00+00:00,3.0,32.3204,0.0,0.0,0.0,14.540501,Overcast
3018,2023-04-07 07:00:00+00:00,2.0,36.2579,0.0,0.0,0.0,14.813264,Partly cloudy
3019,2023-04-08 07:00:00+00:00,3.0,46.720398,0.0,0.0,0.0,19.284964,Overcast
3020,2023-04-09 07:00:00+00:00,3.0,49.9979,0.0,0.0,0.0,25.34137,Overcast
3021,2023-04-10 07:00:00+00:00,2.0,39.1004,0.0,0.0,0.0,34.244373,Partly cloudy
3022,2023-04-11 07:00:00+00:00,3.0,39.89915,0.0,0.0,0.0,15.139053,Overcast
3023,2023-04-12 07:00:00+00:00,3.0,53.53039,0.0,0.0,0.0,17.591413,Overcast
3024,2023-04-13 07:00:00+00:00,3.0,47.057903,0.0,0.0,0.0,17.4486,Overcast
3025,2023-04-14 07:00:00+00:00,3.0,43.161648,0.0,0.0,0.0,14.873948,Overcast
3026,2023-04-15 07:00:00+00:00,3.0,46.0304,0.0,0.0,0.0,14.772672,Overcast
3027,2023-04-16 07:00:00+00:00,3.0,62.526653,0.0,0.0,0.0,16.331633,Overcast
3028,2023-04-17 07:00:00+00:00,3.0,56.410397,0.0,0.0,0.0,17.507294,Overcast
3029,2023-04-18 07:00:00+00:00,3.0,62.59039,0.0,0.0,0.0,20.725779,Overcast
3030,2023-04-19 07:00:00+00:00,53.0,51.81291,0.0,0.027559057,0.027559057,25.412357,Moderate drizzle
3031,2023-04-20 07:00:00+00:00,75.0,37.9229,2.2598422,0.33858263,0.015748031,13.279568,Heavy snow fall
3032,2023-04-21 07:00:00+00:00,3.0,40.0004,0.0,0.0,0.0,8.252681,Overcast
3033,2023-04-22 07:00:00+00:00,3.0,48.8429,0.0,0.0,0.0,14.813264,Overcast
3034,2023-04-23 07:00:00+00:00,3.0,40.47665,0.0,0.0,0.0,13.607141,Overcast
3035,2023-04-24 07:00:00+00:00,51.0,40.67915,0.0,0.05511811,0.05511811,13.885627,Light drizzle
3036,2023-04-25 07:00:00+00:00,3.0,44.21165,0.0,0.0,0.0,18.514471,Overcast
3037,2023-04-26 07:00:00+00:00,61.0,54.6779,0.0,0.07480316,0.07480316,20.847353,Slight rain
3038,2023-04-27 07:00:00+00:00,73.0,46.097897,0.30314958,0.07086614,0.027559053,25.67877,Moderate snow fall
3039,2023-04-28 07:00:00+00:00,71.0,41.594147,0.08267716,0.011811024,0.0,21.171288,Slight snow fall
3040,2023-04-29 07:00:00+00:00,3.0,49.382904,0.0,0.0,0.0,19.609192,Overcast
3041,2023-04-30 07:00:00+00:00,3.0,58.892902,0.0,0.0,0.0,19.192625,Overcast
3042,2023-05-01 07:00:00+00:00,61.0,60.857895,0.0,0.10629921,0.10629921,21.712734,Slight rain
3043,2023-05-02 07:00:00+00:00,3.0,65.001656,0.0,0.0,0.0,13.108896,Overcast
3044,2023-05-03 07:00:00+00:00,53.0,62.65415,0.0,0.07480315,0.07480315,16.008232,Moderate drizzle
3045,2023-05-04 07:00:00+00:00,63.0,55.259144,0.0,0.46456692,0.46456692,17.608473,Moderate rain
3046,2023-05-05 07:00:00+00:00,3.0,52.709152,0.0,0.0,0.0,13.158429,Overcast
3047,2023-05-06 07:00:00+00:00,3.0,49.877903,0.0,0.0,0.0,10.7049265,Overcast
3048,2023-05-07 07:00:00+00:00,51.0,54.989155,0.0,0.003937008,0.003937008,11.515662,Light drizzle
3049,2023-05-08 07:00:00+00:00,3.0,57.734142,0.0,0.0,0.0,6.891267,Overcast
3050,2023-05-09 07:00:00+00:00,53.0,53.567898,0.0,0.09842519,0.09842519,10.299921,Moderate drizzle
3051,2023-05-10 07:00:00+00:00,51.0,56.781647,0.0,0.015748031,0.015748031,18.410114,Light drizzle
3052,2023-05-11 07:00:00+00:00,51.0,58.5479,0.0,0.015748031,0.015748031,20.67864,Light drizzle
3053,2023-05-12 07:00:00+00:00,3.0,55.184155,0.0,0.0,0.0,20.338255,Overcast
3054,2023-05-13 07:00:00+00:00,3.0,65.9579,0.0,0.0,0.0,18.154188,Overcast
3055,2023-05-14 07:00:00+00:00,1.0,69.7604,0.0,0.0,0.0,15.267424,Mainly clear
3056,2023-05-15 07:00:00+00:00,3.0,72.95165,0.0,0.0,0.0,21.731163,Overcast
3057,2023-05-16 07:00:00+00:00,51.0,66.5654,0.0,0.007874016,0.007874016,13.564781,Light drizzle
3058,2023-05-17 07:00:00+00:00,3.0,63.610386,0.0,0.0,0.0,18.329754,Overcast
3059,2023-05-18 07:00:00+00:00,53.0,64.2329,0.0,0.055118106,0.055118106,16.317839,Moderate drizzle
3060,2023-05-19 07:00:00+00:00,3.0,54.15665,0.0,0.0,0.0,17.191458,Overcast
3061,2023-05-20 07:00:00+00:00,3.0,51.32915,0.0,0.0,0.0,12.695837,Overcast
3062,2023-05-21 07:00:00+00:00,3.0,51.974148,0.0,0.0,0.0,12.904989,Overcast
3063,2023-05-22 07:00:00+00:00,3.0,58.3004,0.0,0.0,0.0,13.777086,Overcast
3064,2023-05-23 07:00:00+00:00,53.0,60.0704,0.0,0.0511811,0.0511811,21.675825,Moderate drizzle
3065,2023-05-24 07:00:00+00:00,3.0,58.2554,0.0,0.0,0.0,23.309927,Overcast
3066,2023-05-25 07:00:00+00:00,3.0,61.465393,0.0,0.0,0.0,12.354236,Overcast
3067,2023-05-26 07:00:00+00:00,3.0,64.58916,0.0,0.0,0.0,15.775212,Overcast
3068,2023-05-27 07:00:00+00:00,3.0,63.854145,0.0,0.0,0.0,9.658037,Overcast
3069,2023-05-28 07:00:00+00:00,3.0,70.94164,0.0,0.0,0.0,16.24407,Overcast
3070,2023-05-29 07:00:00+00:00,63.0,63.932896,0.0,0.60629916,0.60629916,16.897867,Moderate rain
3071,2023-05-30 07:00:00+00:00,51.0,63.029144,0.0,0.039370082,0.039370082,18.550922,Light drizzle
3072,2023-05-31 07:00:00+00:00,3.0,61.135395,0.0,0.0,0.0,20.356699,Overcast
3073,2023-06-01 07:00:00+00:00,3.0,60.591656,0.0,0.0,0.0,18.620926,Overcast
3074,2023-06-02 07:00:00+00:00,3.0,63.734146,0.0,0.0,0.0,7.499791,Overcast
3075,2023-06-03 07:00:00+00:00,3.0,65.1704,0.0,0.0,0.0,11.743717,Overcast
3076,2023-06-04 07:00:00+00:00,3.0,65.0504,0.0,0.0,0.0,7.119848,Overcast
3077,2023-06-05 07:00:00+00:00,3.0,68.80415,0.0,0.0,0.0,17.84139,Overcast
3078,2023-06-06 07:00:00+00:00,3.0,70.96415,0.0,0.0,0.0,19.243402,Overcast
3079,2023-06-07 07:00:00+00:00,3.0,67.7729,0.0,0.0,0.0,18.28602,Overcast
3080,2023-06-08 07:00:00+00:00,3.0,69.325386,0.0,0.0,0.0,20.708868,Overcast
3081,2023-06-09 07:00:00+00:00,3.0,67.16914,0.0,0.0,0.0,17.007086,Overcast
3082,2023-06-10 07:00:00+00:00,3.0,67.461655,0.0,0.0,0.0,12.642513,Overcast
3083,2023-06-11 07:00:00+00:00,3.0,66.2429,0.0,0.0,0.0,15.12748,Overcast
3084,2023-06-12 07:00:00+00:00,2.0,67.91915,0.0,0.0,0.0,11.891922,Partly cloudy
3085,2023-06-13 07:00:00+00:00,3.0,71.80789,0.0,0.0,0.0,11.990403,Overcast
3086,2023-06-14 07:00:00+00:00,3.0,76.48791,0.0,0.0,0.0,11.743717,Overcast
3087,2023-06-15 07:00:00+00:00,3.0,77.70665,0.0,0.0,0.0,14.643383,Overcast
3088,2023-06-16 07:00:00+00:00,3.0,76.66039,0.0,0.0,0.0,19.308304,Overcast
3089,2023-06-17 07:00:00+00:00,3.0,74.2604,0.0,0.0,0.0,15.324675,Overcast
3090,2023-06-18 07:00:00+00:00,63.0,65.33915,0.0,0.52362204,0.52362204,13.468523,Moderate rain
3091,2023-06-19 07:00:00+00:00,51.0,67.29665,0.0,0.01968504,0.01968504,12.0258255,Light drizzle
3092,2023-06-20 07:00:00+00:00,3.0,70.0454,0.0,0.0,0.0,12.424918,Overcast
3093,2023-06-21 07:00:00+00:00,2.0,73.34914,0.0,0.0,0.0,8.931207,Partly cloudy
3094,2023-06-22 07:00:00+00:00,3.0,76.03415,0.0,0.0,0.0,12.924363,Overcast
3095,2023-06-23 07:00:00+00:00,3.0,77.297905,0.0,0.0,0.0,15.530645,Overcast
3096,2023-06-24 07:00:00+00:00,51.0,75.7454,0.0,0.007874016,0.007874016,14.922651,Light drizzle
3097,2023-06-25 07:00:00+00:00,55.0,71.96165,0.0,0.11023621,0.11023621,15.039562,Dense drizzle
3098,2023-06-26 07:00:00+00:00,51.0,72.16041,0.0,0.003937008,0.003937008,11.406507,Light drizzle
3099,2023-06-27 07:00:00+00:00,63.0,72.959145,0.0,0.71653545,0.71653545,10.804965,Moderate rain
3100,2023-06-28 07:00:00+00:00,1.0,70.874146,0.0,0.0,0.0,10.093803,Mainly clear
3101,2023-06-29 07:00:00+00:00,3.0,75.72664,0.0,0.0,0.0,11.548208,Overcast
3102,2023-06-30 07:00:00+00:00,3.0,78.77915,0.0,0.0,0.0,14.5405,Overcast
3103,2023-07-01 07:00:00+00:00,53.0,75.82416,0.0,0.023622047,0.023622047,14.005835,Moderate drizzle
3104,2023-07-02 07:00:00+00:00,53.0,74.459145,0.0,0.05905512,0.05905512,9.490787,Moderate drizzle
3105,2023-07-03 07:00:00+00:00,61.0,63.4529,0.0,0.42125982,0.42125982,15.409343,Slight rain
3106,2023-07-04 07:00:00+00:00,1.0,71.59039,0.0,0.0,0.0,18.507711,Mainly clear
3107,2023-07-05 07:00:00+00:00,2.0,75.509155,0.0,0.0,0.0,19.803452,Partly cloudy
3108,2023-07-06 07:00:00+00:00,51.0,73.1804,0.0,0.011811024,0.011811024,20.130514,Light drizzle
3109,2023-07-07 07:00:00+00:00,2.0,72.0479,0.0,0.0,0.0,16.385166,Partly cloudy
3110,2023-07-08 07:00:00+00:00,3.0,73.72415,0.0,0.0,0.0,15.162174,Overcast
3111,2023-07-09 07:00:00+00:00,3.0,78.5354,0.0,0.0,0.0,10.31206,Overcast
3112,2023-07-10 07:00:00+00:00,3.0,81.61791,0.0,0.0,0.0,15.067818,Overcast
3113,2023-07-11 07:00:00+00:00,63.0,76.71665,0.0,0.5472441,0.5472441,12.805725,Moderate rain
3114,2023-07-12 07:00:00+00:00,61.0,67.2779,0.0,0.33858263,0.33858263,13.735253,Slight rain
3115,2023-07-13 07:00:00+00:00,3.0,69.786644,0.0,0.0,0.0,16.00667,Overcast
3116,2023-07-14 07:00:00+00:00,51.0,68.155396,0.0,0.011811024,0.011811024,16.549265,Light drizzle
3117,2023-07-15 07:00:00+00:00,3.0,69.0629,0.0,0.0,0.0,13.129874,Overcast
3118,2023-07-16 07:00:00+00:00,0.0,72.74539,0.0,0.0,0.0,9.608689,Clear sky
3119,2023-07-17 07:00:00+00:00,1.0,76.90415,0.0,0.0,0.0,12.719464,Mainly clear
3120,2023-07-18 07:00:00+00:00,1.0,76.994156,0.0,0.0,0.0,10.016665,Mainly clear
3121,2023-07-19 07:00:00+00:00,3.0,77.92039,0.0,0.0,0.0,9.223387,Overcast
3122,2023-07-20 07:00:00+00:00,65.0,70.01539,0.0,1.1692914,1.1692914,12.342079,Heavy rain
3123,2023-07-21 07:00:00+00:00,63.0,66.63665,0.0,0.16929133,0.16929133,10.343555,Moderate rain
3124,2023-07-22 07:00:00+00:00,3.0,69.76039,0.0,0.0,0.0,7.0029173,Overcast
3125,2023-07-23 07:00:00+00:00,1.0,72.921646,0.0,0.0,0.0,11.548207,Mainly clear
3126,2023-07-24 07:00:00+00:00,51.0,73.35665,0.0,0.003937008,0.003937008,15.666987,Light drizzle
3127,2023-07-25 07:00:00+00:00,53.0,75.4079,0.0,0.043307085,0.043307085,9.606085,Moderate drizzle
3128,2023-07-26 07:00:00+00:00,55.0,75.73041,0.0,0.08267717,0.08267717,12.439008,Dense drizzle
3129,2023-07-27 07:00:00+00:00,61.0,69.78666,0.0,0.26771653,0.26771653,19.192625,Slight rain
3130,2023-07-28 07:00:00+00:00,3.0,71.5529,0.0,0.0,0.0,11.358147,Overcast
3131,2023-07-29 07:00:00+00:00,51.0,73.08289,0.0,0.015748031,0.015748031,14.218594,Light drizzle
3132,2023-07-30 07:00:00+00:00,63.0,69.8054,0.0,0.5984252,0.5984252,18.812092,Moderate rain
3133,2023-07-31 07:00:00+00:00,53.0,74.054146,0.0,0.08267716,0.08267716,11.548208,Moderate drizzle
3134,2023-08-01 07:00:00+00:00,65.0,76.13915,0.0,0.9055118,0.9055118,15.014586,Heavy rain
3135,2023-08-02 07:00:00+00:00,63.0,77.72164,0.0,0.29133856,0.29133856,11.990404,Moderate rain
3136,2023-08-03 07:00:00+00:00,63.0,72.2054,0.0,0.79527557,0.79527557,9.642482,Moderate rain
3137,2023-08-04 07:00:00+00:00,3.0,73.75789,0.0,0.0,0.0,7.227968,Overcast
3138,2023-08-05 07:00:00+00:00,3.0,75.37041,0.0,0.0,0.0,9.928853,Overcast
3139,2023-08-06 07:00:00+00:00,61.0,74.5979,0.0,0.08267716,0.08267716,12.83695,Slight rain
3140,2023-08-07 07:00:00+00:00,51.0,73.577896,0.0,0.007874016,0.007874016,10.599226,Light drizzle
3141,2023-08-08 07:00:00+00:00,3.0,76.83665,0.0,0.0,0.0,7.405788,Overcast
3142,2023-08-09 07:00:00+00:00,3.0,77.57164,0.0,0.0,0.0,10.871913,Overcast
3143,2023-08-10 07:00:00+00:00,63.0,74.766655,0.0,0.3228346,0.3228346,11.004585,Moderate rain
3144,2023-08-11 07:00:00+00:00,53.0,68.8829,0.0,0.039370082,0.039370082,8.056306,Moderate drizzle
3145,2023-08-12 07:00:00+00:00,0.0,71.24915,0.0,0.0,0.0,7.5695267,Clear sky
3146,2023-08-13 07:00:00+00:00,3.0,72.8054,0.0,0.0,0.0,8.456333,Overcast
3147,2023-08-14 07:00:00+00:00,3.0,75.61416,0.0,0.0,0.0,8.84959,Overcast
3148,2023-08-15 07:00:00+00:00,61.0,73.18415,0.0,0.08267716,0.08267716,8.57387,Slight rain
3149,2023-08-16 07:00:00+00:00,61.0,74.55665,0.0,0.16929133,0.16929133,11.515662,Slight rain
3150,2023-08-17 07:00:00+00:00,53.0,67.22915,0.0,0.023622047,0.023622047,7.1897893,Moderate drizzle
3151,2023-08-18 07:00:00+00:00,3.0,70.922905,0.0,0.0,0.0,9.608689,Overcast
3152,2023-08-19 07:00:00+00:00,3.0,70.67915,0.0,0.0,0.0,13.440628,Overcast
3153,2023-08-20 07:00:00+00:00,63.0,67.32288,0.0,0.27165353,0.27165353,13.311561,Moderate rain
3154,2023-08-21 07:00:00+00:00,1.0,65.9804,0.0,0.0,0.0,10.551908,Mainly clear
3155,2023-08-22 07:00:00+00:00,3.0,64.33041,0.0,0.0,0.0,12.860318,Overcast
3156,2023-08-23 07:00:00+00:00,61.0,60.197895,0.0,0.17716536,0.17716536,11.340508,Slight rain
3157,2023-08-24 07:00:00+00:00,3.0,62.66165,0.0,0.0,0.0,8.908766,Overcast
3158,2023-08-25 07:00:00+00:00,53.0,62.594143,0.0,0.04330709,0.04330709,11.858211,Moderate drizzle
3159,2023-08-26 07:00:00+00:00,51.0,62.950397,0.0,0.003937008,0.003937008,13.158428,Light drizzle
3160,2023-08-27 07:00:00+00:00,1.0,63.126648,0.0,0.0,0.0,8.512365,Mainly clear
3161,2023-08-28 07:00:00+00:00,53.0,63.8579,0.0,0.062992126,0.062992126,9.865652,Moderate drizzle
3162,2023-08-29 07:00:00+00:00,2.0,64.42415,0.0,0.0,0.0,8.948,Partly cloudy
3163,2023-08-30 07:00:00+00:00,3.0,67.787895,0.0,0.0,0.0,11.144661,Overcast
3164,2023-08-31 07:00:00+00:00,3.0,67.79539,0.0,0.0,0.0,14.248478,Overcast
3165,2023-09-01 07:00:00+00:00,65.0,67.772896,0.0,0.6102363,0.6102363,18.069921,Heavy rain
3166,2023-09-02 07:00:00+00:00,63.0,64.4054,0.0,0.31496066,0.31496066,11.234107,Moderate rain
3167,2023-09-03 07:00:00+00:00,3.0,70.16916,0.0,0.0,0.0,7.4663534,Overcast
3168,2023-09-04 07:00:00+00:00,3.0,72.64414,0.0,0.0,0.0,10.606305,Overcast
3169,2023-09-05 07:00:00+00:00,0.0,70.94164,0.0,0.0,0.0,12.038303,Clear sky
3170,2023-09-06 07:00:00+00:00,53.0,70.1729,0.0,0.039370082,0.039370082,17.248125,Moderate drizzle
3171,2023-09-07 07:00:00+00:00,63.0,64.55165,0.0,0.6496063,0.6496063,11.478665,Moderate rain
3172,2023-09-08 07:00:00+00:00,63.0,61.754154,0.0,0.5708661,0.5708661,5.956472,Moderate rain
3173,2023-09-09 07:00:00+00:00,51.0,64.8179,0.0,0.003937008,0.003937008,8.565111,Light drizzle
3174,2023-09-10 07:00:00+00:00,53.0,65.30164,0.0,0.027559055,0.027559055,9.660629,Moderate drizzle
3175,2023-09-11 07:00:00+00:00,1.0,60.981644,0.0,0.0,0.0,12.877817,Mainly clear
3176,2023-09-12 07:00:00+00:00,51.0,63.0779,0.0,0.023622047,0.023622047,11.428422,Light drizzle
3177,2023-09-13 07:00:00+00:00,3.0,66.64415,0.0,0.0,0.0,11.965337,Overcast
3178,2023-09-14 07:00:00+00:00,51.0,67.41665,0.0,0.003937008,0.003937008,12.687951,Light drizzle
3179,2023-09-15 07:00:00+00:00,63.0,63.407898,0.0,0.6732283,0.6732283,13.030404,Moderate rain
3180,2023-09-16 07:00:00+00:00,63.0,63.917892,0.0,0.18110237,0.18110237,20.895304,Moderate rain
3181,2023-09-17 07:00:00+00:00,51.0,62.582905,0.0,0.01968504,0.01968504,15.029577,Light drizzle
3182,2023-09-18 07:00:00+00:00,3.0,59.46665,0.0,0.0,0.0,13.401479,Overcast
3183,2023-09-19 07:00:00+00:00,3.0,56.59415,0.0,0.0,0.0,7.2590566,Overcast
3184,2023-09-20 07:00:00+00:00,3.0,59.8529,0.0,0.0,0.0,11.504793,Overcast
3185,2023-09-21 07:00:00+00:00,3.0,61.68289,0.0,0.0,0.0,12.50521,Overcast
3186,2023-09-22 07:00:00+00:00,3.0,62.939148,0.0,0.0,0.0,14.506043,Overcast
3187,2023-09-23 07:00:00+00:00,61.0,58.544147,0.0,0.29133856,0.29133856,13.6676855,Slight rain
3188,2023-09-24 07:00:00+00:00,51.0,56.4404,0.0,0.027559057,0.027559057,9.681327,Light drizzle
3189,2023-09-25 07:00:00+00:00,3.0,61.026646,0.0,0.0,0.0,8.959178,Overcast
3190,2023-09-26 07:00:00+00:00,3.0,59.159153,0.0,0.0,0.0,12.088083,Overcast
3191,2023-09-27 07:00:00+00:00,3.0,54.396652,0.0,0.0,0.0,7.395645,Overcast
3192,2023-09-28 07:00:00+00:00,53.0,56.245403,0.0,0.03543307,0.03543307,13.835081,Moderate drizzle
3193,2023-09-29 07:00:00+00:00,0.0,51.2654,0.0,0.0,0.0,14.436886,Clear sky
3194,2023-09-30 07:00:00+00:00,3.0,51.8429,0.0,0.0,0.0,9.105991,Overcast
3195,2023-10-01 07:00:00+00:00,3.0,56.522903,0.0,0.0,0.0,11.728794,Overcast
3196,2023-10-02 07:00:00+00:00,3.0,52.13915,0.0,0.0,0.0,8.441526,Overcast
3197,2023-10-03 07:00:00+00:00,3.0,54.91415,0.0,0.0,0.0,12.51521,Overcast
3198,2023-10-04 07:00:00+00:00,3.0,50.879147,0.0,0.0,0.0,12.32788,Overcast
3199,2023-10-05 07:00:00+00:00,3.0,52.15415,0.0,0.0,0.0,12.408799,Overcast
3200,2023-10-06 07:00:00+00:00,51.0,51.0629,0.0,0.015748031,0.015748031,14.236181,Light drizzle
3201,2023-10-07 07:00:00+00:00,63.0,46.667904,0.0,0.33858263,0.33858263,12.664266,Moderate rain
3202,2023-10-08 07:00:00+00:00,3.0,46.2854,0.0,0.0,0.0,10.321762,Overcast
3203,2023-10-09 07:00:00+00:00,3.0,49.862904,0.0,0.0,0.0,10.73993,Overcast
3204,2023-10-10 07:00:00+00:00,51.0,51.205402,0.0,0.007874016,0.007874016,14.052206,Light drizzle
3205,2023-10-11 07:00:00+00:00,61.0,52.589146,0.0,0.28740156,0.28740156,11.240786,Slight rain
3206,2023-10-12 07:00:00+00:00,55.0,49.4354,0.0,0.06692913,0.06692913,7.1618943,Dense drizzle
3207,2023-10-13 07:00:00+00:00,0.0,47.234142,0.0,0.0,0.0,9.642482,Clear sky
3208,2023-10-14 07:00:00+00:00,0.0,52.154144,0.0,0.0,0.0,13.068753,Clear sky
3209,2023-10-15 07:00:00+00:00,1.0,51.951645,0.0,0.0,0.0,9.50396,Mainly clear
3210,2023-10-16 07:00:00+00:00,51.0,55.431652,0.0,0.015748031,0.015748031,10.749245,Light drizzle
3211,2023-10-17 07:00:00+00:00,61.0,47.702908,0.0,0.27559054,0.27559054,8.7243,Slight rain
3212,2023-10-18 07:00:00+00:00,3.0,46.1879,0.0,0.0,0.0,12.108764,Overcast
3213,2023-10-19 07:00:00+00:00,1.0,41.177906,0.0,0.0,0.0,14.100199,Mainly clear
3214,2023-10-20 07:00:00+00:00,0.0,41.38415,0.0,0.0,0.0,8.408858,Clear sky
3215,2023-10-21 07:00:00+00:00,1.0,45.152897,0.0,0.0,0.0,10.774819,Mainly clear
3216,2023-10-22 07:00:00+00:00,3.0,49.011654,0.0,0.0,0.0,11.872971,Overcast
3217,2023-10-23 07:00:00+00:00,0.0,48.557896,0.0,0.0,0.0,10.473366,Clear sky
3218,2023-10-24 07:00:00+00:00,3.0,50.901657,0.0,0.0,0.0,11.677483,Overcast
3219,2023-10-25 07:00:00+00:00,0.0,48.13415,0.0,0.0,0.0,13.302158,Clear sky
3220,2023-10-26 07:00:00+00:00,0.0,48.0479,0.0,0.0,0.0,9.490787,Clear sky
3221,2023-10-27 07:00:00+00:00,1.0,53.40665,0.0,0.0,0.0,11.205114,Mainly clear
3222,2023-10-28 07:00:00+00:00,3.0,52.13165,0.0,0.0,0.0,10.049087,Overcast
3223,2023-10-29 07:00:00+00:00,3.0,49.281647,0.0,0.0,0.0,14.718371,Overcast
3224,2023-10-30 07:00:00+00:00,3.0,55.11665,0.0,0.0,0.0,14.872266,Overcast
3225,2023-10-31 07:00:00+00:00,3.0,54.09289,0.0,0.0,0.0,13.607141,Overcast
3226,2023-11-01 07:00:00+00:00,3.0,55.28915,0.0,0.0,0.0,21.51245,Overcast
3227,2023-11-02 07:00:00+00:00,3.0,43.2479,0.0,0.0,0.0,20.658062,Overcast
3228,2023-11-03 07:00:00+00:00,3.0,45.745396,0.0,0.0,0.0,20.504885,Overcast
3229,2023-11-04 07:00:00+00:00,73.0,42.1754,0.38582677,0.08267716,0.027559055,17.908579,Moderate snow fall
3230,2023-11-05 07:00:00+00:00,3.0,26.789154,0.0,0.0,0.0,19.973291,Overcast
3231,2023-11-06 07:00:00+00:00,3.0,32.6804,0.0,0.0,0.0,15.201728,Overcast
3232,2023-11-07 07:00:00+00:00,3.0,35.020397,0.0,0.0,0.0,18.796124,Overcast
3233,2023-11-08 07:00:00+00:00,0.0,25.431648,0.0,0.0,0.0,22.5937,Clear sky
3234,2023-11-09 07:00:00+00:00,3.0,22.2254,0.0,0.0,0.0,9.36606,Overcast
3235,2023-11-10 07:00:00+00:00,3.0,21.94415,0.0,0.0,0.0,9.986646,Overcast
3236,2023-11-11 07:00:00+00:00,0.0,20.17415,0.0,0.0,0.0,7.3583355,Clear sky
3237,2023-11-12 07:00:00+00:00,3.0,23.9204,0.0,0.0,0.0,6.0233064,Overcast
3238,2023-11-13 07:00:00+00:00,3.0,27.216652,0.0,0.0,0.0,7.2865787,Overcast
3239,2023-11-14 07:00:00+00:00,71.0,31.3154,0.027559055,0.003937008,0.0,17.054098,Slight snow fall
3240,2023-11-15 07:00:00+00:00,3.0,27.835402,0.0,0.0,0.0,19.697035,Overcast
3241,2023-11-16 07:00:00+00:00,1.0,27.516647,0.0,0.0,0.0,19.899244,Mainly clear
3242,2023-11-17 07:00:00+00:00,0.0,31.926645,0.0,0.0,0.0,13.950345,Clear sky
3243,2023-11-18 07:00:00+00:00,0.0,32.3279,0.0,0.0,0.0,14.436886,Clear sky
3244,2023-11-19 07:00:00+00:00,3.0,35.770397,0.0,0.0,0.0,12.170596,Overcast
3245,2023-11-20 07:00:00+00:00,3.0,36.69665,0.0,0.0,0.0,10.4278755,Overcast
3246,2023-11-21 07:00:00+00:00,3.0,35.06165,0.0,0.0,0.0,19.015816,Overcast
3247,2023-11-22 07:00:00+00:00,3.0,18.3104,0.0,0.0,0.0,22.44147,Overcast
3248,2023-11-23 07:00:00+00:00,0.0,13.900401,0.0,0.0,0.0,7.5959244,Clear sky
3249,2023-11-24 07:00:00+00:00,3.0,26.819147,0.0,0.0,0.0,17.768316,Overcast
3250,2023-11-25 07:00:00+00:00,3.0,27.629152,0.0,0.0,0.0,17.817532,Overcast
3251,2023-11-26 07:00:00+00:00,71.0,29.305399,0.027559055,0.003937008,0.0,20.193804,Slight snow fall
3252,2023-11-27 07:00:00+00:00,3.0,21.77165,0.0,0.0,0.0,19.149555,Overcast
3253,2023-11-28 07:00:00+00:00,3.0,13.536651,0.0,0.0,0.0,15.887425,Overcast
3254,2023-11-29 07:00:00+00:00,0.0,14.8529005,0.0,0.0,0.0,13.52044,Clear sky
3255,2023-11-30 07:00:00+00:00,1.0,16.615398,0.0,0.0,0.0,14.624575,Mainly clear
3256,2023-12-01 07:00:00+00:00,0.0,21.18665,0.0,0.0,0.0,10.551908,Clear sky
3257,2023-12-02 07:00:00+00:00,3.0,25.112902,0.0,0.0,0.0,14.583455,Overcast
3258,2023-12-03 07:00:00+00:00,3.0,29.710398,0.0,0.0,0.0,13.108896,Overcast
3259,2023-12-04 07:00:00+00:00,3.0,32.159153,0.0,0.0,0.0,19.494013,Overcast
3260,2023-12-05 07:00:00+00:00,3.0,28.180399,0.0,0.0,0.0,20.361616,Overcast
3261,2023-12-06 07:00:00+00:00,0.0,34.176647,0.0,0.0,0.0,17.471529,Clear sky
3262,2023-12-07 07:00:00+00:00,3.0,39.6479,0.0,0.0,0.0,16.331633,Overcast
3263,2023-12-08 07:00:00+00:00,3.0,34.60415,0.0,0.0,0.0,15.627011,Overcast
3264,2023-12-09 07:00:00+00:00,3.0,33.010403,0.0,0.0,0.0,16.05817,Overcast
3265,2023-12-10 07:00:00+00:00,73.0,31.052902,1.0472442,0.1574803,0.007874016,11.584982,Moderate snow fall
3266,2023-12-11 07:00:00+00:00,3.0,27.936651,0.0,0.0,0.0,10.611022,Overcast
3267,2023-12-12 07:00:00+00:00,73.0,29.455404,0.4685039,0.074803144,0.007874016,11.677483,Moderate snow fall
3268,2023-12-13 07:00:00+00:00,73.0,28.3529,0.9370079,0.1496063,0.015748031,14.716671,Moderate snow fall
3269,2023-12-14 07:00:00+00:00,73.0,8.759149,1.1850393,0.16929132,0.0,14.813265,Moderate snow fall
3270,2023-12-15 07:00:00+00:00,3.0,-1.7896013,0.0,0.0,0.0,14.786215,Overcast
3271,2023-12-16 07:00:00+00:00,1.0,0.81664824,0.0,0.0,0.0,15.2707,Mainly clear
3272,2023-12-17 07:00:00+00:00,3.0,6.1378994,0.0,0.0,0.0,11.677483,Overcast
3273,2023-12-18 07:00:00+00:00,1.0,2.8416488,0.0,0.0,0.0,16.405006,Mainly clear
3274,2023-12-19 07:00:00+00:00,2.0,-4.5871024,0.0,0.0,0.0,12.752862,Partly cloudy
3275,2023-12-20 07:00:00+00:00,3.0,-7.812102,0.0,0.0,0.0,12.8135395,Overcast
3276,2023-12-21 07:00:00+00:00,3.0,-4.365852,0.0,0.0,0.0,7.37871,Overcast
3277,2023-12-22 07:00:00+00:00,71.0,0.512898,0.027559055,0.003937008,0.0,8.204027,Slight snow fall
3278,2023-12-23 07:00:00+00:00,1.0,2.0691488,0.0,0.0,0.0,10.933873,Mainly clear
3279,2023-12-24 07:00:00+00:00,0.0,10.701653,0.0,0.0,0.0,10.20229,Clear sky
3280,2023-12-25 07:00:00+00:00,3.0,16.9079,0.0,0.0,0.0,7.63535,Overcast
3281,2023-12-26 07:00:00+00:00,3.0,14.571649,0.0,0.0,0.0,6.203391,Overcast
3282,2023-12-27 07:00:00+00:00,1.0,15.996648,0.0,0.0,0.0,5.884628,Mainly clear
3283,2023-12-28 07:00:00+00:00,71.0,17.76665,0.027559055,0.003937008,0.0,9.408707,Slight snow fall
3284,2023-12-29 07:00:00+00:00,71.0,20.2454,0.05511811,0.007874016,0.0,12.986166,Slight snow fall
3285,2023-12-30 07:00:00+00:00,3.0,16.784151,0.0,0.0,0.0,14.10907,Overcast
3286,2023-12-31 07:00:00+00:00,3.0,17.5454,0.0,0.0,0.0,10.31206,Overcast
3287,2024-01-01 07:00:00+00:00,3.0,18.970396,0.0,0.0,0.0,12.046613,Overcast
3288,2024-01-02 07:00:00+00:00,0.0,17.9429,0.0,0.0,0.0,13.20588,Clear sky
3289,2024-01-03 07:00:00+00:00,1.0,22.270401,0.0,0.0,0.0,15.206665,Mainly clear
3290,2024-01-04 07:00:00+00:00,1.0,18.295399,0.0,0.0,0.0,14.121478,Mainly clear
3291,2024-01-05 07:00:00+00:00,0.0,11.740399,0.0,0.0,0.0,12.624689,Clear sky
3292,2024-01-06 07:00:00+00:00,0.0,7.319149,0.0,0.0,0.0,6.814594,Clear sky
3293,2024-01-07 07:00:00+00:00,3.0,16.8179,0.0,0.0,0.0,9.003752,Overcast
3294,2024-01-08 07:00:00+00:00,71.0,17.609152,0.11023622,0.015748031,0.0,9.083983,Slight snow fall
3295,2024-01-09 07:00:00+00:00,0.0,15.854149,0.0,0.0,0.0,13.618168,Clear sky
3296,2024-01-10 07:00:00+00:00,0.0,23.395401,0.0,0.0,0.0,12.974599,Clear sky
3297,2024-01-11 07:00:00+00:00,2.0,23.830399,0.0,0.0,0.0,7.8135056,Partly cloudy
3298,2024-01-12 07:00:00+00:00,3.0,26.661646,0.0,0.0,0.0,12.26276,Overcast
3299,2024-01-13 07:00:00+00:00,3.0,17.53415,0.0,0.0,0.0,17.248125,Overcast
3300,2024-01-14 07:00:00+00:00,0.0,14.500401,0.0,0.0,0.0,6.299449,Clear sky
3301,2024-01-15 07:00:00+00:00,3.0,21.5429,0.0,0.0,0.0,7.2590566,Overcast
3302,2024-01-16 07:00:00+00:00,73.0,24.992897,0.3582677,0.0511811,0.0,5.7032533,Moderate snow fall
3303,2024-01-17 07:00:00+00:00,3.0,25.510399,0.0,0.0,0.0,9.621701,Overcast
3304,2024-01-18 07:00:00+00:00,73.0,28.25915,0.88188976,0.12598425,0.0,13.514887,Moderate snow fall
3305,2024-01-19 07:00:00+00:00,73.0,20.07665,0.7165354,0.10236221,0.0,18.125221,Moderate snow fall
3306,2024-01-20 07:00:00+00:00,3.0,1.5141481,0.0,0.0,0.0,12.521207,Overcast
3307,2024-01-21 07:00:00+00:00,3.0,-1.8346019,0.0,0.0,0.0,10.860399,Overcast
3308,2024-01-22 07:00:00+00:00,0.0,-1.8833514,0.0,0.0,0.0,5.716399,Clear sky
3309,2024-01-23 07:00:00+00:00,3.0,2.2978985,0.0,0.0,0.0,6.6246934,Overcast
3310,2024-01-24 07:00:00+00:00,3.0,4.731649,0.0,0.0,0.0,9.517114,Overcast
3311,2024-01-25 07:00:00+00:00,0.0,6.7266483,0.0,0.0,0.0,9.461742,Clear sky
3312,2024-01-26 07:00:00+00:00,2.0,7.382899,0.0,0.0,0.0,7.5031257,Partly cloudy
3313,2024-01-27 07:00:00+00:00,1.0,10.907902,0.0,0.0,0.0,7.4663534,Mainly clear
3314,2024-01-28 07:00:00+00:00,0.0,16.611652,0.0,0.0,0.0,6.9093976,Clear sky
3315,2024-01-29 07:00:00+00:00,3.0,23.9354,0.0,0.0,0.0,13.653032,Overcast
3316,2024-01-30 07:00:00+00:00,3.0,20.451649,0.0,0.0,0.0,11.845542,Overcast
3317,2024-01-31 07:00:00+00:00,71.0,19.7429,0.05511811,0.007874016,0.0,15.087731,Slight snow fall
3318,2024-02-01 07:00:00+00:00,71.0,24.194153,0.027559055,0.003937008,0.0,5.9058495,Slight snow fall
3319,2024-02-02 07:00:00+00:00,3.0,23.155401,0.0,0.0,0.0,9.564319,Overcast
3320,2024-02-03 07:00:00+00:00,73.0,24.044153,0.3031496,0.04330709,0.0,13.015034,Moderate snow fall
3321,2024-02-04 07:00:00+00:00,71.0,24.636652,0.523622,0.074803144,0.0,12.547157,Slight snow fall
3322,2024-02-05 07:00:00+00:00,3.0,16.742899,0.0,0.0,0.0,12.108764,Overcast
3323,2024-02-06 07:00:00+00:00,3.0,12.89915,0.0,0.0,0.0,7.37871,Overcast
3324,2024-02-07 07:00:00+00:00,3.0,16.23665,0.0,0.0,0.0,7.8582087,Overcast
3325,2024-02-08 07:00:00+00:00,3.0,18.79415,0.0,0.0,0.0,14.402181,Overcast
3326,2024-02-09 07:00:00+00:00,3.0,19.401651,0.0,0.0,0.0,12.592939,Overcast
3327,2024-02-10 07:00:00+00:00,0.0,24.179148,0.0,0.0,0.0,12.758746,Clear sky
3328,2024-02-11 07:00:00+00:00,0.0,32.080402,0.0,0.0,0.0,13.706075,Clear sky
3329,2024-02-12 07:00:00+00:00,2.0,36.857895,0.0,0.0,0.0,13.129875,Partly cloudy
3330,2024-02-13 07:00:00+00:00,3.0,33.5954,0.0,0.0,0.0,11.417469,Overcast
3331,2024-02-14 07:00:00+00:00,3.0,25.754148,0.0,0.0,0.0,12.3035,Overcast
3332,2024-02-15 07:00:00+00:00,3.0,30.68915,0.0,0.0,0.0,21.222044,Overcast
3333,2024-02-16 07:00:00+00:00,3.0,40.02665,0.0,0.0,0.0,19.456757,Overcast
3334,2024-02-17 07:00:00+00:00,73.0,35.612896,0.2480315,0.03543307,0.0,16.331633,Moderate snow fall
3335,2024-02-18 07:00:00+00:00,3.0,20.935404,0.0,0.0,0.0,11.305152,Overcast
3336,2024-02-19 07:00:00+00:00,73.0,19.904152,0.44094488,0.062992126,0.0,18.502302,Moderate snow fall
3337,2024-02-20 07:00:00+00:00,73.0,17.256653,0.99212587,0.14173226,0.0,15.969109,Moderate snow fall
3338,2024-02-21 07:00:00+00:00,71.0,12.186652,0.13779527,0.01968504,0.0,10.292631,Slight snow fall
3339,2024-02-22 07:00:00+00:00,3.0,18.1229,0.0,0.0,0.0,9.650264,Overcast
3340,2024-02-23 07:00:00+00:00,71.0,21.10415,0.08267716,0.011811024,0.0,5.80328,Slight snow fall
3341,2024-02-24 07:00:00+00:00,1.0,21.096651,0.0,0.0,0.0,5.956472,Mainly clear
3342,2024-02-25 07:00:00+00:00,3.0,27.081648,0.0,0.0,0.0,16.331633,Overcast
3343,2024-02-26 07:00:00+00:00,73.0,30.160395,1.2952754,0.18503937,0.0,18.10865,Moderate snow fall
3344,2024-02-27 07:00:00+00:00,3.0,25.517899,0.0,0.0,0.0,14.3168,Overcast
3345,2024-02-28 07:00:00+00:00,3.0,17.965399,0.0,0.0,0.0,12.537183,Overcast
3346,2024-02-29 07:00:00+00:00,0.0,15.3479,0.0,0.0,0.0,17.685038,Clear sky
3347,2024-03-01 07:00:00+00:00,0.0,24.50915,0.0,0.0,0.0,18.348854,Clear sky
3348,2024-03-02 07:00:00+00:00,0.0,28.6679,0.0,0.0,0.0,17.01444,Clear sky
3349,2024-03-03 07:00:00+00:00,3.0,33.700397,0.0,0.0,0.0,9.93641,Overcast
3350,2024-03-04 07:00:00+00:00,73.0,32.290405,0.496063,0.07086614,0.0,12.624689,Moderate snow fall
3351,2024-03-05 07:00:00+00:00,3.0,26.32415,0.0,0.0,0.0,14.650215,Overcast
3352,2024-03-06 07:00:00+00:00,3.0,27.2129,0.0,0.0,0.0,16.205517,Overcast
3353,2024-03-07 07:00:00+00:00,1.0,24.752901,0.0,0.0,0.0,14.227389,Mainly clear
3354,2024-03-08 07:00:00+00:00,0.0,31.795397,0.0,0.0,0.0,8.60591,Clear sky
3355,2024-03-09 07:00:00+00:00,3.0,34.874153,0.0,0.0,0.0,12.537183,Overcast
3356,2024-03-10 07:00:00+00:00,3.0,34.73165,0.0,0.0,0.0,17.248125,Overcast
3357,2024-03-11 07:00:00+00:00,3.0,30.872904,0.0,0.0,0.0,12.945641,Overcast
3358,2024-03-12 07:00:00+00:00,3.0,34.8554,0.0,0.0,0.0,6.9670963,Overcast
3359,2024-03-13 07:00:00+00:00,0.0,39.449154,0.0,0.0,0.0,14.292313,Clear sky
3360,2024-03-14 07:00:00+00:00,3.0,43.720398,0.0,0.0,0.0,15.641413,Overcast
3361,2024-03-15 07:00:00+00:00,61.0,43.652905,0.0,0.20078743,0.20078743,18.749475,Slight rain
3362,2024-03-16 07:00:00+00:00,3.0,34.31165,0.0,0.0,0.0,14.907554,Overcast
3363,2024-03-17 07:00:00+00:00,3.0,38.451645,0.0,0.0,0.0,21.378277,Overcast
3364,2024-03-18 07:00:00+00:00,3.0,32.97665,0.0,0.0,0.0,22.664465,Overcast
3365,2024-03-19 07:00:00+00:00,2.0,34.536648,0.0,0.0,0.0,15.162174,Partly cloudy
3366,2024-03-20 07:00:00+00:00,3.0,43.997906,0.0,0.0,0.0,16.062843,Overcast
3367,2024-03-21 07:00:00+00:00,51.0,42.059155,0.0,0.007874016,0.007874016,15.706862,Light drizzle
3368,2024-03-22 07:00:00+00:00,3.0,47.5229,0.0,0.0,0.0,13.106987,Overcast
3369,2024-03-23 07:00:00+00:00,55.0,45.73415,0.0,0.19685039,0.19685039,11.249686,Dense drizzle
3370,2024-03-24 07:00:00+00:00,53.0,38.432903,0.0,0.04330709,0.04330709,9.223387,Moderate drizzle
3371,2024-03-25 07:00:00+00:00,3.0,47.489147,0.0,0.0,0.0,18.229834,Overcast
3372,2024-03-26 07:00:00+00:00,53.0,51.332897,0.0,0.047244094,0.047244094,22.374474,Moderate drizzle
3373,2024-03-27 07:00:00+00:00,3.0,38.30915,0.0,0.0,0.0,25.120224,Overcast
3374,2024-03-28 07:00:00+00:00,3.0,40.3829,0.0,0.0,0.0,23.223896,Overcast
3375,2024-03-29 07:00:00+00:00,3.0,44.995403,0.0,0.0,0.0,15.461214,Overcast
3376,2024-03-30 07:00:00+00:00,3.0,50.3204,0.0,0.0,0.0,17.226353,Overcast
3377,2024-03-31 07:00:00+00:00,51.0,57.171646,0.0,0.003937008,0.003937008,19.110317,Light drizzle
3378,2024-04-01 07:00:00+00:00,53.0,56.429153,0.0,0.023622047,0.023622047,18.776148,Moderate drizzle
3379,2024-04-02 07:00:00+00:00,51.0,50.897907,0.0,0.023622047,0.023622047,12.737158,Light drizzle
3380,2024-04-03 07:00:00+00:00,51.0,50.05415,0.0,0.03543307,0.03543307,13.907232,Light drizzle
3381,2024-04-04 07:00:00+00:00,3.0,46.409153,0.0,0.0,0.0,15.226397,Overcast
3382,2024-04-05 07:00:00+00:00,3.0,51.37415,0.0,0.0,0.0,9.017635,Overcast
3383,2024-04-06 07:00:00+00:00,3.0,52.330395,0.0,0.0,0.0,9.517114,Overcast
3384,2024-04-07 07:00:00+00:00,51.0,55.13165,0.0,0.003937008,0.003937008,16.500813,Light drizzle
3385,2024-04-08 07:00:00+00:00,51.0,54.77915,0.0,0.023622047,0.023622047,18.793463,Light drizzle
3386,2024-04-09 07:00:00+00:00,3.0,58.075405,0.0,0.0,0.0,19.035543,Overcast
3387,2024-04-10 07:00:00+00:00,51.0,58.581654,0.0,0.003937008,0.003937008,18.35567,Light drizzle
3388,2024-04-11 07:00:00+00:00,2.0,62.864147,0.0,0.0,0.0,22.031895,Partly cloudy
3389,2024-04-12 07:00:00+00:00,53.0,60.557903,0.0,0.05905512,0.05905512,15.423948,Moderate drizzle
3390,2024-04-13 07:00:00+00:00,63.0,54.295395,0.0,0.57086617,0.57086617,20.409483,Moderate rain
3391,2024-04-14 07:00:00+00:00,0.0,47.11415,0.0,0.0,0.0,16.427868,Clear sky
3392,2024-04-15 07:00:00+00:00,3.0,47.162903,0.0,0.0,0.0,8.313096,Overcast
3393,2024-04-16 07:00:00+00:00,1.0,54.1004,0.0,0.0,0.0,7.074015,Mainly clear
3394,2024-04-17 07:00:00+00:00,3.0,61.19166,0.0,0.0,0.0,15.5113,Overcast
3395,2024-04-18 07:00:00+00:00,51.0,61.390396,0.0,0.023622049,0.023622049,15.107619,Light drizzle
3396,2024-04-19 07:00:00+00:00,55.0,44.271652,0.0,0.12204724,0.12204724,11.03637,Dense drizzle
3397,2024-04-20 07:00:00+00:00,0.0,51.92165,0.0,0.0,0.0,15.480621,Clear sky
3398,2024-04-21 07:00:00+00:00,51.0,55.244144,0.0,0.007874016,0.007874016,16.69977,Light drizzle
3399,2024-04-22 07:00:00+00:00,3.0,47.07665,0.0,0.0,0.0,23.721695,Overcast
3400,2024-04-23 07:00:00+00:00,0.0,54.629147,0.0,0.0,0.0,16.937798,Clear sky
3401,2024-04-24 07:00:00+00:00,3.0,63.512894,0.0,0.0,0.0,17.259727,Overcast
3402,2024-04-25 07:00:00+00:00,51.0,65.2454,0.0,0.015748031,0.015748031,19.49145,Light drizzle
3403,2024-04-26 07:00:00+00:00,51.0,58.322906,0.0,0.0118110245,0.0118110245,15.002917,Light drizzle
3404,2024-04-27 07:00:00+00:00,65.0,59.759155,0.0,1.2086616,1.2086616,14.927681,Heavy rain
3405,2024-04-28 07:00:00+00:00,61.0,51.64414,0.0,0.37401575,0.37401575,15.441782,Slight rain
3406,2024-04-29 07:00:00+00:00,3.0,46.814148,0.0,0.0,0.0,15.566049,Overcast
3407,2024-04-30 07:00:00+00:00,3.0,50.406647,0.0,0.0,0.0,8.634936,Overcast
3408,2024-05-01 07:00:00+00:00,3.0,54.21665,0.0,0.0,0.0,7.7814164,Overcast
3409,2024-05-02 07:00:00+00:00,3.0,58.866657,0.0,0.0,0.0,11.258579,Overcast
3410,2024-05-03 07:00:00+00:00,3.0,58.48415,0.0,0.0,0.0,14.872265,Overcast
3411,2024-05-04 07:00:00+00:00,51.0,55.821644,0.0,0.003937008,0.003937008,9.23965,Light drizzle
3412,2024-05-05 07:00:00+00:00,53.0,56.7854,0.0,0.03543307,0.03543307,10.927006,Moderate drizzle
3413,2024-05-06 07:00:00+00:00,2.0,59.511646,0.0,0.0,0.0,13.662192,Partly cloudy
3414,2024-05-07 07:00:00+00:00,1.0,63.981647,0.0,0.0,0.0,7.409166,Mainly clear
3415,2024-05-08 07:00:00+00:00,3.0,68.67664,0.0,0.0,0.0,17.954624,Overcast
3416,2024-05-09 07:00:00+00:00,61.0,67.67539,0.0,0.12598425,0.12598425,19.681786,Slight rain
3417,2024-05-10 07:00:00+00:00,3.0,53.879147,0.0,0.0,0.0,22.366644,Overcast
3418,2024-05-11 07:00:00+00:00,3.0,55.7429,0.0,0.0,0.0,16.71774,Overcast
3419,2024-05-12 07:00:00+00:00,3.0,62.39915,0.0,0.0,0.0,13.032325,Overcast
3420,2024-05-13 07:00:00+00:00,3.0,68.05791,0.0,0.0,0.0,22.060268,Overcast
3421,2024-05-14 07:00:00+00:00,3.0,54.7079,0.0,0.0,0.0,26.81789,Overcast
3422,2024-05-15 07:00:00+00:00,3.0,64.982895,0.0,0.0,0.0,16.0379,Overcast
3423,2024-05-16 07:00:00+00:00,1.0,72.53914,0.0,0.0,0.0,19.067062,Mainly clear
3424,2024-05-17 07:00:00+00:00,3.0,78.584145,0.0,0.0,0.0,16.45374,Overcast
3425,2024-05-18 07:00:00+00:00,51.0,76.18039,0.0,0.007874016,0.007874016,17.862413,Light drizzle
3426,2024-05-19 07:00:00+00:00,1.0,71.5229,0.0,0.0,0.0,16.838533,Mainly clear
3427,2024-05-20 07:00:00+00:00,51.0,75.4304,0.0,0.003937008,0.003937008,16.977636,Light drizzle
3428,2024-05-21 07:00:00+00:00,3.0,77.89415,0.0,0.0,0.0,15.622206,Overcast
3429,2024-05-22 07:00:00+00:00,3.0,78.67416,0.0,0.0,0.0,14.806506,Overcast
3430,2024-05-23 07:00:00+00:00,51.0,77.286644,0.0,0.007874016,0.007874016,14.583455,Light drizzle
3431,2024-05-24 07:00:00+00:00,63.0,65.30915,0.0,0.9094488,0.9094488,16.14674,Moderate rain
3432,2024-05-25 07:00:00+00:00,3.0,62.41415,0.0,0.0,0.0,14.974539,Overcast
3433,2024-05-26 07:00:00+00:00,2.0,61.611652,0.0,0.0,0.0,10.31206,Partly cloudy
3434,2024-05-27 07:00:00+00:00,3.0,65.69539,0.0,0.0,0.0,12.521207,Overcast
3435,2024-05-28 07:00:00+00:00,55.0,68.51165,0.0,0.21259844,0.21259844,17.514439,Dense drizzle
3436,2024-05-29 07:00:00+00:00,51.0,61.589153,0.0,0.027559055,0.027559055,14.360424,Light drizzle
3437,2024-05-30 07:00:00+00:00,3.0,63.38165,0.0,0.0,0.0,16.408056,Overcast
3438,2024-05-31 07:00:00+00:00,3.0,65.17416,0.0,0.0,0.0,10.485304,Overcast
3439,2024-06-01 07:00:00+00:00,51.0,71.3129,0.0,0.023622047,0.023622047,21.740372,Light drizzle
3440,2024-06-02 07:00:00+00:00,51.0,68.36165,0.0,0.01968504,0.01968504,13.836889,Light drizzle
3441,2024-06-03 07:00:00+00:00,61.0,68.14414,0.0,0.13385826,0.13385826,15.951864,Slight rain
3442,2024-06-04 07:00:00+00:00,61.0,59.94665,0.0,0.27952752,0.27952752,13.871204,Slight rain
3443,2024-06-05 07:00:00+00:00,3.0,63.15665,0.0,0.0,0.0,10.292631,Overcast
3444,2024-06-06 07:00:00+00:00,63.0,60.576645,0.0,1.0236219,1.0236219,9.017635,Moderate rain
3445,2024-06-07 07:00:00+00:00,61.0,66.16415,0.0,0.062992126,0.062992126,11.4087,Slight rain
3446,2024-06-08 07:00:00+00:00,3.0,70.42415,0.0,0.0,0.0,7.8582087,Overcast
3447,2024-06-09 07:00:00+00:00,51.0,70.960396,0.0,0.01968504,0.01968504,17.02767,Light drizzle
3448,2024-06-10 07:00:00+00:00,51.0,74.32414,0.0,0.003937008,0.003937008,16.014482,Light drizzle
3449,2024-06-11 07:00:00+00:00,3.0,74.061646,0.0,0.0,0.0,17.007086,Overcast
3450,2024-06-12 07:00:00+00:00,3.0,75.40415,0.0,0.0,0.0,12.211643,Overcast
3451,2024-06-13 07:00:00+00:00,3.0,71.20039,0.0,0.0,0.0,14.679221,Overcast
3452,2024-06-14 07:00:00+00:00,3.0,68.29414,0.0,0.0,0.0,13.957519,Overcast
3453,2024-06-15 07:00:00+00:00,3.0,71.54914,0.0,0.0,0.0,9.845342,Overcast
3454,2024-06-16 07:00:00+00:00,3.0,72.9554,0.0,0.0,0.0,10.088845,Overcast
3455,2024-06-17 07:00:00+00:00,3.0,77.66914,0.0,0.0,0.0,13.228598,Overcast
3456,2024-06-18 07:00:00+00:00,63.0,71.4104,0.0,0.114173226,0.114173226,16.311703,Moderate rain
3457,2024-06-19 07:00:00+00:00,51.0,72.37415,0.0,0.011811024,0.011811024,9.517114,Light drizzle
3458,2024-06-20 07:00:00+00:00,63.0,68.9129,0.0,0.8228345,0.8228345,13.952138,Moderate rain
3459,2024-06-21 07:00:00+00:00,0.0,65.6054,0.0,0.0,0.0,21.393486,Clear sky
3460,2024-06-22 07:00:00+00:00,3.0,62.759155,0.0,0.0,0.0,22.91151,Overcast
3461,2024-06-23 07:00:00+00:00,3.0,62.1404,0.0,0.0,0.0,17.130222,Overcast
3462,2024-06-24 07:00:00+00:00,3.0,66.599144,0.0,0.0,0.0,10.830407,Overcast
3463,2024-06-25 07:00:00+00:00,53.0,71.89791,0.0,0.03543307,0.03543307,17.411278,Moderate drizzle
3464,2024-06-26 07:00:00+00:00,65.0,69.76415,0.0,0.3543307,0.3543307,13.662192,Heavy rain
3465,2024-06-27 07:00:00+00:00,3.0,77.8304,0.0,0.0,0.0,15.787896,Overcast
3466,2024-06-28 07:00:00+00:00,53.0,73.34166,0.0,0.023622049,0.023622049,15.698895,Moderate drizzle
3467,2024-06-29 07:00:00+00:00,3.0,71.834145,0.0,0.0,0.0,10.997762,Overcast
3468,2024-06-30 07:00:00+00:00,3.0,70.6229,0.0,0.0,0.0,12.805726,Overcast
3469,2024-07-01 07:00:00+00:00,61.0,70.7804,0.0,0.11023622,0.11023622,15.226396,Slight rain
3470,2024-07-02 07:00:00+00:00,63.0,67.8554,0.0,0.3582677,0.3582677,10.523415,Moderate rain
3471,2024-07-03 07:00:00+00:00,51.0,71.21165,0.0,0.023622047,0.023622047,13.459232,Light drizzle
3472,2024-07-04 07:00:00+00:00,61.0,71.87165,0.0,0.22440945,0.22440945,11.42623,Slight rain
3473,2024-07-05 07:00:00+00:00,55.0,65.920395,0.0,0.09055118,0.09055118,6.3979764,Dense drizzle
3474,2024-07-06 07:00:00+00:00,51.0,70.8179,0.0,0.015748031,0.015748031,10.573226,Light drizzle
3475,2024-07-07 07:00:00+00:00,51.0,68.4704,0.0,0.007874016,0.007874016,7.9089894,Light drizzle
3476,2024-07-08 07:00:00+00:00,51.0,74.2529,0.0,0.003937008,0.003937008,13.514888,Light drizzle
3477,2024-07-09 07:00:00+00:00,63.0,70.0679,0.0,0.23228346,0.23228346,7.9342575,Moderate rain
3478,2024-07-10 07:00:00+00:00,51.0,75.4979,0.0,0.031496063,0.031496063,9.212529,Light drizzle
3479,2024-07-11 07:00:00+00:00,55.0,72.11915,0.0,0.08267717,0.08267717,9.028728,Dense drizzle
3480,2024-07-12 07:00:00+00:00,2.0,73.17666,0.0,0.0,0.0,9.804596,Partly cloudy
3481,2024-07-13 07:00:00+00:00,3.0,77.01289,0.0,0.0,0.0,13.818795,Overcast
3482,2024-07-14 07:00:00+00:00,61.0,75.98916,0.0,0.13385826,0.13385826,15.014586,Slight rain
3483,2024-07-15 07:00:00+00:00,63.0,68.78541,0.0,0.3503937,0.3503937,14.806506,Moderate rain
3484,2024-07-16 07:00:00+00:00,3.0,70.30791,0.0,0.0,0.0,10.485304,Overcast
3485,2024-07-17 07:00:00+00:00,1.0,75.797905,0.0,0.0,0.0,5.7032533,Mainly clear
3486,2024-07-18 07:00:00+00:00,3.0,78.29915,0.0,0.0,0.0,9.1717,Overcast
3487,2024-07-19 07:00:00+00:00,61.0,73.6829,0.0,0.07480315,0.07480315,14.407392,Slight rain
3488,2024-07-20 07:00:00+00:00,51.0,80.530396,0.0,0.023622047,0.023622047,18.825388,Light drizzle
3489,2024-07-21 07:00:00+00:00,51.0,79.61915,0.0,0.015748031,0.015748031,10.046596,Light drizzle
3490,2024-07-22 07:00:00+00:00,3.0,81.6254,0.0,0.0,0.0,11.220735,Overcast
3491,2024-07-23 07:00:00+00:00,63.0,78.66664,0.0,0.3858268,0.3858268,12.51521,Moderate rain
3492,2024-07-24 07:00:00+00:00,61.0,69.4154,0.0,0.18897638,0.18897638,8.608818,Slight rain
3493,2024-07-25 07:00:00+00:00,1.0,72.98539,0.0,0.0,0.0,8.998192,Mainly clear
3494,2024-07-26 07:00:00+00:00,3.0,76.701645,0.0,0.0,0.0,9.928854,Overcast
3495,2024-07-27 07:00:00+00:00,3.0,78.17164,0.0,0.0,0.0,11.813817,Overcast
3496,2024-07-28 07:00:00+00:00,51.0,78.220406,0.0,0.007874016,0.007874016,11.4087,Light drizzle
3497,2024-07-29 07:00:00+00:00,61.0,71.83789,0.0,0.6141732,0.6141732,8.003335,Slight rain
3498,2024-07-30 07:00:00+00:00,63.0,68.4104,0.0,0.35433066,0.35433066,8.003335,Moderate rain
3499,2024-07-31 07:00:00+00:00,51.0,70.76165,0.0,0.011811024,0.011811024,8.204028,Light drizzle
3500,2024-08-01 07:00:00+00:00,51.0,74.83415,0.0,0.007874016,0.007874016,7.409166,Light drizzle
3501,2024-08-02 07:00:00+00:00,65.0,71.372894,0.0,1.7204723,1.7204723,7.9437127,Heavy rain
3502,2024-08-03 07:00:00+00:00,51.0,69.6704,0.0,0.04724409,0.04724409,9.619101,Light drizzle
3503,2024-08-04 07:00:00+00:00,63.0,67.6829,0.0,0.122047246,0.122047246,15.846425,Moderate rain
3504,2024-08-05 07:00:00+00:00,3.0,71.1404,0.0,0.0,0.0,6.023307,Overcast
3505,2024-08-06 07:00:00+00:00,51.0,72.67791,0.0,0.007874016,0.007874016,11.548208,Light drizzle
3506,2024-08-07 07:00:00+00:00,51.0,72.8729,0.0,0.01968504,0.01968504,12.305533,Light drizzle
3507,2024-08-08 07:00:00+00:00,63.0,73.77665,0.0,1.011811,1.011811,22.681017,Moderate rain
3508,2024-08-09 07:00:00+00:00,51.0,69.764145,0.0,0.011811024,0.011811024,22.736109,Light drizzle
3509,2024-08-10 07:00:00+00:00,51.0,66.6104,0.0,0.03543307,0.03543307,21.052774,Light drizzle
3510,2024-08-11 07:00:00+00:00,51.0,66.842896,0.0,0.03543307,0.03543307,14.54222,Light drizzle
3511,2024-08-12 07:00:00+00:00,51.0,66.3404,0.0,0.01968504,0.01968504,12.046614,Light drizzle
3512,2024-08-13 07:00:00+00:00,51.0,68.5154,0.0,0.015748031,0.015748031,9.875792,Light drizzle
3513,2024-08-14 07:00:00+00:00,51.0,69.411644,0.0,0.011811024,0.011811024,7.519781,Light drizzle
3514,2024-08-15 07:00:00+00:00,51.0,71.6954,0.0,0.011811024,0.011811024,15.504847,Light drizzle
3515,2024-08-16 07:00:00+00:00,63.0,67.1954,0.0,0.62992126,0.62992126,10.970427,Moderate rain
3516,2024-08-17 07:00:00+00:00,55.0,66.71165,0.0,0.09842519,0.09842519,10.473366,Dense drizzle
3517,2024-08-18 07:00:00+00:00,53.0,66.00289,0.0,0.03543307,0.03543307,7.2831445,Moderate drizzle
3518,2024-08-19 07:00:00+00:00,63.0,66.8279,0.0,0.22834645,0.22834645,9.26939,Moderate rain
3519,2024-08-20 07:00:00+00:00,2.0,67.1054,0.0,0.0,0.0,8.01895,Partly cloudy
3520,2024-08-21 07:00:00+00:00,3.0,70.360405,0.0,0.0,0.0,8.322121,Overcast
3521,2024-08-22 07:00:00+00:00,3.0,73.47289,0.0,0.0,0.0,7.063396,Overcast
3522,2024-08-23 07:00:00+00:00,3.0,74.9954,0.0,0.0,0.0,7.44622,Overcast
3523,2024-08-24 07:00:00+00:00,63.0,71.84915,0.0,0.4055118,0.4055118,16.070631,Moderate rain
3524,2024-08-25 07:00:00+00:00,65.0,64.397896,0.0,2.1141734,2.1141734,17.23071,Heavy rain
3525,2024-08-26 07:00:00+00:00,3.0,64.93416,0.0,0.0,0.0,15.280527,Overcast
3526,2024-08-27 07:00:00+00:00,3.0,66.98164,0.0,0.0,0.0,7.791057,Overcast
3527,2024-08-28 07:00:00+00:00,1.0,68.32039,0.0,0.0,0.0,8.252681,Mainly clear
3528,2024-08-29 07:00:00+00:00,2.0,71.33915,0.0,0.0,0.0,11.285216,Partly cloudy
3529,2024-08-30 07:00:00+00:00,51.0,75.3404,0.0,0.007874016,0.007874016,22.08294,Light drizzle
3530,2024-08-31 07:00:00+00:00,63.0,68.2379,0.0,0.5472441,0.5472441,19.42458,Moderate rain
3531,2024-09-01 07:00:00+00:00,3.0,63.722904,0.0,0.0,0.0,14.436886,Overcast
3532,2024-09-02 07:00:00+00:00,63.0,67.97166,0.0,0.36220467,0.36220467,8.108932,Moderate rain
3533,2024-09-03 07:00:00+00:00,63.0,69.91415,0.0,0.9527559,0.9527559,19.920609,Moderate rain
3534,2024-09-04 07:00:00+00:00,51.0,61.622906,0.0,0.031496063,0.031496063,13.514888,Light drizzle
3535,2024-09-05 07:00:00+00:00,61.0,62.020397,0.0,0.31102365,0.31102365,10.7049265,Slight rain
3536,2024-09-06 07:00:00+00:00,61.0,58.049152,0.0,0.39370078,0.39370078,8.408858,Slight rain
3537,2024-09-07 07:00:00+00:00,63.0,66.58041,0.0,0.5905512,0.5905512,14.853748,Moderate rain
3538,2024-09-08 07:00:00+00:00,63.0,68.10664,0.0,0.59448814,0.59448814,13.735253,Moderate rain
3539,2024-09-09 07:00:00+00:00,51.0,59.7329,0.0,0.023622047,0.023622047,17.918356,Light drizzle
3540,2024-09-10 07:00:00+00:00,53.0,60.932896,0.0,0.18897638,0.18897638,12.846692,Moderate drizzle
3541,2024-09-11 07:00:00+00:00,51.0,62.916645,0.0,0.007874016,0.007874016,12.83695,Light drizzle
3542,2024-09-12 07:00:00+00:00,61.0,66.92541,0.0,0.22047244,0.22047244,14.5680065,Slight rain
3543,2024-09-13 07:00:00+00:00,3.0,53.75165,0.0,0.0,0.0,15.139054,Overcast
3544,2024-09-14 07:00:00+00:00,63.0,57.167896,0.0,0.6299212,0.6299212,13.185022,Moderate rain
3545,2024-09-15 07:00:00+00:00,63.0,62.042896,0.0,1.7834646,1.7834646,9.408707,Moderate rain
3546,2024-09-16 07:00:00+00:00,53.0,64.390396,0.0,0.055118114,0.055118114,10.894902,Moderate drizzle
3547,2024-09-17 07:00:00+00:00,51.0,67.61165,0.0,0.055118114,0.055118114,7.6973605,Light drizzle
3548,2024-09-18 07:00:00+00:00,63.0,69.11541,0.0,0.39370075,0.39370075,6.502709,Moderate rain
3549,2024-09-19 07:00:00+00:00,63.0,63.689148,0.0,0.6653543,0.6653543,19.641064,Moderate rain
3550,2024-09-20 07:00:00+00:00,3.0,50.245403,0.0,0.0,0.0,18.03527,Overcast
3551,2024-09-21 07:00:00+00:00,3.0,48.18665,0.0,0.0,0.0,10.0041685,Overcast
3552,2024-09-22 07:00:00+00:00,0.0,52.89665,0.0,0.0,0.0,7.44622,Clear sky
3553,2024-09-23 07:00:00+00:00,3.0,58.97539,0.0,0.0,0.0,14.100199,Overcast
3554,2024-09-24 07:00:00+00:00,51.0,56.774155,0.0,0.035433073,0.035433073,13.934193,Light drizzle
3555,2024-09-25 07:00:00+00:00,51.0,57.790405,0.0,0.007874016,0.007874016,10.754481,Light drizzle
3556,2024-09-26 07:00:00+00:00,53.0,60.479153,0.0,0.043307085,0.043307085,11.118813,Moderate drizzle
3557,2024-09-27 07:00:00+00:00,51.0,65.0204,0.0,0.015748031,0.015748031,14.258134,Light drizzle
3558,2024-09-28 07:00:00+00:00,63.0,61.10165,0.0,0.85433066,0.85433066,18.528316,Moderate rain
3559,2024-09-29 07:00:00+00:00,71.0,48.632904,0.05511811,0.055118106,0.047244094,18.840336,Slight snow fall
3560,2024-09-30 07:00:00+00:00,71.0,42.355404,0.027559055,0.01968504,0.015748031,19.616844,Slight snow fall
3561,2024-10-01 07:00:00+00:00,3.0,42.595398,0.0,0.0,0.0,12.121672,Overcast
3562,2024-10-02 07:00:00+00:00,2.0,46.8104,0.0,0.0,0.0,12.667228,Partly cloudy
3563,2024-10-03 07:00:00+00:00,3.0,52.187897,0.0,0.0,0.0,15.534269,Overcast
3564,2024-10-04 07:00:00+00:00,3.0,56.17416,0.0,0.0,0.0,11.356494,Overcast
3565,2024-10-05 07:00:00+00:00,3.0,55.349148,0.0,0.0,0.0,12.921459,Overcast
3566,2024-10-06 07:00:00+00:00,2.0,48.370403,0.0,0.0,0.0,8.884158,Partly cloudy
3567,2024-10-07 07:00:00+00:00,3.0,47.432903,0.0,0.0,0.0,9.126575,Overcast
3568,2024-10-08 07:00:00+00:00,63.0,53.200394,0.0,0.19291338,0.19291338,15.461618,Moderate rain
3569,2024-10-09 07:00:00+00:00,51.0,45.51665,0.0,0.007874016,0.007874016,15.872063,Light drizzle
3570,2024-10-10 07:00:00+00:00,0.0,51.4754,0.0,0.0,0.0,13.055822,Clear sky
3571,2024-10-11 07:00:00+00:00,3.0,52.91165,0.0,0.0,0.0,7.8175073,Overcast
3572,2024-10-12 07:00:00+00:00,55.0,54.726654,0.0,0.1574803,0.1574803,16.175383,Dense drizzle
3573,2024-10-13 07:00:00+00:00,51.0,53.3429,0.0,0.031496063,0.031496063,13.223867,Light drizzle
3574,2024-10-14 07:00:00+00:00,2.0,50.185406,0.0,0.0,0.0,11.555247,Partly cloudy
3575,2024-10-15 07:00:00+00:00,61.0,55.1729,0.0,0.18503937,0.18503937,12.688445,Slight rain
3576,2024-10-16 07:00:00+00:00,61.0,54.542896,0.0,0.16535434,0.16535434,10.987519,Slight rain
3577,2024-10-17 07:00:00+00:00,61.0,51.377903,0.0,0.3976378,0.3976378,20.210524,Slight rain
3578,2024-10-18 07:00:00+00:00,3.0,39.81665,0.0,0.0,0.0,19.427477,Overcast
3579,2024-10-19 07:00:00+00:00,73.0,42.584152,0.33070865,0.4173228,0.37007874,22.601728,Moderate snow fall
3580,2024-10-20 07:00:00+00:00,3.0,38.991653,0.0,0.0,0.0,20.967327,Overcast
3581,2024-10-21 07:00:00+00:00,51.0,38.459152,0.0,0.08661417,0.08661417,12.5276985,Light drizzle
3582,2024-10-22 07:00:00+00:00,2.0,41.222897,0.0,0.0,0.0,13.772092,Partly cloudy
3583,2024-10-23 07:00:00+00:00,0.0,46.109158,0.0,0.0,0.0,11.534116,Clear sky
3584,2024-10-24 07:00:00+00:00,51.0,52.97165,0.0,0.007874016,0.007874016,13.588738,Light drizzle
3585,2024-10-25 07:00:00+00:00,61.0,52.87415,0.0,0.31496063,0.31496063,16.874529,Slight rain
3586,2024-10-26 07:00:00+00:00,3.0,44.72165,0.0,0.0,0.0,12.46312,Overcast
3587,2024-10-27 07:00:00+00:00,51.0,43.176647,0.0,0.003937008,0.003937008,13.871204,Light drizzle
3588,2024-10-28 07:00:00+00:00,51.0,46.3304,0.0,0.007874016,0.007874016,13.743447,Light drizzle
3589,2024-10-29 07:00:00+00:00,51.0,45.340393,0.0,0.007874016,0.007874016,11.722926,Light drizzle
3590,2024-10-30 07:00:00+00:00,51.0,49.7804,0.0,0.015748031,0.015748031,10.523415,Light drizzle
3591,2024-10-31 07:00:00+00:00,3.0,45.539154,0.0,0.0,0.0,10.2047415,Overcast
3592,2024-11-01 07:00:00+00:00,61.0,45.655396,0.0,0.13385826,0.13385826,13.782534,Slight rain
3593,2024-11-02 07:00:00+00:00,61.0,45.212902,0.0,0.074803144,0.074803144,17.607407,Slight rain
3594,2024-11-03 07:00:00+00:00,3.0,30.82415,0.0,0.0,0.0,16.176542,Overcast
3595,2024-11-04 07:00:00+00:00,3.0,33.190395,0.0,0.0,0.0,4.297137,Overcast
3596,2024-11-05 07:00:00+00:00,3.0,34.1654,0.0,0.0,0.0,6.711932,Overcast
3597,2024-11-06 07:00:00+00:00,3.0,39.981647,0.0,0.0,0.0,9.143011,Overcast
3598,2024-11-07 07:00:00+00:00,3.0,46.1129,0.0,0.0,0.0,12.690909,Overcast
3599,2024-11-08 07:00:00+00:00,51.0,47.00165,0.0,0.003937008,0.003937008,14.46675,Light drizzle
3600,2024-11-09 07:00:00+00:00,55.0,46.281643,0.0,0.114173226,0.114173226,11.999269,Dense drizzle
3601,2024-11-10 07:00:00+00:00,51.0,46.0229,0.0,0.007874016,0.007874016,16.22442,Light drizzle
3602,2024-11-11 07:00:00+00:00,3.0,39.520393,0.0,0.0,0.0,15.343439,Overcast
3603,2024-11-12 07:00:00+00:00,53.0,43.154144,0.0,0.0984252,0.0984252,6.8676267,Moderate drizzle
3604,2024-11-13 07:00:00+00:00,61.0,41.24165,0.0,0.22047246,0.22047246,5.5936184,Slight rain
3605,2024-11-14 07:00:00+00:00,51.0,37.900402,0.0,0.007874016,0.007874016,7.960232,Light drizzle
3606,2024-11-15 07:00:00+00:00,3.0,34.9679,0.0,0.0,0.0,15.896872,Overcast
3607,2024-11-16 07:00:00+00:00,0.0,28.611649,0.0,0.0,0.0,13.315788,Clear sky
3608,2024-11-17 07:00:00+00:00,3.0,29.710402,0.0,0.0,0.0,10.1284485,Overcast
3609,2024-11-18 07:00:00+00:00,51.0,34.12415,0.0,0.003937008,0.003937008,10.156201,Light drizzle
3610,2024-11-19 07:00:00+00:00,3.0,32.3504,0.0,0.0,0.0,9.975365,Overcast
3611,2024-11-20 07:00:00+00:00,0.0,30.437902,0.0,0.0,0.0,8.699888,Clear sky
3612,2024-11-21 07:00:00+00:00,0.0,30.805397,0.0,0.0,0.0,7.5197816,Clear sky
3613,2024-11-22 07:00:00+00:00,3.0,35.04665,0.0,0.0,0.0,11.095723,Overcast
3614,2024-11-23 07:00:00+00:00,73.0,35.8604,0.60629916,0.12598425,0.039370082,10.293239,Moderate snow fall
3615,2024-11-24 07:00:00+00:00,73.0,25.221655,1.1299212,0.1614173,0.0,14.979968,Moderate snow fall
3616,2024-11-25 07:00:00+00:00,71.0,15.591651,0.05511811,0.007874016,0.0,21.965073,Slight snow fall
3617,2024-11-26 07:00:00+00:00,71.0,16.2554,0.19291338,0.027559055,0.0,21.02423,Slight snow fall
3618,2024-11-27 07:00:00+00:00,71.0,20.73665,0.027559055,0.003937008,0.0,19.811348,Slight snow fall
3619,2024-11-28 07:00:00+00:00,3.0,29.729149,0.0,0.0,0.0,17.080853,Overcast
3620,2024-11-29 07:00:00+00:00,3.0,30.081656,0.0,0.0,0.0,8.8707695,Overcast
3621,2024-11-30 07:00:00+00:00,3.0,28.3529,0.0,0.0,0.0,10.616917,Overcast
3622,2024-12-01 07:00:00+00:00,3.0,19.814152,0.0,0.0,0.0,14.016996,Overcast
3623,2024-12-02 07:00:00+00:00,2.0,20.75165,0.0,0.0,0.0,7.507293,Partly cloudy
3624,2024-12-03 07:00:00+00:00,3.0,26.016653,0.0,0.0,0.0,8.757219,Overcast
3625,2024-12-04 07:00:00+00:00,2.0,23.905403,0.0,0.0,0.0,12.08653,Partly cloudy
3626,2024-12-05 07:00:00+00:00,71.0,23.2754,0.08267716,0.011811024,0.0,12.738137,Slight snow fall
3627,2024-12-06 07:00:00+00:00,73.0,16.97915,0.1929134,0.027559055,0.0,12.322296,Moderate snow fall
3628,2024-12-07 07:00:00+00:00,0.0,13.2704,0.0,0.0,0.0,4.994575,Clear sky
3629,2024-12-08 07:00:00+00:00,3.0,14.140401,0.0,0.0,0.0,4.5529957,Overcast
3630,2024-12-09 07:00:00+00:00,3.0,15.989151,0.0,0.0,0.0,6.7444715,Overcast
3631,2024-12-10 07:00:00+00:00,3.0,20.800398,0.0,0.0,0.0,8.328883,Overcast
3632,2024-12-11 07:00:00+00:00,3.0,20.3504,0.0,0.0,0.0,13.007822,Overcast
3633,2024-12-12 07:00:00+00:00,3.0,12.989151,0.0,0.0,0.0,15.572878,Overcast
3634,2024-12-13 07:00:00+00:00,0.0,10.450399,0.0,0.0,0.0,11.093468,Clear sky
3635,2024-12-14 07:00:00+00:00,0.0,13.315402,0.0,0.0,0.0,10.758552,Clear sky
3636,2024-12-15 07:00:00+00:00,2.0,14.271651,0.0,0.0,0.0,7.4361324,Partly cloudy
3637,2024-12-16 07:00:00+00:00,3.0,15.306652,0.0,0.0,0.0,6.786079,Overcast
3638,2024-12-17 07:00:00+00:00,3.0,13.3829,0.0,0.0,0.0,9.476276,Overcast
3639,2024-12-18 07:00:00+00:00,71.0,17.87165,0.11023622,0.015748031,0.0,12.794486,Slight snow fall
3640,2024-12-19 07:00:00+00:00,3.0,13.525401,0.0,0.0,0.0,12.945641,Overcast
3641,2024-12-20 07:00:00+00:00,3.0,5.4666495,0.0,0.0,0.0,12.26531,Overcast
3642,2024-12-21 07:00:00+00:00,0.0,7.2929006,0.0,0.0,0.0,4.720282,Clear sky
3643,2024-12-22 07:00:00+00:00,3.0,13.307899,0.0,0.0,0.0,5.341935,Overcast
3644,2024-12-23 07:00:00+00:00,3.0,17.185402,0.0,0.0,0.0,10.904658,Overcast
3645,2024-12-24 07:00:00+00:00,0.0,16.769152,0.0,0.0,0.0,11.190031,Clear sky
3646,2024-12-25 07:00:00+00:00,3.0,10.8629,0.0,0.0,0.0,13.433646,Overcast
3647,2024-12-26 07:00:00+00:00,3.0,9.28415,0.0,0.0,0.0,14.346915,Overcast
3648,2024-12-27 07:00:00+00:00,0.0,10.937901,0.0,0.0,0.0,13.526453,Clear sky
3649,2024-12-28 07:00:00+00:00,3.0,16.3904,0.0,0.0,0.0,15.078194,Overcast
3650,2024-12-29 07:00:00+00:00,0.0,18.38165,0.0,0.0,0.0,14.916782,Clear sky
3651,2024-12-30 07:00:00+00:00,0.0,17.837904,0.0,0.0,0.0,9.730949,Clear sky
3652,2024-12-31 07:00:00+00:00,3.0,19.97915,0.0,0.0,0.0,6.729616,Overcast
3653,2025-01-01 07:00:00+00:00,3.0,16.075401,0.0,0.0,0.0,7.830299,Overcast
3654,2025-01-02 07:00:00+00:00,1.0,14.005401,0.0,0.0,0.0,7.109297,Mainly clear
3655,2025-01-03 07:00:00+00:00,3.0,20.27165,0.0,0.0,0.0,12.316203,Overcast
3656,2025-01-04 07:00:00+00:00,71.0,20.931652,0.027559055,0.003937008,0.0,13.347225,Slight snow fall
3657,2025-01-05 07:00:00+00:00,0.0,15.779152,0.0,0.0,0.0,14.499575,Clear sky
3658,2025-01-06 07:00:00+00:00,1.0,17.48915,0.0,0.0,0.0,17.228168,Mainly clear
3659,2025-01-07 07:00:00+00:00,3.0,14.897897,0.0,0.0,0.0,18.903975,Overcast
3660,2025-01-08 07:00:00+00:00,3.0,9.41915,0.0,0.0,0.0,6.212459,Overcast
3661,2025-01-09 07:00:00+00:00,3.0,12.456651,0.0,0.0,0.0,7.8334937,Overcast
3662,2025-01-10 07:00:00+00:00,71.0,17.530397,0.19291338,0.027559055,0.0,15.165887,Slight snow fall
3663,2025-01-11 07:00:00+00:00,3.0,12.865399,0.0,0.0,0.0,15.456764,Overcast
3664,2025-01-12 07:00:00+00:00,71.0,20.4554,0.13779527,0.023622047,0.003937008,13.227179,Slight snow fall
3665,2025-01-13 07:00:00+00:00,73.0,14.526649,0.16535434,0.023622049,0.0,14.752333,Moderate snow fall
3666,2025-01-14 07:00:00+00:00,0.0,7.9641495,0.0,0.0,0.0,14.3416815,Clear sky
3667,2025-01-15 07:00:00+00:00,0.0,13.682899,0.0,0.0,0.0,11.919768,Clear sky
3668,2025-01-16 07:00:00+00:00,0.0,17.66915,0.0,0.0,0.0,4.9832907,Clear sky
3669,2025-01-17 07:00:00+00:00,2.0,21.76415,0.0,0.0,0.0,11.9810095,Partly cloudy
3670,2025-01-18 07:00:00+00:00,0.0,20.031649,0.0,0.0,0.0,12.112896,Clear sky
3671,2025-01-19 07:00:00+00:00,1.0,23.882902,0.0,0.0,0.0,9.257236,Mainly clear
3672,2025-01-20 07:00:00+00:00,3.0,25.6229,0.0,0.0,0.0,8.0532,Overcast
3673,2025-01-21 07:00:00+00:00,3.0,25.551651,0.0,0.0,0.0,7.2917275,Overcast
3674,2025-01-22 07:00:00+00:00,1.0,26.3729,0.0,0.0,0.0,5.645932,Mainly clear
3675,2025-01-23 07:00:00+00:00,0.0,28.63415,0.0,0.0,0.0,11.258579,Clear sky
3676,2025-01-24 07:00:00+00:00,73.0,28.881653,0.7992126,0.11417323,0.0,11.073715,Moderate snow fall
3677,2025-01-25 07:00:00+00:00,73.0,12.6404,0.3031496,0.04330709,0.0,20.484434,Moderate snow fall
3678,2025-01-26 07:00:00+00:00,3.0,3.539149,0.0,0.0,0.0,17.573269,Overcast
3679,2025-01-27 07:00:00+00:00,1.0,4.8479,0.0,0.0,0.0,11.912944,Mainly clear
3680,2025-01-28 07:00:00+00:00,3.0,12.55415,0.0,0.0,0.0,11.7527685,Overcast
3681,2025-01-29 07:00:00+00:00,3.0,18.816652,0.0,0.0,0.0,7.523939,Overcast
3682,2025-01-30 07:00:00+00:00,3.0,18.82415,0.0,0.0,0.0,7.8804655,Overcast
3683,2025-01-31 07:00:00+00:00,3.0,21.156652,0.0,0.0,0.0,6.725897,Overcast
3684,2025-02-01 07:00:00+00:00,71.0,20.796652,0.05511811,0.007874016,0.0,12.2612295,Slight snow fall
3685,2025-02-02 07:00:00+00:00,3.0,11.185401,0.0,0.0,0.0,13.2932205,Overcast
3686,2025-02-03 07:00:00+00:00,3.0,10.067901,0.0,0.0,0.0,15.606582,Overcast
3687,2025-02-04 07:00:00+00:00,3.0,6.936649,0.0,0.0,0.0,19.159027,Overcast
3688,2025-02-05 07:00:00+00:00,3.0,10.5104,0.0,0.0,0.0,20.502748,Overcast
3689,2025-02-06 07:00:00+00:00,3.0,-5.4571013,0.0,0.0,0.0,23.112118,Overcast
3690,2025-02-07 07:00:00+00:00,0.0,-1.3696018,0.0,0.0,0.0,6.4524946,Clear sky
3691,2025-02-08 07:00:00+00:00,3.0,6.569149,0.0,0.0,0.0,7.561259,Overcast
3692,2025-02-09 07:00:00+00:00,2.0,16.019152,0.0,0.0,0.0,8.908766,Partly cloudy
3693,2025-02-10 07:00:00+00:00,3.0,26.3654,0.0,0.0,0.0,12.031026,Overcast
3694,2025-02-11 07:00:00+00:00,3.0,17.4929,0.0,0.0,0.0,14.847008,Overcast
3695,2025-02-12 07:00:00+00:00,0.0,19.191652,0.0,0.0,0.0,13.422466,Clear sky
3696,2025-02-13 07:00:00+00:00,0.0,21.959152,0.0,0.0,0.0,10.904658,Clear sky
3697,2025-02-14 07:00:00+00:00,1.0,27.205399,0.0,0.0,0.0,15.006251,Mainly clear
3698,2025-02-15 07:00:00+00:00,1.0,22.8929,0.0,0.0,0.0,15.398784,Mainly clear
3699,2025-02-16 07:00:00+00:00,1.0,21.719149,0.0,0.0,0.0,11.573097,Mainly clear
3700,2025-02-17 07:00:00+00:00,0.0,25.397902,0.0,0.0,0.0,9.635344,Clear sky
3701,2025-02-18 07:00:00+00:00,3.0,22.0979,0.0,0.0,0.0,9.05087,Overcast
3702,2025-02-19 07:00:00+00:00,3.0,19.3304,0.0,0.0,0.0,7.581087,Overcast
3703,2025-02-20 07:00:00+00:00,3.0,18.516651,0.0,0.0,0.0,12.557622,Overcast
3704,2025-02-21 07:00:00+00:00,0.0,12.981648,0.0,0.0,0.0,10.766108,Clear sky
3705,2025-02-22 07:00:00+00:00,0.0,11.744149,0.0,0.0,0.0,12.880244,Clear sky
3706,2025-02-23 07:00:00+00:00,3.0,16.52915,0.0,0.0,0.0,9.711001,Overcast
3707,2025-02-24 07:00:00+00:00,3.0,24.1004,0.0,0.0,0.0,10.362889,Overcast
3708,2025-02-25 07:00:00+00:00,0.0,26.354149,0.0,0.0,0.0,8.415551,Clear sky
3709,2025-02-26 07:00:00+00:00,0.0,31.4429,0.0,0.0,0.0,9.619751,Clear sky
3710,2025-02-27 07:00:00+00:00,3.0,34.431652,0.0,0.0,0.0,11.9810095,Overcast
3711,2025-02-28 07:00:00+00:00,3.0,39.91415,0.0,0.0,0.0,6.0657363,Overcast
3712,2025-03-01 07:00:00+00:00,71.0,39.35915,0.05511811,0.007874016,0.0,12.50821,Slight snow fall
3713,2025-03-02 07:00:00+00:00,73.0,34.360397,0.33070868,0.047244098,0.0,12.819396,Moderate snow fall
3714,2025-03-03 07:00:00+00:00,73.0,30.7004,1.2125983,0.17322832,0.0,10.981824,Moderate snow fall
3715,2025-03-04 07:00:00+00:00,73.0,29.624151,0.5511811,0.078740165,0.0,11.030134,Moderate snow fall
3716,2025-03-05 07:00:00+00:00,3.0,28.086653,0.0,0.0,0.0,11.860847,Overcast
3717,2025-03-06 07:00:00+00:00,3.0,32.28665,0.0,0.0,0.0,10.964725,Overcast
3718,2025-03-07 07:00:00+00:00,3.0,33.494152,0.0,0.0,0.0,11.467762,Overcast
3719,2025-03-08 07:00:00+00:00,3.0,39.145397,0.0,0.0,0.0,16.2906,Overcast
3720,2025-03-09 07:00:00+00:00,51.0,41.421646,0.0,0.007874016,0.007874016,16.61302,Light drizzle
3721,2025-03-10 07:00:00+00:00,51.0,40.124153,0.0,0.031496063,0.031496063,19.0145,Light drizzle
3722,2025-03-11 07:00:00+00:00,3.0,36.505398,0.0,0.0,0.0,19.021734,Overcast
3723,2025-03-12 07:00:00+00:00,3.0,39.404152,0.0,0.0,0.0,11.515662,Overcast
3724,2025-03-13 07:00:00+00:00,51.0,40.5704,0.0,0.003937008,0.003937008,10.981824,Light drizzle
3725,2025-03-14 07:00:00+00:00,73.0,32.6579,0.13779528,0.03543307,0.015748031,13.66677,Moderate snow fall
3726,2025-03-15 07:00:00+00:00,3.0,24.6929,0.0,0.0,0.0,13.701055,Overcast
3727,2025-03-16 07:00:00+00:00,3.0,29.804148,0.0,0.0,0.0,15.579704,Overcast
3728,2025-03-17 07:00:00+00:00,0.0,30.449152,0.0,0.0,0.0,15.357701,Clear sky
3729,2025-03-18 07:00:00+00:00,0.0,35.541653,0.0,0.0,0.0,10.526387,Clear sky
3730,2025-03-19 07:00:00+00:00,1.0,39.280403,0.0,0.0,0.0,13.786618,Mainly clear
3731,2025-03-20 07:00:00+00:00,0.0,41.9354,0.0,0.0,0.0,15.466473,Clear sky
3732,2025-03-21 07:00:00+00:00,0.0,43.727894,0.0,0.0,0.0,16.482607,Clear sky
3733,2025-03-22 07:00:00+00:00,0.0,45.779144,0.0,0.0,0.0,16.684032,Clear sky
3734,2025-03-23 07:00:00+00:00,3.0,46.87415,0.0,0.0,0.0,18.772482,Overcast
3735,2025-03-24 07:00:00+00:00,3.0,47.136646,0.0,0.0,0.0,20.938368,Overcast
3736,2025-03-25 07:00:00+00:00,71.0,46.562897,0.027559055,0.01968504,0.015748031,17.660261,Slight snow fall
3737,2025-03-26 07:00:00+00:00,3.0,33.595398,0.0,0.0,0.0,18.820736,Overcast
3738,2025-03-27 07:00:00+00:00,71.0,26.6579,0.08267716,0.011811024,0.0,18.507036,Slight snow fall
3739,2025-03-28 07:00:00+00:00,71.0,24.359152,0.027559055,0.003937008,0.0,18.111757,Slight snow fall
3740,2025-03-29 07:00:00+00:00,1.0,31.77665,0.0,0.0,0.0,15.023333,Mainly clear
3741,2025-03-30 07:00:00+00:00,2.0,36.88415,0.0,0.0,0.0,12.432971,Partly cloudy
3742,2025-03-31 07:00:00+00:00,3.0,41.252895,0.0,0.0,0.0,20.0224,Overcast
3743,2025-04-01 07:00:00+00:00,1.0,37.416645,0.0,0.0,0.0,18.415892,Mainly clear
3744,2025-04-02 07:00:00+00:00,3.0,42.460407,0.0,0.0,0.0,13.802943,Overcast
3745,2025-04-03 07:00:00+00:00,3.0,44.6654,0.0,0.0,0.0,17.451826,Overcast
3746,2025-04-04 07:00:00+00:00,3.0,37.49915,0.0,0.0,0.0,19.894527,Overcast
3747,2025-04-05 07:00:00+00:00,3.0,48.640396,0.0,0.0,0.0,14.6796465,Overcast
3748,2025-04-06 07:00:00+00:00,3.0,54.38165,0.0,0.0,0.0,13.810191,Overcast
3749,2025-04-07 07:00:00+00:00,55.0,50.875397,0.0,0.05511811,0.05511811,14.623291,Dense drizzle
3750,2025-04-08 07:00:00+00:00,71.0,41.4029,0.05511811,0.13779527,0.12992126,7.9939504,Slight snow fall
3751,2025-04-09 07:00:00+00:00,3.0,48.824158,0.0,0.0,0.0,16.871563,Overcast
3752,2025-04-10 07:00:00+00:00,61.0,53.294147,0.0,0.12598425,0.12598425,29.123129,Slight rain
3753,2025-04-11 07:00:00+00:00,3.0,30.797897,0.0,0.0,0.0,31.088667,Overcast
3754,2025-04-12 07:00:00+00:00,51.0,35.5979,0.0,0.003937008,0.003937008,23.054398,Light drizzle
3755,2025-04-13 07:00:00+00:00,51.0,40.832897,0.0,0.003937008,0.003937008,18.382235,Light drizzle
3756,2025-04-14 07:00:00+00:00,3.0,53.70665,0.0,0.0,0.0,13.836889,Overcast
3757,2025-04-15 07:00:00+00:00,51.0,60.824158,0.0,0.003937008,0.003937008,21.845423,Light drizzle
3758,2025-04-16 07:00:00+00:00,3.0,59.099155,0.0,0.0,0.0,23.073927,Overcast
3759,2025-04-17 07:00:00+00:00,61.0,51.869152,0.0,0.14566928,0.14566928,13.563397,Slight rain
3760,2025-04-18 07:00:00+00:00,51.0,48.13039,0.0,0.003937008,0.003937008,9.114917,Light drizzle
3761,2025-04-19 07:00:00+00:00,3.0,58.40166,0.0,0.0,0.0,13.46016,Overcast
3762,2025-04-20 07:00:00+00:00,63.0,61.712906,0.0,0.4094488,0.4094488,17.719313,Moderate rain
3763,2025-04-21 07:00:00+00:00,3.0,49.58165,0.0,0.0,0.0,20.297617,Overcast
3764,2025-04-22 07:00:00+00:00,1.0,54.385406,0.0,0.0,0.0,17.543343,Mainly clear
3765,2025-04-23 07:00:00+00:00,0.0,45.160397,0.0,0.0,0.0,16.408056,Clear sky
3766,2025-04-24 07:00:00+00:00,1.0,53.5529,0.0,0.0,0.0,11.443736,Mainly clear
3767,2025-04-25 07:00:00+00:00,3.0,59.871655,0.0,0.0,0.0,11.23689,Overcast
3768,2025-04-26 07:00:00+00:00,3.0,50.25665,0.0,0.0,0.0,16.36301,Overcast
3769,2025-04-27 07:00:00+00:00,1.0,52.319153,0.0,0.0,0.0,12.926782,Mainly clear
3770,2025-04-28 07:00:00+00:00,3.0,58.116642,0.0,0.0,0.0,17.132048,Overcast
3771,2025-04-29 07:00:00+00:00,3.0,55.29665,0.0,0.0,0.0,17.16269,Overcast
3772,2025-04-30 07:00:00+00:00,3.0,49.6304,0.0,0.0,0.0,23.062265,Overcast
3773,2025-05-01 07:00:00+00:00,51.0,55.01915,0.0,0.007874016,0.007874016,20.38802,Light drizzle
3774,2025-05-02 07:00:00+00:00,3.0,45.3329,0.0,0.0,0.0,16.414154,Overcast
3775,2025-05-03 07:00:00+00:00,53.0,48.797897,0.0,0.04330709,0.04330709,10.8130665,Moderate drizzle
3776,2025-05-04 07:00:00+00:00,71.0,43.23665,0.11023622,0.22440946,0.20866142,14.413034,Slight snow fall
3777,2025-05-05 07:00:00+00:00,73.0,42.512894,0.27559054,0.20472442,0.16535433,13.257882,Moderate snow fall
3778,2025-05-06 07:00:00+00:00,3.0,53.369144,0.0,0.0,0.0,16.193548,Overcast
3779,2025-05-07 07:00:00+00:00,3.0,60.910397,0.0,0.0,0.0,16.22442,Overcast
3780,2025-05-08 07:00:00+00:00,61.0,47.8529,0.0,0.4645669,0.4645669,20.990284,Slight rain
3781,2025-05-09 07:00:00+00:00,3.0,47.567898,0.0,0.0,0.0,19.859282,Overcast
3782,2025-05-10 07:00:00+00:00,3.0,58.034145,0.0,0.0,0.0,14.220795,Overcast
3783,2025-05-11 07:00:00+00:00,3.0,65.500404,0.0,0.0,0.0,15.862601,Overcast
3784,2025-05-12 07:00:00+00:00,3.0,67.0754,0.0,0.0,0.0,16.88935,Overcast
3785,2025-05-13 07:00:00+00:00,55.0,60.696644,0.0,0.047244098,0.047244098,17.119263,Dense drizzle
3786,2025-05-14 07:00:00+00:00,0.0,63.152905,0.0,0.0,0.0,15.310381,Clear sky
3787,2025-05-15 07:00:00+00:00,3.0,71.147896,0.0,0.0,0.0,28.117987,Overcast
3788,2025-05-16 07:00:00+00:00,3.0,51.6104,0.0,0.0,0.0,27.523737,Overcast
3789,2025-05-17 07:00:00+00:00,3.0,55.4429,0.0,0.0,0.0,18.756481,Overcast
3790,2025-05-18 07:00:00+00:00,3.0,66.726654,0.0,0.0,0.0,19.991135,Overcast
3791,2025-05-19 07:00:00+00:00,3.0,75.62915,0.0,0.0,0.0,13.132734,Overcast
3792,2025-05-20 07:00:00+00:00,3.0,74.039154,0.0,0.0,0.0,20.091324,Overcast
3793,2025-05-21 07:00:00+00:00,63.0,65.3429,0.0,0.86220473,0.86220473,19.586529,Moderate rain
3794,2025-05-22 07:00:00+00:00,63.0,46.61165,0.0,0.9094486,0.9094486,21.258858,Moderate rain
3795,2025-05-23 07:00:00+00:00,3.0,52.17665,0.0,0.0,0.0,12.319758,Overcast
3796,2025-05-24 07:00:00+00:00,3.0,57.8129,0.0,0.0,0.0,4.758557,Overcast
3797,2025-05-25 07:00:00+00:00,3.0,58.65291,0.0,0.0,0.0,10.646921,Overcast
3798,2025-05-26 07:00:00+00:00,3.0,62.181652,0.0,0.0,0.0,10.183879,Overcast
3799,2025-05-27 07:00:00+00:00,3.0,66.76415,0.0,0.0,0.0,11.07541,Overcast
3800,2025-05-28 07:00:00+00:00,3.0,68.51916,0.0,0.0,0.0,14.720072,Overcast
3801,2025-05-29 07:00:00+00:00,53.0,68.834145,0.0,0.03543307,0.03543307,13.166983,Moderate drizzle
3802,2025-05-30 07:00:00+00:00,63.0,58.35666,0.0,0.6220472,0.6220472,7.599218,Moderate rain
3803,2025-05-31 07:00:00+00:00,3.0,63.25415,0.0,0.0,0.0,11.453025,Overcast
3804,2025-06-01 07:00:00+00:00,51.0,59.834152,0.0,0.019685041,0.019685041,15.666188,Light drizzle
3805,2025-06-02 07:00:00+00:00,3.0,59.28665,0.0,0.0,0.0,17.996384,Overcast
3806,2025-06-03 07:00:00+00:00,2.0,62.0804,0.0,0.0,0.0,15.612994,Partly cloudy
3807,2025-06-04 07:00:00+00:00,3.0,69.20541,0.0,0.0,0.0,9.310463,Overcast
3808,2025-06-05 07:00:00+00:00,3.0,70.952896,0.0,0.0,0.0,11.514032,Overcast
3809,2025-06-06 07:00:00+00:00,3.0,70.442894,0.0,0.0,0.0,12.9446745,Overcast
3810,2025-06-07 07:00:00+00:00,3.0,68.8529,0.0,0.0,0.0,7.27025,Overcast
3811,2025-06-08 07:00:00+00:00,51.0,71.256645,0.0,0.0118110245,0.0118110245,14.226511,Light drizzle
3812,2025-06-09 07:00:00+00:00,3.0,63.512897,0.0,0.0,0.0,17.113417,Overcast
3813,2025-06-10 07:00:00+00:00,3.0,70.015396,0.0,0.0,0.0,14.31068,Overcast
3814,2025-06-11 07:00:00+00:00,53.0,77.06914,0.0,0.039370082,0.039370082,19.67066,Moderate drizzle
3815,2025-06-12 07:00:00+00:00,53.0,70.4354,0.0,0.07480315,0.07480315,15.142772,Moderate drizzle
3816,2025-06-13 07:00:00+00:00,61.0,68.391655,0.0,0.13385826,0.13385826,8.165815,Slight rain
3817,2025-06-14 07:00:00+00:00,55.0,58.022892,0.0,0.12992127,0.12992127,16.317839,Dense drizzle
3818,2025-06-15 07:00:00+00:00,55.0,60.726654,0.0,0.082677156,0.082677156,14.865955,Dense drizzle
3819,2025-06-16 07:00:00+00:00,3.0,70.6679,0.0,0.0,0.0,11.211812,Overcast
3820,2025-06-17 07:00:00+00:00,53.0,76.18415,0.0,0.031496063,0.031496063,13.914428,Moderate drizzle
3821,2025-06-18 07:00:00+00:00,53.0,70.375404,0.0,0.07480315,0.07480315,11.757558,Moderate drizzle
3822,2025-06-19 07:00:00+00:00,3.0,70.42416,0.0,0.0,0.0,9.418009,Overcast
3823,2025-06-20 07:00:00+00:00,2.0,70.664154,0.0,0.0,0.0,7.6328917,Partly cloudy
3824,2025-06-21 07:00:00+00:00,3.0,73.04915,0.0,0.0,0.0,9.0736475,Overcast
3825,2025-06-22 07:00:00+00:00,3.0,76.25541,0.0,0.0,0.0,9.517772,Overcast
3826,2025-06-23 07:00:00+00:00,3.0,74.54165,0.0,0.0,0.0,7.7435427,Overcast
3827,2025-06-24 07:00:00+00:00,3.0,76.3154,0.0,0.0,0.0,13.699685,Overcast
3828,2025-06-25 07:00:00+00:00,51.0,69.80165,0.0,0.035433073,0.035433073,11.963768,Light drizzle
3829,2025-06-26 07:00:00+00:00,51.0,67.30039,0.0,0.0511811,0.0511811,11.892975,Light drizzle
3830,2025-06-27 07:00:00+00:00,51.0,67.70541,0.0,0.011811024,0.011811024,8.774345,Light drizzle
3831,2025-06-28 07:00:00+00:00,51.0,67.829155,0.0,0.015748031,0.015748031,5.03325,Light drizzle
3832,2025-06-29 07:00:00+00:00,53.0,72.95541,0.0,0.01968504,0.01968504,11.087263,Moderate drizzle
3833,2025-06-30 07:00:00+00:00,61.0,65.7329,0.0,0.20078741,0.20078741,10.082023,Slight rain
3834,2025-07-01 07:00:00+00:00,63.0,70.93039,0.0,0.25984251,0.25984251,9.554504,Moderate rain
3835,2025-07-02 07:00:00+00:00,63.0,67.937904,0.0,0.1535433,0.1535433,7.893948,Moderate rain
3836,2025-07-03 07:00:00+00:00,51.0,73.780396,0.0,0.015748031,0.015748031,7.9105706,Light drizzle
3837,2025-07-04 07:00:00+00:00,63.0,67.61539,0.0,0.503937,0.503937,16.22442,Moderate rain
3838,2025-07-05 07:00:00+00:00,3.0,68.451645,0.0,0.0,0.0,10.082023,Overcast
3839,2025-07-06 07:00:00+00:00,63.0,68.21165,0.0,0.4488189,0.4488189,8.0353155,Moderate rain
3840,2025-07-07 07:00:00+00:00,51.0,69.5504,0.0,0.027559055,0.027559055,8.605911,Light drizzle
3841,2025-07-08 07:00:00+00:00,63.0,68.6054,0.0,0.7913385,0.7913385,10.482917,Moderate rain
3842,2025-07-09 07:00:00+00:00,65.0,67.585396,0.0,1.2244095,1.2244095,9.374738,Heavy rain
3843,2025-07-10 07:00:00+00:00,51.0,73.3454,0.0,0.031496063,0.031496063,8.389496,Light drizzle
3844,2025-07-11 07:00:00+00:00,3.0,74.5529,0.0,0.0,0.0,5.9952016,Overcast
3845,2025-07-12 07:00:00+00:00,3.0,76.124146,0.0,0.0,0.0,8.518242,Overcast
3846,2025-07-13 07:00:00+00:00,61.0,76.1279,0.0,0.12598425,0.12598425,11.97004,Slight rain
3847,2025-07-14 07:00:00+00:00,61.0,77.860405,0.0,0.21259841,0.21259841,11.9553995,Slight rain
3848,2025-07-15 07:00:00+00:00,51.0,74.342896,0.0,0.011811024,0.011811024,12.655372,Light drizzle
3849,2025-07-16 07:00:00+00:00,3.0,73.40916,0.0,0.0,0.0,10.7376,Overcast
3850,2025-07-17 07:00:00+00:00,3.0,75.83915,0.0,0.0,0.0,6.891267,Overcast
3851,2025-07-18 07:00:00+00:00,63.0,75.00665,0.0,0.64960635,0.64960635,13.878867,Moderate rain
3852,2025-07-19 07:00:00+00:00,63.0,68.646645,0.0,0.28740156,0.28740156,10.4236765,Moderate rain
3853,2025-07-20 07:00:00+00:00,0.0,69.38915,0.0,0.0,0.0,6.831096,Clear sky
3854,2025-07-21 07:00:00+00:00,1.0,72.3404,0.0,0.0,0.0,8.421495,Mainly clear
3855,2025-07-22 07:00:00+00:00,63.0,74.8454,0.0,0.21653545,0.21653545,9.95465,Moderate rain
3856,2025-07-23 07:00:00+00:00,63.0,68.8604,0.0,1.3070865,1.3070865,9.61975,Moderate rain
3857,2025-07-24 07:00:00+00:00,65.0,68.564156,0.0,1.2598424,1.2598424,10.989227,Heavy rain
3858,2025-07-25 07:00:00+00:00,63.0,69.47166,0.0,1.2165353,1.2165353,12.419884,Moderate rain
3859,2025-07-26 07:00:00+00:00,61.0,71.30914,0.0,0.3700787,0.3700787,5.8172755,Slight rain
3860,2025-07-27 07:00:00+00:00,51.0,74.5754,0.0,0.011811024,0.011811024,7.355786,Light drizzle
3861,2025-07-28 07:00:00+00:00,63.0,70.28539,0.0,0.6456692,0.6456692,10.536485,Moderate rain
3862,2025-07-29 07:00:00+00:00,2.0,68.429146,0.0,0.0,0.0,10.3157,Partly cloudy
3863,2025-07-30 07:00:00+00:00,63.0,69.835396,0.0,0.21259843,0.21259843,10.062149,Moderate rain
3864,2025-07-31 07:00:00+00:00,51.0,70.75039,0.0,0.011811024,0.011811024,6.2675934,Light drizzle
3865,2025-08-01 07:00:00+00:00,63.0,72.25039,0.0,0.2716535,0.2716535,8.1650505,Moderate rain
3866,2025-08-02 07:00:00+00:00,63.0,71.92416,0.0,0.28740156,0.28740156,7.321691,Moderate rain
3867,2025-08-03 07:00:00+00:00,65.0,74.822914,0.0,0.37401575,0.37401575,7.927948,Heavy rain
3868,2025-08-04 07:00:00+00:00,63.0,72.61414,0.0,0.30314958,0.30314958,8.22687,Moderate rain
3869,2025-08-05 07:00:00+00:00,3.0,74.6054,0.0,0.0,0.0,5.7316985,Overcast
3870,2025-08-06 07:00:00+00:00,3.0,75.49415,0.0,0.0,0.0,9.886553,Overcast
3871,2025-08-07 07:00:00+00:00,63.0,70.44665,0.0,1.0629921,1.0629921,7.7572637,Moderate rain
3872,2025-08-08 07:00:00+00:00,3.0,67.8704,0.0,0.0,0.0,7.1732397,Overcast
3873,2025-08-09 07:00:00+00:00,61.0,69.66665,0.0,0.07874016,0.07874016,9.868821,Slight rain
3874,2025-08-10 07:00:00+00:00,3.0,69.74915,0.0,0.0,0.0,12.424918,Overcast
3875,2025-08-11 07:00:00+00:00,55.0,70.20666,0.0,0.08661417,0.08661417,13.210143,Dense drizzle
3876,2025-08-12 07:00:00+00:00,63.0,65.18165,0.0,0.2559055,0.2559055,11.403216,Moderate rain
3877,2025-08-13 07:00:00+00:00,2.0,67.960396,0.0,0.0,0.0,10.611023,Partly cloudy
3878,2025-08-14 07:00:00+00:00,63.0,69.59916,0.0,0.28346455,0.28346455,12.816467,Moderate rain
3879,2025-08-15 07:00:00+00:00,65.0,67.4804,0.0,0.6417323,0.6417323,15.210366,Heavy rain
3880,2025-08-16 07:00:00+00:00,3.0,71.80415,0.0,0.0,0.0,8.704201,Overcast
3881,2025-08-17 07:00:00+00:00,65.0,70.240395,0.0,1.2992126,1.2992126,12.734209,Heavy rain
3882,2025-08-18 07:00:00+00:00,65.0,70.50289,0.0,3.2755904,3.2755904,10.22189,Heavy rain
3883,2025-08-19 07:00:00+00:00,2.0,70.6154,0.0,0.0,0.0,11.855044,Partly cloudy
3884,2025-08-20 07:00:00+00:00,61.0,68.9579,0.0,0.37401575,0.37401575,12.306042,Slight rain
3885,2025-08-21 07:00:00+00:00,3.0,64.2929,0.0,0.0,0.0,9.960303,Overcast
3886,2025-08-22 07:00:00+00:00,63.0,65.7554,0.0,0.63385826,0.63385826,5.8782473,Moderate rain
3887,2025-08-23 07:00:00+00:00,3.0,61.4054,0.0,0.0,0.0,8.578246,Overcast
3888,2025-08-24 07:00:00+00:00,2.0,66.56916,0.0,0.0,0.0,9.557123,Partly cloudy
3889,2025-08-25 07:00:00+00:00,3.0,68.37665,0.0,0.0,0.0,12.241318,Overcast
3890,2025-08-26 07:00:00+00:00,65.0,62.027905,0.0,2.1338582,2.1338582,14.544371,Heavy rain
3891,2025-08-27 07:00:00+00:00,61.0,63.70415,0.0,0.14960629,0.14960629,9.894142,Slight rain
3892,2025-08-28 07:00:00+00:00,53.0,64.42415,0.0,0.04330709,0.04330709,11.805872,Moderate drizzle
3893,2025-08-29 07:00:00+00:00,51.0,64.42416,0.0,0.027559055,0.027559055,7.3045845,Light drizzle
3894,2025-08-30 07:00:00+00:00,51.0,66.36289,0.0,0.003937008,0.003937008,9.663866,Light drizzle
3895,2025-08-31 07:00:00+00:00,61.0,65.0729,0.0,0.12598425,0.12598425,9.017635,Slight rain
3896,2025-09-01 07:00:00+00:00,3.0,68.27915,0.0,0.0,0.0,12.624689,Overcast
3897,2025-09-02 07:00:00+00:00,51.0,64.45789,0.0,0.031496063,0.031496063,14.523713,Light drizzle
3898,2025-09-03 07:00:00+00:00,51.0,67.037895,0.0,0.003937008,0.003937008,8.239026,Light drizzle
3899,2025-09-04 07:00:00+00:00,63.0,66.65165,0.0,0.7401574,0.7401574,11.761281,Moderate rain
3900,2025-09-05 07:00:00+00:00,0.0,59.969147,0.0,0.0,0.0,11.793149,Clear sky
3901,2025-09-06 07:00:00+00:00,3.0,63.081654,0.0,0.0,0.0,16.915995,Overcast
3902,2025-09-07 07:00:00+00:00,63.0,60.06291,0.0,0.13779527,0.13779527,11.7095785,Moderate rain
3903,2025-09-08 07:00:00+00:00,51.0,65.00165,0.0,0.007874016,0.007874016,14.016995,Light drizzle
3904,2025-09-09 07:00:00+00:00,53.0,67.39414,0.0,0.023622049,0.023622049,12.136111,Moderate drizzle
3905,2025-09-10 07:00:00+00:00,3.0,69.05915,0.0,0.0,0.0,12.399721,Overcast
3906,2025-09-11 07:00:00+00:00,63.0,63.8579,0.0,0.6614173,0.6614173,11.695147,Moderate rain
3907,2025-09-12 07:00:00+00:00,61.0,65.80041,0.0,0.14173229,0.14173229,15.450287,Slight rain
3908,2025-09-13 07:00:00+00:00,2.0,62.2079,0.0,0.0,0.0,14.014765,Partly cloudy
3909,2025-09-14 07:00:00+00:00,65.0,61.817905,0.0,1.1259842,1.1259842,11.951214,Heavy rain
3910,2025-09-15 07:00:00+00:00,53.0,59.879154,0.0,0.027559057,0.027559057,12.880244,Moderate drizzle
3911,2025-09-16 07:00:00+00:00,51.0,56.22291,0.0,0.015748031,0.015748031,8.2799225,Light drizzle
3912,2025-09-17 07:00:00+00:00,3.0,54.325397,0.0,0.0,0.0,11.797391,Overcast
3913,2025-09-18 07:00:00+00:00,3.0,57.246655,0.0,0.0,0.0,11.015947,Overcast
3914,2025-09-19 07:00:00+00:00,3.0,56.447895,0.0,0.0,0.0,5.8162003,Overcast
3915,2025-09-20 07:00:00+00:00,3.0,60.351654,0.0,0.0,0.0,11.507512,Overcast
3916,2025-09-21 07:00:00+00:00,51.0,55.604145,0.0,0.047244094,0.047244094,8.50722,Light drizzle
3917,2025-09-22 07:00:00+00:00,51.0,54.3779,0.0,0.007874016,0.007874016,9.451822,Light drizzle
3918,2025-09-23 07:00:00+00:00,1.0,56.170406,0.0,0.0,0.0,12.079801,Mainly clear
3919,2025-09-24 07:00:00+00:00,3.0,55.652897,0.0,0.0,0.0,6.9356017,Overcast
3920,2025-09-25 07:00:00+00:00,3.0,59.642895,0.0,0.0,0.0,8.3656025,Overcast
3921,2025-09-26 07:00:00+00:00,53.0,60.700397,0.0,0.027559055,0.027559055,9.766241,Moderate drizzle
3922,2025-09-27 07:00:00+00:00,63.0,57.2804,0.0,0.13385826,0.13385826,9.234909,Moderate rain
3923,2025-09-28 07:00:00+00:00,51.0,57.98915,0.0,0.0118110245,0.0118110245,12.705687,Light drizzle
3924,2025-09-29 07:00:00+00:00,0.0,59.86415,0.0,0.0,0.0,13.923865,Clear sky
3925,2025-09-30 07:00:00+00:00,3.0,59.054153,0.0,0.0,0.0,13.793423,Overcast
3926,2025-10-01 07:00:00+00:00,3.0,57.126648,0.0,0.0,0.0,11.611948,Overcast
3927,2025-10-02 07:00:00+00:00,3.0,58.4879,0.0,0.0,0.0,11.602247,Overcast
3928,2025-10-03 07:00:00+00:00,3.0,58.510395,0.0,0.0,0.0,8.3138485,Overcast
3929,2025-10-04 07:00:00+00:00,3.0,57.617905,0.0,0.0,0.0,6.3439755,Overcast
3930,2025-10-05 07:00:00+00:00,55.0,57.306644,0.0,0.15354331,0.15354331,4.0328093,Dense drizzle
3931,2025-10-06 07:00:00+00:00,53.0,59.729153,0.0,0.027559057,0.027559057,7.467192,Moderate drizzle
3932,2025-10-07 07:00:00+00:00,63.0,54.88414,0.0,0.52362204,0.52362204,13.405679,Moderate rain
3933,2025-10-08 07:00:00+00:00,63.0,49.071644,0.0,0.70866126,0.70866126,13.446677,Moderate rain
3934,2025-10-09 07:00:00+00:00,61.0,48.126648,0.0,0.2047244,0.2047244,10.789323,Slight rain
3935,2025-10-10 07:00:00+00:00,61.0,50.2529,0.0,0.17322832,0.17322832,5.9795313,Slight rain
3936,2025-10-11 07:00:00+00:00,3.0,52.075397,0.0,0.0,0.0,7.618947,Overcast
3937,2025-10-12 07:00:00+00:00,51.0,51.38915,0.0,0.011811024,0.011811024,10.3029585,Light drizzle
3938,2025-10-13 07:00:00+00:00,0.0,53.68791,0.0,0.0,0.0,9.919399,Clear sky
3939,2025-10-14 07:00:00+00:00,55.0,56.00915,0.0,0.14566928,0.14566928,8.767927,Dense drizzle
3940,2025-10-15 07:00:00+00:00,51.0,52.300396,0.0,0.015748031,0.015748031,16.627697,Light drizzle
3941,2025-10-16 07:00:00+00:00,71.0,44.03165,0.05511811,0.31102365,0.30314964,17.178354,Slight snow fall
3942,2025-10-17 07:00:00+00:00,75.0,33.9479,0.88188976,0.12598425,0.0,11.072585,Heavy snow fall
3943,2025-10-18 07:00:00+00:00,73.0,31.221651,0.19291338,0.031496063,0.003937009,15.060345,Moderate snow fall
3944,2025-10-19 07:00:00+00:00,3.0,31.622902,0.0,0.0,0.0,9.46769,Overcast
3945,2025-10-20 07:00:00+00:00,3.0,36.685402,0.0,0.0,0.0,9.2673645,Overcast
3946,2025-10-21 07:00:00+00:00,53.0,42.902897,0.0,0.22047243,0.22047243,9.985393,Moderate drizzle
3947,2025-10-22 07:00:00+00:00,55.0,43.814148,0.0,0.18110235,0.18110235,5.462358,Dense drizzle
3948,2025-10-23 07:00:00+00:00,53.0,41.867897,0.0,0.023622049,0.023622049,8.750073,Moderate drizzle
3949,2025-10-24 07:00:00+00:00,51.0,41.8079,0.0,0.007874016,0.007874016,9.908673,Light drizzle
3950,2025-10-25 07:00:00+00:00,0.0,35.5079,0.0,0.0,0.0,10.065257,Clear sky
3951,2025-10-26 07:00:00+00:00,0.0,34.2029,0.0,0.0,0.0,8.853829,Clear sky
3952,2025-10-27 07:00:00+00:00,2.0,38.267902,0.0,0.0,0.0,10.981824,Partly cloudy
3953,2025-10-28 07:00:00+00:00,3.0,45.3479,0.0,0.0,0.0,13.370638,Overcast
3954,2025-10-29 07:00:00+00:00,3.0,43.637897,0.0,0.0,0.0,6.1690116,Overcast
3955,2025-10-30 07:00:00+00:00,2.0,39.321648,0.0,0.0,0.0,8.249648,Partly cloudy
3956,2025-10-31 07:00:00+00:00,0.0,39.306656,0.0,0.0,0.0,11.4108925,Clear sky
